data;horario;n_da_ocorrencia;tipo_de_ocorrencia;km;trecho;sentido;tipo_de_acidente;automovel;bicicleta;caminhao;moto;onibus;outros;tracao_animal;transporte_de_cargas_especiais;trator_maquinas;utilitarios;ilesos;levemente_feridos;moderadamente_feridos;gravemente_feridos;mortos
02/01/2010;18:52:00;74;sem vitima;529,5;BR-116/RS;Norte;Abalr.Mesmo Sentido;0;0;2;0;0;0;0;0;0;0;2;0;0;0;0
03/01/2010;17:44:00;75;sem vitima;422,6;BR-116/RS;Norte;Saida de Pista;0;0;2;0;2;0;0;0;0;0;57;0;0;0;0
03/01/2010;10:57:00;34;sem vitima;449,2;BR-116/RS;Norte;Abalr.Transversal;0;0;2;0;1;0;0;0;0;0;3;0;0;0;0
03/01/2010;06:02:00;13;sem vitima;35,7;BR-392/RS;Norte;Saida de Pista;1;0;2;0;0;0;0;0;0;0;1;0;0;0;0
03/01/2010;02:33:00;7;sem vitima;42,7;BR-392/RS;Sul;Abalr.Transversal;0;0;2;0;0;0;0;0;0;0;3;0;0;0;0
03/01/2010;19:47:00;98;com vitima;47,2;BR-392/RS;Norte;Colisao Traseira;1;0;2;0;0;0;0;0;0;0;1;0;1;0;0
03/01/2010;19:03:00;91;com vitima;51,3;BR-392/RS;Norte;Colisao Traseira;1;0;2;0;0;0;0;0;0;0;1;0;0;1;1
03/01/2010;12:14:00;48;com vitima;93,7;BR-392/RS;Norte;Tombamento;0;0;2;1;0;0;0;0;0;0;1;1;0;0;0
04/01/2010;07:32:00;14;com vitima;614,6;BR-116/RS;Norte;Saida de Pista;1;0;2;0;0;0;0;0;0;0;1;0;0;1;0
05/01/2010;14:09:00;56;com vitima;37,7;BR-392/RS;Norte;Tombamento;0;0;2;1;1;0;0;0;0;0;1;1;0;0;0
05/01/2010;20:43:00;93;com vitima;3;BR-604/RS;Sul;Outros tipos de acidente;0;0;2;1;0;0;0;0;0;0;0;0;1;0;0
06/01/2010;05:55:00;10;com vitima;122,7;BR-293/RS;Norte;Saida de Pista;1;0;2;0;0;0;0;0;0;0;1;0;1;0;0
06/01/2010;01:11:00;4;sem vitima;99,5;BR-392/RS;Sul;Tombamento;0;0;2;0;0;0;0;0;0;0;3;0;0;0;0
07/01/2010;12:44:00;52;sem vitima;400,5;BR-116/RS;Sul;Saida de Pista;2;0;2;0;0;0;0;0;0;0;3;0;0;0;0
07/01/2010;11:22:00;42;sem vitima;42;BR-392/RS;Norte;Abalr.Mesmo Sentido;1;0;2;0;0;0;0;0;0;0;1;0;0;0;0
07/01/2010;17:02:00;76;sem vitima;507,7;BR-116/RS;Sul;Colisao Traseira;1;0;2;0;0;0;0;0;0;0;2;0;0;0;0
07/01/2010;22:27:00;95;sem vitima;2,9;BR-604/RS;Sul;Colisao com Objeto Fixo;0;0;2;0;0;0;0;0;0;0;2;0;0;0;0
08/01/2010;16:06:00;65;sem vitima;28,2;BR-293/RS;Norte;Saida de Pista;1;0;2;0;0;0;0;0;0;0;4;0;0;0;0
08/01/2010;22:03:00;93;com vitima;467,4;BR-116/RS;Norte;Saida de Pista;1;0;2;0;0;0;0;0;0;0;1;0;0;0;1
08/01/2010;14:15:00;53;com vitima;112,6;BR-392/RS;Norte;Saida de Pista;1;0;2;0;0;0;0;0;0;0;3;0;1;0;0
09/01/2010;06:22:00;13;com vitima;4,4;BR-392/RS;Norte;Atropelamento de Animal;0;0;2;1;0;0;0;0;0;0;0;0;0;1;0
10/01/2010;12:36:00;44;com vitima;504,8;BR-116/RS;Norte;Saida de Pista;2;0;2;0;0;0;0;0;0;0;0;2;0;0;0
10/01/2010;05:24:00;13;com vitima;555,5;BR-116/RS;Norte;Saida de Pista;0;0;2;0;0;0;0;0;0;0;0;1;0;0;0
10/01/2010;19:54:00;87;sem vitima;119,8;BR-392/RS;Sul;Saida de Pista;0;0;2;0;0;0;0;0;0;0;2;0;0;0;0
10/01/2010;11:55:00;39;com vitima;568;BR-116/RS;Norte;Saida de Pista;1;0;2;0;0;0;0;0;0;0;1;0;1;0;0
10/01/2010;04:39:00;12;com vitima;585,5;BR-116/RS;Norte;Atropelamento de Animal;3;0;2;0;0;0;0;0;0;0;0;0;1;3;3
11/01/2010;20:43:00;83;com vitima;24,3;BR-392/RS;Sul;Atropelamento de Animal;0;0;2;0;0;0;0;0;0;0;0;1;1;0;0
11/01/2010;03:21:00;7;com vitima;527,6;BR-116/RS;Norte;Saida de Pista;1;0;2;0;0;0;0;0;0;0;2;1;0;0;0
11/01/2010;17:39:00;59;com vitima;109,2;BR-392/RS;Sul;Abalr.Transversal;1;0;2;1;0;0;0;0;0;0;3;0;1;0;0
11/01/2010;05:57:00;10;sem vitima;557,1;BR-116/RS;Norte;Atropelamento;0;0;2;0;0;0;0;0;0;0;1;0;0;0;0
11/01/2010;09:29:00;18;com vitima;568,3;BR-116/RS;Norte;Capotamento;2;0;2;0;0;0;0;0;0;0;1;0;1;0;0
12/01/2010;11:49:00;40;com vitima;22;BR-392/RS;Sul;Colisao Traseira;0;0;2;1;0;0;0;0;0;0;1;1;0;0;0
12/01/2010;09:26:00;26;com vitima;517;BR-116/RS;Norte;Abalr.Transversal;0;0;2;0;0;0;0;0;0;0;0;1;0;0;0
13/01/2010;19:24:00;97;sem vitima;400,5;BR-116/RS;Norte;Tombamento;1;0;2;0;0;0;0;0;0;0;1;0;0;0;0
13/01/2010;14:57:00;70;sem vitima;52,3;BR-392/RS;Norte;Abalr.Mesmo Sentido;1;0;2;0;0;0;0;0;0;0;4;0;0;0;0
13/01/2010;14:52:00;69;com vitima;60,1;BR-392/RS;Sul;Colisao Traseira;1;0;2;0;0;0;0;0;0;0;2;2;0;0;0
14/01/2010;11:21:00;37;sem vitima;75;BR-392/RS;Sul;Outros tipos de acidente;0;0;2;0;0;0;0;0;0;0;1;0;0;0;0
16/01/2010;15:01:00;49;com vitima;435,3;BR-116/RS;Sul;Saida de Pista;0;0;2;0;0;0;0;0;0;0;3;0;1;1;0
16/01/2010;19:26:00;76;com vitima;36,4;BR-293/RS;Norte;Abalr.Transversal;1;0;2;0;0;0;0;0;0;0;0;0;0;1;0
16/01/2010;14:55:00;48;com vitima;86,8;BR-293/RS;Norte;Saida de Pista;0;0;2;0;0;0;0;0;0;0;1;0;0;0;1
16/01/2010;11:05:00;31;sem vitima;519,9;BR-116/RS;Norte;Saida de Pista;1;0;2;0;0;0;0;0;0;0;1;0;0;0;0
16/01/2010;12:14:00;37;com vitima;151,9;BR-293/RS;Norte;Colisao com Objeto Fixo;0;0;2;1;0;0;0;0;0;0;0;0;0;1;0
16/01/2010;21:43:00;87;sem vitima;84,3;BR-392/RS;Sul;Colisao Frontal;1;0;2;0;0;0;0;0;0;0;2;0;0;0;0
16/01/2010;10:22:00;28;sem vitima;116;BR-392/RS;Norte;Saida de Pista;1;0;2;0;0;0;0;0;0;0;3;0;0;0;0
16/01/2010;10:42:00;29;com vitima;117,6;BR-392/RS;Sul;Saida de Pista;0;0;2;1;0;0;0;0;0;0;0;1;0;0;0
17/01/2010;19:42:00;74;sem vitima;411,4;BR-116/RS;Sul;Saida de Pista;1;0;2;0;0;0;0;0;0;0;4;0;0;0;0
17/01/2010;07:39:00;16;com vitima;14,9;BR-293/RS;Norte;Abalr.Transversal;0;0;2;1;0;0;0;0;0;0;0;0;1;1;0
17/01/2010;12:06:00;29;com vitima;455,9;BR-116/RS;Norte;Colisao com Objeto Fixo;2;0;0;0;0;0;0;0;0;0;1;2;0;0;0
17/01/2010;11:25:00;22;com vitima;26,1;BR-392/RS;Sul;Tombamento;1;0;0;0;0;0;0;0;0;0;0;0;1;0;0
17/01/2010;23:40:00;94;com vitima;29,6;BR-392/RS;Norte;Atropelamento;0;0;0;0;0;0;0;0;0;0;1;0;0;0;1
17/01/2010;03:26:00;10;sem vitima;39,4;BR-392/RS;Sul;Saida de Pista;1;0;0;0;0;0;0;0;0;0;2;0;0;0;0
18/01/2010;06:49:00;12;sem vitima;402;BR-116/RS;Sul;Atropelamento de Animal;0;0;0;0;0;0;0;0;0;0;3;0;0;0;0
18/01/2010;20:29:00;101;sem vitima;42,2;BR-392/RS;Sul;Colisao Traseira;0;0;0;0;0;0;0;0;0;0;1;0;0;0;0
18/01/2010;21:44:00;106;com vitima;538,3;BR-116/RS;Norte;Colisao Traseira;1;0;0;1;0;0;0;0;0;0;4;1;0;0;0
19/01/2010;14:43:00;59;com vitima;433,4;BR-116/RS;Sul;Saida de Pista;1;0;0;1;0;0;0;0;0;0;1;1;0;0;0
19/01/2010;11:46:00;46;sem vitima;461,8;BR-116/RS;Sul;Abalr.Sentido Oposto;2;0;0;0;0;0;0;0;0;0;3;0;0;0;0
19/01/2010;23:44:00;105;sem vitima;526,8;BR-116/RS;Norte;Abalr.Mesmo Sentido;0;0;0;0;0;0;0;0;0;0;1;0;0;0;0
19/01/2010;15:03:00;60;com vitima;123,2;BR-392/RS;Norte;Saida de Pista;1;0;0;1;0;0;0;0;0;0;1;0;1;0;0
19/01/2010;08:43:00;26;com vitima;141,9;BR-392/RS;Sul;Saida de Pista;1;0;0;0;0;0;0;0;0;0;2;2;0;0;0
20/01/2010;01:56:00;5;com vitima;26,6;BR-392/RS;Sul;Tombamento;1;0;0;0;0;0;0;0;0;0;0;1;2;0;0
21/01/2010;23:41:00;97;com vitima;62;BR-392/RS;Sul;Atropelamento de Animal;0;0;0;0;0;0;0;0;0;0;1;0;0;1;0
22/01/2010;17:35:00;92;com vitima;406,4;BR-116/RS;Sul;Saida de Pista;2;0;0;0;0;0;0;0;0;0;2;1;1;0;0
22/01/2010;04:37:00;12;com vitima;421;BR-116/RS;Sul;Tombamento;1;0;0;0;0;0;0;0;0;0;0;1;0;0;0
22/01/2010;19:06:00;104;com vitima;430,6;BR-116/RS;Norte;Colisao Traseira;0;0;0;0;0;0;0;0;0;0;0;0;1;0;0
22/01/2010;08:50:00;21;sem vitima;15,6;BR-293/RS;Norte;Abalr.Transversal;2;0;0;0;0;0;0;0;0;0;4;0;0;0;0
22/01/2010;08:04:00;18;com vitima;24,8;BR-392/RS;Norte;Atropelamento de Animal;0;0;0;0;0;0;0;0;0;0;1;0;0;0;1
22/01/2010;22:58:00;120;sem vitima;45,9;BR-392/RS;Norte;Atropelamento de Animal;1;0;0;0;0;0;0;0;0;0;2;0;0;0;0
22/01/2010;09:57:00;31;com vitima;112,1;BR-392/RS;Sul;Tombamento;1;0;0;0;0;0;0;0;0;0;1;0;0;0;1
22/01/2010;18:32:00;100;sem vitima;599,4;BR-116/RS;Sul;Colisao Traseira;1;0;0;0;0;0;0;0;0;0;2;0;0;0;0
23/01/2010;11:51:00;42;com vitima;626,3;BR-116/RS;Sul;Saida de Pista;1;0;0;0;0;0;0;0;0;0;3;0;4;0;0
25/01/2010;01:55:00;8;com vitima;428;BR-116/RS;Sul;Abalr.Transversal;0;0;0;1;0;0;0;0;0;0;0;1;0;0;0
25/01/2010;15:01:00;72;com vitima;144,4;BR-392/RS;Norte;Saida de Pista;1;0;0;0;0;0;0;0;0;0;1;1;0;0;0
26/01/2010;09:10:00;22;sem vitima;15,5;BR-293/RS;Norte;Abalr.Transversal;1;0;0;0;0;0;0;0;0;0;1;0;0;0;0
26/01/2010;21:57:00;93;com vitima;102,7;BR-392/RS;Norte;Saida de Pista;1;0;0;1;0;0;0;0;0;0;3;0;1;0;0
26/01/2010;16:46:00;65;sem vitima;108,3;BR-392/RS;Norte;Saida de Pista;2;0;0;0;0;0;0;0;0;0;2;0;0;0;0
27/01/2010;14:50:00;59;com vitima;523,5;BR-116/RS;Sul;Colisao Traseira;0;0;0;1;0;0;0;0;0;0;0;0;1;0;0
27/01/2010;09:29:00;26;com vitima;118,5;BR-392/RS;Sul;Colisao com Objeto Fixo;1;0;0;0;0;0;0;0;0;0;2;1;0;0;0
28/01/2010;13:26:00;54;com vitima;440,6;BR-116/RS;Sul;Saida de Pista;1;0;0;1;0;0;0;0;0;0;1;1;0;0;0
28/01/2010;18:52:00;82;com vitima;178,2;BR-392/RS;Norte;Saida de Pista;0;0;0;1;0;0;0;0;0;0;1;0;0;0;1
30/01/2010;10:50:00;27;sem vitima;53,1;BR-392/RS;Norte;Colisao Traseira;1;0;0;0;0;0;0;0;0;0;3;0;0;0;0
30/01/2010;16:33:00;62;sem vitima;4,9;BR-604/RS;Sul;Colisao Traseira;0;0;0;0;0;0;0;0;0;0;1;0;0;0;0
31/01/2010;12:52:00;46;com vitima;1,2;BR-392/RS;Sul;Colisao Frontal;2;0;0;0;0;0;0;0;0;0;3;1;0;0;0
31/01/2010;18:51:00;85;com vitima;525,2;BR-116/RS;Norte;Abalr.Transversal;1;0;0;0;0;0;0;0;0;0;0;1;0;0;0
31/01/2010;00:16:00;1;com vitima;119,7;BR-392/RS;Norte;Colisao com Objeto Fixo;1;0;0;0;0;0;0;0;0;0;0;1;1;0;0
01/02/2010;14:36:00;66;com vitima;141,8;BR-392/RS;Norte;Saida de Pista;0;0;0;1;0;0;0;0;0;0;1;1;0;0;0
02/02/2010;05:48:00;17;sem vitima;523,9;BR-116/RS;Norte;Abalr.Sentido Oposto;1;0;0;0;0;0;0;0;0;0;1;0;0;0;0
02/02/2010;07:12:00;20;com vitima;526;BR-116/RS;Sul;Saida de Pista;1;0;0;0;0;0;0;0;0;0;2;1;0;0;0
04/02/2010;04:49:00;14;sem vitima;55,5;BR-293/RS;Norte;Saida de Pista;0;0;0;0;0;0;0;0;0;0;2;0;0;0;0
04/02/2010;12:17:00;46;com vitima;120,4;BR-293/RS;Norte;Saida de Pista;0;0;0;1;0;0;0;0;0;0;1;0;0;1;0
04/02/2010;06:18:00;16;com vitima;621,4;BR-116/RS;Sul;Colisao com Objeto Fixo;0;0;0;0;1;0;0;0;0;0;1;0;1;0;0
04/02/2010;02:37:00;6;sem vitima;655,1;BR-116/RS;Norte;Colisao Traseira;1;0;0;0;0;0;0;0;0;0;1;0;0;0;0
05/02/2010;19:33:00;95;com vitima;480,9;BR-116/RS;Sul;Saida de Pista;1;0;0;0;0;0;0;0;0;0;0;2;0;0;0
05/02/2010;02:11:00;7;com vitima;54,6;BR-293/RS;Norte;Saida de Pista;1;0;0;0;0;0;0;0;0;0;1;0;1;0;0
05/02/2010;07:26:00;13;sem vitima;523,9;BR-116/RS;Norte;Colisao Traseira;0;0;0;0;0;0;0;0;0;0;1;0;0;0;0
05/02/2010;18:39:00;89;sem vitima;527,2;BR-116/RS;Sul;Saida de Pista;1;0;0;0;0;0;;0;0;0;2;0;0;0;0
06/02/2010;14:31:00;50;com vitima;581,1;BR-116/RS;Norte;Colisao Traseira;1;0;0;0;0;0;;0;0;0;0;2;0;0;0
07/02/2010;05:01:00;13;com vitima;29,8;BR-293/RS;Norte;Saida de Pista;0;0;0;1;0;0;0;0;0;0;0;0;1;0;0
07/02/2010;19:38:00;84;sem vitima;2;BR-604/RS;Sul;Colisao Traseira;0;0;0;0;0;0;0;0;0;0;1;0;0;0;0
07/02/2010;20:12:00;88;com vitima;61,1;BR-392/RS;Sul;Tombamento;1;0;0;0;0;0;0;0;0;0;2;0;0;1;0
07/02/2010;18:27:00;76;com vitima;528,5;BR-116/RS;Norte;Abalr.Transversal;1;0;0;0;0;0;0;0;0;0;0;1;0;0;0
07/02/2010;21:27:00;96;sem vitima;580,8;BR-116/RS;Sul;Atropelamento;1;0;0;0;0;0;0;0;0;0;5;0;0;0;0
08/02/2010;11:02:00;55;com vitima;1;BR-604/RS;Sul;Tombamento;0;0;0;1;0;0;0;0;0;0;0;1;0;0;0
08/02/2010;21:46:00;111;com vitima;26,1;BR-293/RS;Norte;Tombamento;1;0;0;0;0;0;0;0;0;0;0;1;0;0;0
08/02/2010;20:53:00;106;sem vitima;520,8;BR-116/RS;Norte;Abalr.Transversal;2;1;0;0;0;0;0;0;0;0;4;0;0;0;0
08/02/2010;11:04:00;56;com vitima;613,4;BR-116/RS;Sul;Colisao Traseira;1;0;0;0;0;0;0;0;0;0;0;1;0;0;0
09/02/2010;16:58:00;68;com vitima;36,7;BR-392/RS;Norte;Colisao Frontal;0;0;0;1;0;0;0;0;0;0;0;0;0;2;0
09/02/2010;12:16:00;40;com vitima;52,5;BR-392/RS;Norte;Abalr.Mesmo Sentido;1;0;0;0;0;0;0;0;0;0;0;0;4;0;0
09/02/2010;15:34:00;60;sem vitima;518,8;BR-116/RS;Norte;Outros tipos de acidente;1;0;0;0;0;0;0;0;0;0;1;0;0;0;0
09/02/2010;18:01:00;72;sem vitima;161,7;BR-293/RS;Norte;Colisao Traseira;0;0;0;0;0;0;0;0;0;0;1;0;0;0;0
09/02/2010;05:56:00;15;com vitima;548,5;BR-116/RS;Sul;Atropelamento de Animal;1;0;0;0;0;0;0;0;0;0;0;1;0;0;0
09/02/2010;07:03:00;18;com vitima;150,1;BR-392/RS;Norte;Saida de Pista;1;0;0;0;0;0;0;0;0;0;0;2;2;2;0
10/02/2010;14:07:00;64;com vitima;36;BR-392/RS;Sul;Outros tipos de acidente;0;0;0;1;0;0;0;0;0;0;0;0;0;1;0
10/02/2010;17:19:00;81;sem vitima;61,9;BR-293/RS;Norte;Saida de Pista;1;0;0;0;0;0;0;0;0;0;2;0;0;0;0
10/02/2010;16:24:00;77;com vitima;88,5;BR-392/RS;Norte;Abalr.Sentido Oposto;1;0;0;0;0;0;0;0;0;0;0;2;0;0;0
11/02/2010;08:12:00;26;sem vitima;26,8;BR-392/RS;Sul;Colisao Traseira;1;0;0;0;0;0;0;0;0;0;2;0;0;0;0
11/02/2010;00:09:00;2;sem vitima;621,6;BR-116/RS;Sul;Atropelamento de Animal;2;0;0;0;0;0;0;0;0;0;3;0;0;0;0
12/02/2010;16:29:00;79;sem vitima;436,3;BR-116/RS;Norte;Saida de Pista;1;0;0;0;0;0;0;0;0;0;4;0;0;0;0
12/02/2010;18:36:00;95;com vitima;60,5;BR-392/RS;Sul;Colisao Traseira;0;0;0;0;0;0;0;0;0;0;2;1;0;0;0
12/02/2010;22:04:00;121;com vitima;525,4;BR-116/RS;Sul;Tombamento;0;0;0;0;0;0;0;0;0;0;0;0;1;0;0
12/02/2010;09:18:00;36;sem vitima;528,8;BR-116/RS;Norte;Colisao Traseira;0;0;0;0;0;0;0;0;0;0;2;0;0;0;0
12/02/2010;15:35:00;76;com vitima;101,4;BR-392/RS;Sul;Abalr.Transversal;1;0;0;0;1;0;0;0;0;0;7;1;0;0;0
13/02/2010;14:41:00;52;sem vitima;29;BR-392/RS;Sul;Tombamento;0;0;0;0;0;0;0;0;0;0;2;0;0;0;0
13/02/2010;10:18:00;28;com vitima;53,6;BR-392/RS;Sul;Colisao Traseira;1;0;0;0;0;0;0;0;0;0;2;1;0;0;0
13/02/2010;03:27:00;10;sem vitima;541,3;BR-116/RS;Sul;Atropelamento de Animal;1;0;0;0;0;0;0;0;0;0;1;0;0;0;0
14/02/2010;06:03:00;16;com vitima;14;BR-293/RS;Norte;Colisao Frontal;1;0;0;0;0;0;0;0;0;0;0;2;1;0;0
14/02/2010;16:14:00;57;sem vitima;17,4;BR-293/RS;Norte;Saida de Pista;2;0;0;0;0;0;0;0;0;0;3;0;0;0;0
14/02/2010;21:46:00;93;com vitima;34;BR-293/RS;Norte;Atropelamento de Animal;1;0;0;0;0;0;0;0;0;0;1;0;1;0;0
14/02/2010;21:40:00;92;sem vitima;511,5;BR-116/RS;Norte;Colisao Traseira;0;0;0;0;0;0;0;0;0;0;1;0;0;0;0
14/02/2010;20:38:00;85;sem vitima;520,9;BR-116/RS;Sul;Abalr.Transversal;1;0;0;0;0;0;0;0;0;0;1;0;0;0;0
15/02/2010;12:05:00;45;com vitima;54,5;BR-392/RS;Norte;Saida de Pista;1;0;0;0;0;0;0;0;0;0;2;0;1;0;0
16/02/2010;21:01:00;99;sem vitima;9,2;BR-392/RS;Norte;Colisao Traseira;0;0;0;0;0;0;0;0;0;0;1;0;0;0;0
16/02/2010;17:32:00;78;com vitima;59,9;BR-392/RS;Norte;Colisao Traseira;1;0;0;1;0;0;0;0;0;0;2;0;2;0;0
16/02/2010;16:40:00;71;sem vitima;118,5;BR-392/RS;Sul;Colisao com Objeto Fixo;0;0;0;0;0;0;0;0;0;0;2;0;0;0;0
17/02/2010;14:55:00;66;com vitima;7,1;BR-392/RS;Norte;Tombamento;1;0;0;0;0;0;0;0;0;0;2;1;0;0;0
17/02/2010;16:37:00;69;com vitima;431;BR-116/RS;Norte;Saida de Pista;1;0;0;0;0;0;0;0;0;0;1;0;0;0;2
17/02/2010;19:00:00;86;com vitima;12,5;BR-392/RS;Norte;Colisao Traseira;1;0;0;0;1;0;0;0;0;0;1;0;1;0;0
17/02/2010;06:58:00;14;com vitima;588,5;BR-116/RS;Norte;Colisao Traseira;1;0;0;0;0;0;0;0;0;0;0;0;1;0;1
19/02/2010;07:49:00;13;sem vitima;438;BR-116/RS;Norte;Saida de Pista;2;0;0;0;0;0;0;0;0;0;4;0;0;0;0
20/02/2010;23:40:00;105;com vitima;14,3;BR-293/RS;Norte;Abalr.Sentido Oposto;1;0;0;0;0;0;0;0;0;0;1;0;0;1;2
20/02/2010;22:51:00;103;com vitima;16,7;BR-392/RS;Sul;Tombamento;1;0;0;1;0;0;0;0;0;0;4;0;1;0;0
20/02/2010;05:40:00;15;sem vitima;122,5;BR-293/RS;Norte;Saida de Pista;0;0;0;0;0;0;0;0;0;0;1;0;0;0;0
20/02/2010;19:40:00;88;com vitima;556,8;BR-116/RS;Norte;Tombamento;0;0;0;0;0;0;0;0;0;0;0;1;0;0;0
21/02/2010;17:41:00;84;com vitima;171,1;BR-392/RS;Sul;Saida de Pista;3;0;0;0;0;0;0;0;0;0;11;1;0;0;0
22/02/2010;03:53:00;13;com vitima;26,4;BR-392/RS;Sul;Saida de Pista;1;0;0;1;0;0;;0;0;0;1;1;0;0;0
22/02/2010;17:32:00;91;sem vitima;26,5;BR-392/RS;Sul;Tombamento;1;0;0;0;0;0;;0;0;0;1;0;0;0;0
22/02/2010;23:06:00;116;sem vitima;65,3;BR-392/RS;Norte;Atropelamento de Animal;1;0;0;0;0;0;;0;0;0;2;0;0;0;0
22/02/2010;00:02:00;1;sem vitima;66,9;BR-392/RS;Sul;Saida de Pista;1;0;0;0;0;0;;0;0;0;3;0;0;0;0
22/02/2010;17:24:00;88;sem vitima;151,8;BR-293/RS;Norte;Saida de Pista;1;0;0;0;0;0;;0;0;0;1;0;0;0;0
22/02/2010;00:18:00;2;sem vitima;99,5;BR-392/RS;Sul;Tombamento;0;0;0;0;0;0;;0;0;0;2;0;0;0;0
22/02/2010;10:17:00;42;sem vitima;599,7;BR-116/RS;Sul;Saida de Pista;0;0;1;0;0;0;0;0;0;0;1;0;0;0;0
24/02/2010;18:32:00;83;sem vitima;404,3;BR-116/RS;Sul;Abalr.Mesmo Sentido;0;0;1;0;0;0;0;0;0;0;2;0;0;0;0
25/02/2010;12:31:00;48;sem vitima;458;BR-116/RS;Sul;Atropelamento de Animal;0;0;1;0;0;0;0;0;0;0;2;0;0;0;0
25/02/2010;04:59:00;15;com vitima;459,5;BR-116/RS;Norte;Atropelamento de Animal;0;0;1;1;0;0;0;0;0;0;1;1;0;0;0
27/02/2010;06:27:00;15;com vitima;26,5;BR-392/RS;Sul;Abalr.Mesmo Sentido;1;0;1;0;0;0;0;0;0;0;2;0;2;0;0
28/02/2010;03:37:00;10;com vitima;26,5;BR-392/RS;Sul;Saida de Pista;1;0;1;0;0;0;0;0;0;0;1;1;0;0;0
28/02/2010;14:48:00;51;sem vitima;51,3;BR-392/RS;Norte;Abalr.Sentido Oposto;0;0;1;0;0;0;0;0;0;0;2;0;0;0;0
28/02/2010;16:05:00;60;com vitima;81;BR-293/RS;Norte;Saida de Pista;1;0;1;0;0;0;0;0;0;0;0;0;1;0;0
01/03/2010;01:50:00;8;sem vitima;76,6;BR-293/RS;Norte;Saida de Pista;0;0;1;0;0;0;0;0;0;0;1;0;0;0;0
01/03/2010;20:10:00;98;sem vitima;521,4;BR-116/RS;Norte;Atropelamento de Animal;0;0;1;0;0;0;0;0;0;0;1;0;0;0;0
04/03/2010;14:23:00;58;com vitima;27,6;BR-392/RS;Norte;Abalr.Transversal;0;0;1;0;0;0;0;0;0;0;0;0;1;1;0
04/03/2010;18:33:00;85;com vitima;117,6;BR-392/RS;Norte;Saida de Pista;2;0;1;0;0;0;0;0;0;0;0;3;0;0;0
04/03/2010;15:55:00;63;com vitima;602,5;BR-116/RS;Sul;Saida de Pista;2;0;1;0;0;0;0;0;0;0;0;3;6;0;0
05/03/2010;16:17:00;77;sem vitima;1,4;BR-392/RS;Sul;Colisao Traseira;1;0;1;0;0;0;0;0;0;0;1;0;0;0;0
05/03/2010;06:52:00;11;com vitima;7,1;BR-392/RS;Norte;Saida de Pista;0;0;1;1;0;0;0;0;0;0;0;0;2;0;0
05/03/2010;20:52:00;105;com vitima;104,6;BR-293/RS;Norte;Saida de Pista;1;0;1;0;0;0;0;0;0;0;0;2;0;0;0
06/03/2010;11:01:00;44;sem vitima;49,3;BR-392/RS;Norte;Colisao Traseira;1;0;1;0;0;0;0;0;0;0;3;0;0;0;0
06/03/2010;02:55:00;11;sem vitima;50,2;BR-392/RS;Norte;Saida de Pista;1;0;1;0;0;0;0;0;0;0;5;0;0;0;0
07/03/2010;02:24:00;10;sem vitima;22;BR-392/RS;Norte;Saida de Pista;1;0;1;0;0;0;0;0;0;0;4;0;0;0;0
07/03/2010;18:44:00;78;sem vitima;30,2;BR-392/RS;Sul;Abalr.Mesmo Sentido;2;0;1;0;0;0;0;0;0;0;4;0;0;0;0
09/03/2010;08:24:00;21;com vitima;433,7;BR-116/RS;Sul;Saida de Pista;0;0;1;1;0;0;0;0;0;0;0;0;1;0;0
09/03/2010;20:49:00;94;sem vitima;193,9;BR-392/RS;Sul;Tombamento;1;0;1;0;0;0;0;0;0;0;2;0;0;0;0
10/03/2010;16:11:00;64;sem vitima;108,5;BR-392/RS;Norte;Outros tipos de acidente;0;0;1;0;0;0;0;0;0;0;1;0;0;0;0
10/03/2010;05:16:00;13;sem vitima;134,5;BR-392/RS;Norte;Colisao Traseira;0;0;1;0;0;0;0;0;0;0;1;0;0;0;0
11/03/2010;18:24:00;102;com vitima;107,4;BR-392/RS;Sul;Abalr.Mesmo Sentido;1;0;1;0;0;0;0;0;0;0;3;0;1;0;0
12/03/2010;15:56:00;89;com vitima;10,1;BR-392/RS;Sul;Colisao Traseira;2;0;1;0;0;0;0;0;0;0;0;0;0;1;2
12/03/2010;11:38:00;58;sem vitima;464,7;BR-116/RS;Norte;Abalr.Transversal;1;0;1;0;0;0;0;0;0;0;3;0;0;0;0
12/03/2010;06:39:00;12;com vitima;48,4;BR-293/RS;Norte;Saida de Pista;0;0;1;0;0;0;0;0;0;0;1;0;4;0;0
12/03/2010;19:39:00;120;sem vitima;53,6;BR-293/RS;Norte;Colisao Traseira;1;0;1;0;0;0;0;0;0;0;2;0;0;0;0
12/03/2010;21:17:00;131;sem vitima;523,3;BR-116/RS;Norte;Abalr.Transversal;1;0;1;0;0;0;0;0;0;0;1;0;0;0;0
13/03/2010;00:04:00;1;com vitima;428,9;BR-116/RS;Norte;Atropelamento;1;0;1;0;0;0;0;0;0;0;1;1;0;0;0
13/03/2010;13:40:00;65;com vitima;82,9;BR-392/RS;Sul;Saida de Pista;0;0;1;0;0;0;0;0;0;0;0;1;0;0;0
13/03/2010;13:13:00;62;com vitima;120,7;BR-392/RS;Norte;Abalr.Transversal;0;0;1;1;0;0;0;0;0;0;0;1;0;0;0
13/03/2010;23:15:00;112;sem vitima;603,8;BR-116/RS;Sul;Atropelamento de Animal;0;0;1;0;0;0;0;0;0;0;4;0;0;0;0
14/03/2010;04:50:00;14;com vitima;23,5;BR-392/RS;Sul;Abalr.Sentido Oposto;1;0;1;0;0;0;0;0;0;0;1;1;2;0;0