data;horario;n_da_ocorrencia;tipo_de_ocorrencia;km;trecho;sentido;tipo_de_acidente;automovel;bicicleta;caminhao;moto;onibus;outros;tracao_animal;transporte_de_cargas_especiais;trator_maquinas;utilitarios;ilesos;levemente_feridos;moderadamente_feridos;gravemente_feridos;mortos
07/10/2010;06:29:00;12;sem vitima;450,8;BR-116/RS;Norte;Colisao Frontal;0;0;1;0;0;0;;;;;2;0;0;0;0
07/10/2010;19:34:00;77;com vitima;26,5;BR-392/RS;Sul;Saida de Pista;0;0;0;1;0;0;;;;;1;1;0;0;0
07/10/2010;15:00:00;54;com vitima;64,1;BR-293/RS;Norte;Saida de Pista;1;0;0;1;0;0;;;;;1;0;1;0;0
07/10/2010;09:15:00;21;sem vitima;52,8;BR-392/RS;Sul;Saida de Pista;0;0;1;0;0;0;;;;;1;0;0;0;0
07/10/2010;13:29:00;48;com vitima;71,3;BR-392/RS;Sul;Colisao com Objeto Fixo;0;0;2;0;0;0;;;;;0;1;0;0;0
08/10/2010;16:30:00;76;com vitima;493,5;BR-116/RS;Norte;Outros Tipos de Acidente;0;1;1;0;0;0;;;;;1;1;0;0;0
08/10/2010;20:42:00;103;com vitima;123,2;BR-293/RS;Norte;Capotamento;0;0;1;0;0;0;;;;;0;1;0;0;0
08/10/2010;02:12:00;10;sem vitima;525,9;BR-116/RS;Norte;Abalroamento Transversal;0;0;2;0;0;0;;;;;3;0;0;0;0
08/10/2010;00:22:00;22;sem vitima;83,1;BR-392/RS;Norte;Colisao Frontal;1;0;0;0;0;0;;;;;1;0;0;0;0
08/10/2010;19:14:00;96;com vitima;93;BR-392/RS;Sul;Colisao Traseira;1;0;0;0;0;0;;;;;0;0;0;1;0
08/10/2010;13:44:00;62;sem vitima;124,9;BR-392/RS;Sul;Abalroamento Transversal;1;0;0;0;0;0;;;;;2;0;0;0;0
09/10/2010;09:37:00;24;com vitima;46,1;BR-293/RS;Norte;Outros Tipos de Acidente;1;0;0;0;0;0;;;;;0;1;0;0;0
09/10/2010;11:54:00;37;com vitima;530,8;BR-116/RS;Sul;Colisao Frontal;0;0;0;1;0;0;;;;;0;1;0;0;0
11/10/2010;16:08:00;67;com vitima;27,1;BR-392/RS;Sul;Tombamento;1;0;0;0;0;0;;;;;2;1;0;0;1
11/10/2010;17:03:00;72;sem vitima;2,3;BR-604/RS;Sul;Abalroamento no Mesmo Sentido;1;0;0;0;0;0;;;;;2;0;0;0;0
11/10/2010;19:33:00;88;com vitima;522,2;BR-116/RS;Norte;Colisao Traseira;1;0;0;0;0;0;;;;;0;2;0;0;0
11/10/2010;16:01:00;65;com vitima;563,4;BR-116/RS;Norte;Abalroamento Transversal;0;0;0;1;0;0;;;;;0;2;0;0;0
12/10/2010;18:03:00;68;sem vitima;530,8;BR-116/RS;Norte;Atropelamento de Animal;1;0;0;0;0;0;;;;;1;0;0;0;0
12/10/2010;23:48:00;101;sem vitima;117,3;BR-392/RS;Sul;Saida de Pista;1;0;0;0;0;0;;;;;1;0;0;0;0
13/10/2010;17:21:00;71;com vitima;20,6;BR-392/RS;Sul;Colisao Traseira;1;1;0;0;0;0;;;;;4;0;0;1;0
13/10/2010;08:58:00;21;com vitima;57,5;BR-392/RS;Sul;Saida de Pista;1;0;0;0;0;0;;;;;0;1;0;0;0
13/10/2010;16:17:00;64;com vitima;58;BR-392/RS;Sul;Colisao Traseira;1;0;1;0;0;0;;;;;3;1;0;0;0
15/10/2010;11:05:00;32;com vitima;448,6;BR-116/RS;Sul;Colisao Traseira;0;0;0;1;0;0;;;;;0;1;0;0;0
16/10/2010;20:26:00;91;com vitima;2,2;BR-392/RS;Norte;Tombamento;1;0;1;0;0;0;;;;;2;0;0;1;0
16/10/2010;02:20:00;10;sem vitima;119,7;BR-392/RS;Sul;Saida de Pista;0;0;3;0;0;0;;;;;2;0;0;0;0
17/10/2010;21:21:00;72;sem vitima;39;BR-392/RS;Norte;Abalroamento no Mesmo Sentido;2;0;0;0;0;0;;;;;4;0;0;0;0
17/10/2010;19:15:00;58;sem vitima;525,5;BR-116/RS;Sul;Atropelamento;1;0;1;0;0;0;;;;;4;0;0;0;0
18/10/2010;13:23:00;51;com vitima;463,9;BR-116/RS;Norte;Saida de Pista;0;1;1;0;0;0;;;;;1;1;0;0;0
18/10/2010;16:15:00;61;sem vitima;24,5;BR-392/RS;Sul;Abalroamento no Mesmo Sentido;1;0;1;0;0;0;;;;;2;0;0;0;0
18/10/2010;01:40:00;9;sem vitima;516,9;BR-116/RS;Norte;Atropelamento;1;0;0;0;0;0;;;;;1;0;0;0;0
20/10/2010;07:48:00;20;com vitima;5,4;BR-392/RS;Norte;Colisao com Objeto Fixo;1;0;0;0;0;0;;;;;1;0;1;0;0
20/10/2010;13:58:00;68;sem vitima;510,7;BR-116/RS;Sul;Abalroamento Transversal;0;0;1;0;0;0;;;;;1;0;0;0;0
21/10/2010;07:41:00;27;com vitima;12;BR-293/RS;Norte;Colisao Traseira;1;0;0;0;0;0;;;;;0;4;0;0;0
21/10/2010;06:54:00;22;com vitima;2,5;BR-392/RS;Norte;Saida de Pista;1;0;0;0;0;0;;;;;1;1;0;0;0
21/10/2010;04:52:00;14;com vitima;7,2;BR-392/RS;Norte;Colisao com Objeto Fixo;1;0;0;0;0;0;;;;;0;0;2;0;0
21/10/2010;07:53:00;28;com vitima;16;BR-392/RS;Norte;Saida de Pista;2;0;0;0;0;0;;;;;4;0;1;0;0
21/10/2010;12:42:00;60;com vitima;137,2;BR-293/RS;Norte;Abalroamento Transversal;1;0;2;0;0;0;;;;;1;1;1;0;0
21/10/2010;19:49:00;96;sem vitima;105;BR-392/RS;Norte;Outros Tipos de Acidente;1;0;0;0;0;0;;;;;1;0;0;0;0
21/10/2010;20:22:00;98;com vitima;129,5;BR-392/RS;Norte;Abalroamento Transversal;0;0;0;2;0;0;;;;;2;1;0;0;0
21/10/2010;20:53:00;101;com vitima;643;BR-116/RS;Sul;Colisao com Objeto Fixo;0;0;0;1;0;0;;;;;0;1;0;0;0
22/10/2010;08:38:00;20;com vitima;15,5;BR-293/RS;Norte;Abalroamento Sentido Oposto;0;0;0;0;1;0;;;;;2;1;0;0;0
22/10/2010;07:23:00;13;com vitima;32;BR-392/RS;Norte;Outros Tipos de Acidente;1;0;0;0;0;0;;;;;0;6;0;0;0
22/10/2010;03:37:00;7;com vitima;55,5;BR-392/RS;Norte;Abalroamento no Mesmo Sentido;1;0;0;0;0;0;;;;;0;0;0;1;0
23/10/2010;06:42:00;14;sem vitima;12,4;BR-392/RS;Norte;Abalroamento Transversal;0;0;0;0;1;0;;;;;24;0;0;0;0
23/10/2010;01:03:00;8;com vitima;16;BR-392/RS;Sul;Abalroamento Transversal;0;0;1;1;0;0;;;;;2;0;1;0;0
23/10/2010;10:02:00;21;sem vitima;471,8;BR-116/RS;Norte;Colisao Frontal;2;0;0;0;0;0;;;;;6;0;0;0;0
23/10/2010;10:11:00;22;com vitima;626;BR-116/RS;Sul;Colisao Traseira;1;0;0;0;0;0;;;;;2;1;0;0;0
24/10/2010;17:01:00;61;sem vitima;16;BR-392/RS;Sul;Abalroamento Mesmo Sentido;2;0;0;0;0;0;;;;;3;0;0;0;0
24/10/2010;06:17:00;18;sem vitima;91,2;BR-392/RS;Sul;Saida de Pista;1;0;0;0;0;0;;;;;3;0;0;0;0
25/10/2010;15:34:00;55;sem vitima;56;BR-392/RS;Norte;Colisao Traseira;1;0;0;0;0;0;;;;;3;0;0;0;0
26/10/2010;22:54:00;99;com vitima;415,5;BR-116/RS;Norte;Colisao Frontal;0;0;3;0;0;0;;;;;1;1;0;0;0
26/10/2010;16:39:00;66;com vitima;8,5;BR-392/RS;Norte;Colisao Traseira;0;0;2;0;0;0;;;;;0;1;0;0;0
26/10/2010;15:46:00;60;sem vitima;17,2;BR-392/RS;Norte;Saida de Pista;0;0;0;0;1;0;;;;;13;0;0;0;0
26/10/2010;17:14:00;70;com vitima;26,4;BR-392/RS;Sul;Tombamento;0;0;0;1;0;0;;;;;0;1;0;0;0
27/10/2010;19:31:00;95;com vitima;499,9;BR-116/RS;Norte;Saida de Pista;0;0;0;1;0;0;;;;;0;1;0;0;0
27/10/2010;21:25:00;100;sem vitima;42,8;BR-392/RS;Norte;Atropelamento;2;0;0;0;0;0;;;;;3;0;0;0;0
29/10/2010;05:24:00;18;com vitima;484;BR-116/RS;Norte;Atropelamento de Animal;0;0;0;1;0;0;;;;;0;1;0;0;0
31/10/2010;11:09:00;19;com vitima;14;BR-293/RS;Norte;Abalroamento Transversal;1;0;0;0;0;0;;;;;0;0;1;0;0
31/10/2010;12:03:00;25;com vitima;473;BR-116/RS;Sul;Saida de Pista;0;0;0;2;0;0;;;;;1;0;2;0;0
01/11/2010;17:33:00;61;sem vitima;480;BR-116/RS;Sul;Colisao Traseira;3;0;0;0;0;0;;;;;13;0;0;0;0
01/11/2010;02:37:00;9;sem vitima;68,8;BR-392/RS;Sul;Saida de Pista;1;0;0;0;0;0;;;;;2;0;0;0;0
01/11/2010;10:11:00;28;com vitima;530,1;BR-116/RS;Norte;Abalr.Transversal;1;0;0;0;0;0;;;;;3;1;0;0;0
03/11/2010;06:59:00;18;sem vitima;485;BR-116/RS;Sul;Capotamento;2;0;0;0;0;0;;;;;6;0;0;0;0
03/11/2010;13:23:00;58;sem vitima;36,2;BR-392/RS;Norte;Capotamento;1;0;0;0;0;0;;;;;2;0;0;0;0
03/11/2010;19:07:00;85;com vitima;529,2;BR-116/RS;Sul;Atropelamento;1;0;1;0;0;0;;;;;1;0;1;0;0
04/11/2010;07:33:00;21;com vitima;402;BR-116/RS;Norte;Abalr. Sentido Oposto.;0;0;0;1;0;0;;;;;0;1;0;0;0
04/11/2010;08:46:00;26;sem vitima;481,1;BR-116/RS;Sul;Saida de Pista;1;0;0;0;0;0;;;;;1;0;0;0;0
05/11/2010;02:26:00;8;com vitima;27;BR-392/RS;Sul;Saida de Pista;1;0;0;0;0;0;;;;;0;4;0;0;0
06/11/2010;19:22:00;78;sem vitima;66,9;BR-392/RS;Sul;Colisao Traseira;1;0;4;0;0;0;;;;;5;0;0;0;0
07/11/2010;16:48:00;55;com vitima;412,3;BR-116/RS;Sul;Abalroamento Mesmo Sentido;1;0;0;0;0;0;;;;;0;2;0;0;0
07/11/2010;20:00:00;78;sem vitima;20,1;BR-392/RS;Norte;Abalr.Transversal;1;0;0;0;0;0;;;;;1;0;0;0;0
07/11/2010;18:55:00;67;sem vitima;41,5;BR-392/RS;Sul;Tombamento;3;0;0;0;0;0;;;;;8;0;0;0;0
07/11/2010;07:06:00;17;sem vitima;525,9;BR-116/RS;Sul;Saida de Pista;2;0;0;0;0;0;;;;;2;0;0;0;0
08/11/2010;15:29:00;61;com vitima;428,3;BR-116/RS;Norte;Outros;0;0;0;1;0;0;;;;;0;0;0;1;0
08/11/2010;07:41:00;20;sem vitima;19,3;BR-392/RS;Sul;Colisao Traseira;2;0;0;0;0;0;;;;;5;0;0;0;0
08/11/2010;09:49:00;30;com vitima;150,2;BR-392/RS;Sul;Tombamento;1;0;0;1;0;0;;;;;5;1;1;0;0
09/11/2010;11:32:00;44;com vitima;497,4;BR-116/RS;Sul;Saida de Pista;1;0;0;0;0;0;;;;;2;2;0;1;0
09/11/2010;11:23:00;43;sem vitima;529;BR-116/RS;Sul;Saida de Pista;2;0;0;0;0;0;;;;;3;0;0;0;0
10/11/2010;23:56:00;103;com vitima;11,3;BR-293/RS;Norte;Colisao com Objeto Fixo;0;0;0;1;0;0;;;;;0;0;1;0;0
10/11/2010;13:12:00;53;com vitima;15,8;BR-392/RS;Sul;Abalroamento Mesmo Sentido;2;0;0;0;0;0;;;;;3;1;0;0;0
11/11/2010;14:54:00;47;com vitima;416;BR-116/RS;Norte;Saida de Pista;1;0;0;0;0;0;;;;;0;0;1;0;0
11/11/2010;13:16:00;43;com vitima;517;BR-116/RS;Norte;Abalr.Transversal;0;0;0;1;0;0;;;;;0;2;0;0;0
11/11/2010;00:02:00;1;com vitima;66;BR-392/RS;Norte;Atropelamento de Animal;1;0;0;0;0;0;;;;;0;1;0;0;0
12/11/2010;21:36:00;104;sem vitima;26,5;BR-392/RS;Norte;Abalroamento Mesmo Sentido;0;0;1;0;0;0;;;;;2;0;0;0;0
12/11/2010;18:04:00;85;com vitima;513,1;BR-116/RS;Norte;Abalroamento Mesmo Sentido;1;0;0;1;0;0;;;;;1;0;1;0;0
13/11/2010;00:08:00;1;com vitima;493,8;BR-116/RS;Sul;Outros Tipos de Acidente;0;0;2;0;0;0;;;;;0;1;0;0;0
13/11/2010;16:31:00;67;com vitima;52,1;BR-392/RS;Norte;Colisao Traseira;1;0;0;0;0;0;;;;;0;2;0;0;0
13/11/2010;00:41:00;3;com vitima;78,4;BR-392/RS;Sul;Saida de Pista;2;0;0;0;0;0;;;;;0;4;0;0;0
14/11/2010;03:05:00;4;com vitima;642,3;BR-116/RS;Norte;Saida de Pista;0;0;0;1;0;0;;;;;0;1;0;0;0
15/11/2010;18:24:00;72;com vitima;404,7;BR-116/RS;Norte;Saida de Pista;1;0;1;1;0;0;;;;;2;0;2;0;0
15/11/2010;12:51:00;41;com vitima;42,1;BR-392/RS;Norte;Abalr.Transversal;2;0;0;1;0;0;;;;;2;1;0;0;0
15/11/2010;14:58:00;49;com vitima;155,1;BR-293/RS;Norte;Saida de Pista;0;0;0;1;0;0;;;;;0;1;0;0;0
15/11/2010;16:14:00;55;com vitima;529,9;BR-116/RS;Sul;Saida de Pista;1;0;0;0;0;0;;;;;4;0;0;0;1
17/11/2010;11:39:00;53;sem vitima;498,8;BR-116/RS;Norte;Colisao Frontal;0;0;2;0;0;0;;;;;1;0;0;0;0
17/11/2010;07:24:00;22;sem vitima;525,1;BR-116/RS;Norte;Tombamento;1;0;2;0;0;0;;;;;2;0;0;0;0
17/11/2010;10:39:00;45;com vitima;563,1;BR-116/RS;Norte;Colisao Traseira;1;0;2;0;0;0;;;;;1;2;0;0;0
18/11/2010;13:34:00;59;com vitima;157,2;BR-392/RS;Sul;Outros;0;0;0;1;0;0;;;;;0;1;1;0;0
19/11/2010;08:27:00;22;sem vitima;46,2;BR-392/RS;Sul;Abalroamento Mesmo Sentido;1;0;0;0;0;0;;;;;5;0;0;0;0
20/11/2010;19:47:00;88;sem vitima;400,6;BR-116/RS;Sul;Capotamento;1;0;0;0;0;0;;;;;2;0;0;0;0
20/11/2010;23:29:00;99;sem vitima;18;BR-293/RS;Norte;Atropelamento de Animal;0;0;3;0;0;0;;;;;2;0;0;0;0
20/11/2010;06:37:00;19;com vitima;506,9;BR-116/RS;Sul;Abalr. Sentido Oposto.;0;0;1;1;0;0;;;;;2;1;0;0;0
20/11/2010;20:36:00;91;com vitima;117;BR-392/RS;Sul;Abalr.Transversal;1;0;1;0;0;0;;;;;2;0;1;0;1
20/11/2010;00:39:00;4;sem vitima;644;BR-116/RS;Sul;Atropelamento de Animal;2;0;0;0;1;0;;;;;3;0;0;0;0
21/11/2010;06:30:00;12;sem vitima;579,1;BR-116/RS;Norte;Saida de Pista;1;0;1;0;0;0;;;;;6;0;0;0;0
22/11/2010;16:53:00;74;com vitima;530,8;BR-116/RS;Norte;Abalr.Transversal;1;0;3;0;0;0;;;;;2;3;0;1;0
23/11/2010;16:11:00;67;com vitima;2,9;BR-392/RS;Sul;Colisao Traseira;0;0;1;0;0;0;;;;;0;0;1;0;0
23/11/2010;04:36:00;11;sem vitima;3,9;BR-392/RS;Sul;Abalr.Transversal;1;0;0;0;0;0;;;;;4;0;0;0;0
23/11/2010;18:50:00;82;com vitima;29,1;BR-392/RS;Norte;Outros Tipos;1;0;2;0;0;0;;;;;4;1;0;0;0
24/11/2010;02:31:00;8;sem vitima;6,3;BR-392/RS;Norte;Colisao com Objeto Fixo;2;0;0;0;0;0;;;;;4;0;0;0;0
24/11/2010;10:39:00;29;com vitima;433,5;BR-116/RS;Sul;Saida de Pista;2;0;0;0;0;0;;;;;0;1;2;0;0
24/11/2010;11:06:00;32;com vitima;66,8;BR-392/RS;Sul;Saida de Pista;1;0;0;0;0;0;;;;;1;1;0;0;0
24/11/2010;09:32:00;21;sem vitima;121,6;BR-293/RS;Norte;Saida de Pista;3;0;0;0;0;0;;;;;9;0;0;0;0
24/11/2010;17:46:00;59;com vitima;92,5;BR-392/RS;Norte;Abalr.Transversal;0;0;0;1;0;0;;;;;0;0;1;0;0
25/11/2010;18:09:00;70;sem vitima;47,9;BR-392/RS;Norte;Colisao Traseira;1;0;0;0;0;0;;;;;2;0;0;0;0
25/11/2010;02:20:00;8;sem vitima;514,5;BR-116/RS;Norte;Atropelamento de Animal;3;0;0;0;0;1;;;;;9;0;0;0;0
25/11/2010;08:08:00;12;com vitima;524,3;BR-116/RS;Sul;Abalr.Transversal;0;0;0;1;0;0;;;;;0;1;0;0;0
25/11/2010;12:04:00;33;com vitima;83;BR-392/RS;Norte;Abalr.Transversal;1;0;0;1;0;0;;;;;4;0;0;1;0
26/11/2010;08:40:00;21;sem vitima;426,2;BR-116/RS;Sul;Abalr.Transversal;1;0;0;0;0;0;;;;;1;0;0;0;0
26/11/2010;06:20:00;12;sem vitima;433,2;BR-116/RS;Sul;Abalr. Sentido Oposto.;2;0;0;0;0;0;;;;;4;0;0;0;0
27/11/2010;01:27:00;4;com vitima;37,2;BR-392/RS;Sul;Tombamento;0;0;0;1;0;1;;;;;3;0;0;1;0
28/11/2010;11:45:00;38;sem vitima;655,4;BR-116/RS;Sul;Saida de Pista;1;0;0;0;0;0;;;;;4;0;0;0;0
29/11/2010;08:36:00;18;sem vitima;42,5;BR-293/RS;Norte;Abalr. Mesmo Sentido;1;0;0;0;0;0;;;;;1;0;0;0;0
30/11/2010;19:33:00;89;sem vitima;126;BR-293/RS;Norte;Saida de Pista;1;0;0;0;0;0;;;;;1;0;0;0;0
30/11/2010;17:57:00;74;sem vitima;141,5;BR-293/RS;Norte;Outros;1;0;1;0;0;0;;;;;5;0;0;0;0
30/11/2010;20:56:00;95;sem vitima;127,6;BR-392/RS;Sul;Colisao Traseira;2;0;0;0;0;0;;;;;3;0;0;0;0
01/12/2010;00:52:00;2;com vitima;637,2;BR-116/RS;Sul;Atropelamento de animal;1;0;0;1;0;0;;;;;2;0;0;0;1
02/12/2010;11:41:00;43;com vitima;22,3;BR-392/RS;Sul;Colisao Traseira;0;0;0;1;0;0;;;;;0;0;1;0;0
02/12/2010;13:49:00;52;sem vitima;503,3;BR-116/RS;Norte;Saida de  Pista;0;0;1;0;0;0;;;;;2;0;0;0;0
02/12/2010;17:38:00;67;sem vitima;545;BR-116/RS;Norte;Saida de  Pista;2;0;0;0;0;0;;;;;3;0;0;0;0
04/12/2010;00:51:00;3;com vitima;25;BR-392/RS;Norte;Saida de  Pista;0;0;0;1;0;0;;;;;1;1;0;0;0
04/12/2010;11:17:00;38;com vitima;75,7;BR-392/RS;Sul;Abalroamento transversal.;1;0;0;0;0;0;;;;;0;1;3;0;0
05/12/2010;16:51:00;58;com vitima;4,8;BR-604/RS;Sul;Saida de  Pista;0;0;0;1;0;0;;;;;0;0;2;0;0
05/12/2010;06:48:00;11;com vitima;537,9;BR-116/RS;Sul;Saida de  Pista;0;0;0;1;0;0;;;;;0;2;0;0;0
06/12/2010;13:46:00;63;com vitima;481,4;BR-116/RS;Norte;Colisao Traseira;1;0;0;1;0;0;;;;;2;0;1;1;0
06/12/2010;07:32:00;18;com vitima;125,7;BR-293/RS;Norte;Outros Tipos de acidente;1;0;0;0;0;0;;;;;0;4;0;0;0
06/12/2010;21:30:00;112;sem vitima;581,9;BR-116/RS;Norte;Atropelamento de animal;1;0;0;0;0;0;;;;;2;0;0;0;0
07/12/2010;22:50:00;118;com vitima;26;BR-392/RS;Sul;Tombamento;0;0;0;1;0;0;;;;;0;0;1;0;0
07/12/2010;09:19:00;31;com vitima;52;BR-392/RS;Norte;Colisao Traseira;0;0;0;1;0;0;;;;;0;0;1;0;0
07/12/2010;14:36:00;63;sem vitima;66,8;BR-392/RS;Norte;Colisao Traseira;1;0;0;0;0;0;;;;;3;0;0;0;0
07/12/2010;09:32:00;32;sem vitima;543;BR-116/RS;Norte;Saida de  Pista;1;0;0;0;0;0;;;;;1;0;0;0;0
08/12/2010;11:57:00;44;sem vitima;41,1;BR-293/RS;Norte;Saida de  Pista;0;0;2;0;0;0;;;;;1;0;0;0;0
08/12/2010;15:19:00;67;com vitima;27;BR-392/RS;Norte;Abalroamento transversal.;0;0;0;1;0;0;;;;;0;0;1;0;0
08/12/2010;00:13:00;2;sem vitima;147;BR-293/RS;Norte;Colisao Traseira;2;0;2;0;0;0;;;;;6;0;0;0;0
08/12/2010;04:50:00;10;sem vitima;119,6;BR-392/RS;Sul;Saida de  Pista;0;0;3;0;0;0;;;;;3;0;0;0;0
09/12/2010;14:54:00;70;sem vitima;20,3;BR-392/RS;Norte;Abalroamento Sentido Oposto;1;0;0;0;0;0;;;;;3;0;0;0;0
10/12/2010;16:18:00;78;com vitima;436,6;BR-116/RS;Sul;Tombamento;1;0;0;1;0;0;;;;;0;3;1;0;0
10/12/2010;16:16:00;77;sem vitima;119,8;BR-392/RS;Sul;Colisao Frontal;1;0;0;0;0;0;;;;;1;0;0;0;0
11/12/2010;15:01:00;46;sem vitima;517,1;BR-116/RS;Norte;Abalroamento transversal.;2;0;0;0;0;0;;;;;10;0;0;0;0
11/12/2010;11:33:00;32;sem vitima;118,5;BR-392/RS;Sul;Colisao com Objeto Fixo;1;0;0;0;0;0;;;;;4;0;0;0;0
11/12/2010;18:23:00;64;com vitima;569,1;BR-116/RS;Sul;Saida de  Pista;1;0;0;0;0;0;;;;;0;1;0;0;0
12/12/2010;15:00:00;51;sem vitima;13,6;BR-392/RS;Norte;Saida de  Pista;1;0;0;0;0;0;;;;;2;0;0;0;0
12/12/2010;17:44:00;69;com vitima;469,6;BR-116/RS;Norte;Colisao Traseira;2;0;0;0;0;0;;;;;0;4;1;0;0
12/12/2010;22:04:00;91;sem vitima;112;BR-293/RS;Norte;Saida de  Pista;1;0;0;0;0;0;;;;;1;0;0;0;0
12/12/2010;18:25:00;72;com vitima;71,4;BR-392/RS;Sul;Colisao Traseira;1;0;0;0;0;0;;;;;1;2;0;0;0
12/12/2010;05:28:00;14;com vitima;546,8;BR-116/RS;Norte;Saida de  Pista;1;0;0;0;0;0;;;;;0;1;0;0;0
12/12/2010;19:19:00;76;sem vitima;117;BR-392/RS;Sul;Atropelamento;2;0;0;1;0;0;;;;;4;0;0;0;0
12/12/2010;14:10:00;49;sem vitima;196,6;BR-392/RS;Sul;Saida de  Pista;1;0;0;0;0;0;;;;;1;0;0;0;0
14/12/2010;00:02:00;1;sem vitima;402,2;BR-116/RS;Norte;Tombamento;0;0;1;0;0;0;;;;;2;0;0;0;0
14/12/2010;17:26:00;78;sem vitima;85,2;BR-392/RS;Sul;Saida de  Pista;0;0;3;0;0;0;;;;;2;0;0;0;0
15/12/2010;22:22:00;107;sem vitima;63,4;BR-293/RS;Norte;Saida de  Pista;1;0;0;0;0;0;;;;;1;0;0;0;0
15/12/2010;14:19:00;58;com vitima;45,6;BR-392/RS;Sul;Outros Tipos de acidente;1;1;0;0;0;0;;;;;1;0;0;1;0
16/12/2010;03:33:00;11;com vitima;533,7;BR-116/RS;Norte;Saida de Pista;1;0;0;0;0;0;;;;;0;0;0;0;1
17/12/2010;21:07:00;94;com vitima;0,5;BR-604/RS;Sul;Atropelamento de animal;0;0;2;0;0;0;;;;;0;1;0;0;0
17/12/2010;19:15:00;83;com vitima;524,3;BR-116/RS;Norte;Abalrroamento Transversal.;1;0;2;1;0;0;;;;;1;0;2;0;0
17/12/2010;21:26:00;96;sem vitima;631,2;BR-116/RS;Sul;Colisao Traseira;1;0;2;0;0;0;;;;;2;0;0;0;0
18/12/2010;01:35:00;4;com vitima;4,8;BR-392/RS;Norte;Colisao Traseira;1;0;0;1;0;0;;;;;1;1;1;0;0
18/12/2010;17:28:00;74;sem vitima;15,1;BR-392/RS;Norte;Tombamento;1;0;0;0;0;0;;;;;1;0;0;0;0
18/12/2010;17:28:00;86;com vitima;15,1;BR-392/RS;Norte;Tombamento;1;0;0;1;0;0;;;;;1;0;1;0;0
18/12/2010;16:44:00;68;com vitima;18,1;BR-392/RS;Sul;Abalroamento transversal.;2;0;0;0;0;0;;;;;2;1;0;0;0
18/12/2010;12:52:00;50;com vitima;477,6;BR-116/RS;Sul;Tombamento;2;0;0;0;0;0;;;;;1;2;0;0;0
18/12/2010;17:14:00;71;com vitima;116;BR-392/RS;Norte;Saida de  Pista;1;0;0;1;0;0;;;;;1;1;0;0;0
18/12/2010;14:20:00;58;com vitima;581,4;BR-116/RS;Norte;Abalroamento transversal.;1;0;0;0;0;0;;;;;2;0;0;0;1
19/12/2010;22:18:00;88;sem vitima;14,5;BR-293/RS;Norte;Atropelamento ;2;0;0;0;0;0;;;;;2;0;0;0;0
19/12/2010;14:03:00;41;sem vitima;490,6;BR-116/RS;Norte;Colisao Traseira;1;0;0;0;0;0;;;;;1;0;0;0;0
19/12/2010;17:59:00;62;sem vitima;118,4;BR-392/RS;Sul;Colisao objeto fixo;1;0;0;0;0;0;;;;;2;0;0;0;0
19/12/2010;18:56:00;68;sem vitima;118,4;BR-392/RS;Norte;Tombamento;2;0;0;0;0;0;;;;;3;0;0;0;0
20/12/2010;22:19:00;94;com vitima;10,6;BR-392/RS;Sul;Colisao Frontal;0;1;0;0;1;0;;;;;1;0;0;1;0
20/12/2010;21:23:00;90;com vitima;529,1;BR-116/RS;Norte;Abalroamento transversal.;1;0;0;1;0;0;;;;;5;0;1;0;0
21/12/2010;10:19:00;41;com vitima;529,1;BR-116/RS;Sul;Colisao Traseira;0;0;0;1;0;0;;;;;0;1;1;0;0
21/12/2010;21:51:00;104;com vitima;578,3;BR-116/RS;Norte;Colisao Traseira;1;0;0;0;0;0;;;;;1;1;1;0;0
23/12/2010;02:38:00;11;com vitima;411,4;BR-116/RS;Sul;Saida de  Pista;0;1;0;1;0;0;;;;;0;0;2;0;0
24/12/2010;23:40:00;110;com vitima;427,1;BR-116/RS;Norte;Atropelamento;1;0;0;1;0;0;;;;;1;0;1;0;0
24/12/2010;14:04:00;62;com vitima;500,8;BR-116/RS;Sul;Colisao Traseira;0;0;0;1;0;0;;;;;0;0;1;0;0
25/12/2010;16:36:00;44;sem vitima;427,4;BR-116/RS;Sul;Abalroamento transversal.;1;0;0;0;0;0;;;;;1;0;0;0;0
25/12/2010;13:44:00;34;sem vitima;18,2;BR-392/RS;Norte;Abalroamento transversal.;2;0;0;0;0;0;;;;;2;0;0;0;0
25/12/2010;10:02:00;15;com vitima;42,2;BR-392/RS;Sul;Outros Tipos de acidente;0;0;2;1;0;0;;;;;1;0;1;0;0
25/12/2010;10:25:00;19;com vitima;530,8;BR-116/RS;Norte;Abalroamento transversal.;0;0;3;0;0;0;;;;;16;1;0;0;0
25/12/2010;00:10:00;1;sem vitima;613,2;BR-116/RS;Norte;Saida de Pista;2;0;0;0;0;0;;;;;6;0;0;0;0
26/12/2010;09:23:00;17;sem vitima;400,8;BR-116/RS;Norte;Tombamento;2;0;0;0;0;0;;;;;3;0;0;0;0
27/12/2010;10:24:00;38;sem vitima;66,9;BR-392/RS;Sul;Outros Tipos de acidente;1;0;0;0;0;0;;;;;1;0;0;0;0