data;horario;n_da_ocorrencia;tipo_de_ocorrencia;km;trecho;sentido;tipo_de_acidente;automovel;bicicleta;caminhao;moto;onibus;outros;tracao_animal;transporte_de_cargas_especiais;trator_maquinas;utilitarios;ilesos;levemente_feridos;moderadamente_feridos;gravemente_feridos;mortos
09/05/2011;17:49:00;74;com vitima;430,1;BR-116/RS;Sul;Saida de Pista;2;0;0;0;0;0;;;;;7;1;0;0;0
09/05/2011;19:28:00;80;sem vitima;508,5;BR-116/RS;Norte;Abalroamento mesmo sentido;2;0;0;0;0;0;;;;;7;0;0;0;0
09/05/2011;18:01:00;75;com vitima;66,8;BR-392/RS;Sul;Colisao Traseira;1;0;0;0;0;1;;;;;1;1;1;0;0
10/05/2011;14:52:00;76;sem vitima;11,3;BR-293/RS;Norte;Colisao com veiculo estacionado;2;0;0;0;0;0;;;;;2;0;0;0;0
10/05/2011;05:24:00;19;com vitima;653,8;BR-116/RS;Norte;Saida de Pista;1;0;0;0;0;0;;;;;1;1;0;0;0
11/05/2011;19:09:00;99;com vitima;2,5;BR-392/RS;Sul;Colisao Traseira;0;0;2;0;0;0;;;;;1;1;0;0;0
12/05/2011;05:03:00;15;com vitima;427,7;BR-116/RS;Sul;Tombamento;1;0;0;0;1;0;;;;;11;1;0;0;0
12/05/2011;14:21:00;57;sem vitima;36,7;BR-392/RS;Sul;Saida de Pista;0;0;1;0;0;0;;;;;1;0;0;0;0
12/05/2011;22:01:00;96;com vitima;61,1;BR-392/RS;Sul;Tombamento;0;0;0;1;0;0;;;;;0;0;0;1;0
13/05/2011;05:25:00;13;sem vitima;3,9;BR-392/RS;Sul;Saida de Pista;0;0;1;0;0;0;;;;;1;0;0;0;0
13/05/2011;05:35:00;14;com vitima;526,4;BR-116/RS;Sul;Saida de Pista;1;0;1;0;0;0;;;;;0;2;1;0;0
13/05/2011;07:10:00;16;com vitima;644,9;BR-116/RS;Norte;Saida de Pista;0;0;0;1;0;0;;;;;0;1;1;0;0
14/05/2011;20:53:00;83;sem vitima;523,6;BR-116/RS;Norte;Abalroamento Transversal;0;0;1;0;0;0;;;;;2;0;0;0;0
14/05/2011;13:56:00;43;sem vitima;123,4;BR-392/RS;Norte;Colisao Frontal;0;0;2;0;0;0;;;;;2;0;0;0;0
15/05/2011;20:02:00;101;com vitima;71,3;BR-392/RS;Sul;Colisao Traseira;0;0;0;1;0;0;;;;;0;1;0;0;0
15/05/2011;14:40:00;65;sem vitima;84,5;BR-392/RS;Sul;Saida de Pista;1;0;2;0;0;0;;;;;5;0;0;0;0
15/05/2011;13:43:00;59;sem vitima;196,5;BR-392/RS;Sul;Saida de Pista;1;0;2;0;0;0;;;;;3;0;0;0;0
16/05/2011;15:24:00;65;com vitima;41,2;BR-392/RS;Sul;Abalroamento Transversal;3;0;0;0;0;0;;;;;5;0;0;2;7
16/05/2011;17:21:00;73;com vitima;66,9;BR-392/RS;Sul;Abalroamento Transversal;1;0;0;0;0;0;;;;;4;0;0;1;0
16/05/2011;20:19:00;88;sem vitima;520,9;BR-116/RS;Norte;Abalroamento Transversal;1;0;1;0;0;0;;;;;2;0;0;0;0
16/05/2011;22:05:00;95;sem vitima;89,4;BR-392/RS;Sul;Atropelamento de Animal;0;0;2;0;0;0;;;;;1;0;0;0;0
17/05/2011;06:33:00;14;sem vitima;19,3;BR-293/RS;Norte;Abalroamento Transversal;1;0;0;0;0;0;;;;;2;0;0;0;0
17/05/2011;23:40:00;114;sem vitima;40;BR-293/RS;Norte;Saida de Pista;2;0;0;0;0;0;;;;;10;0;0;0;0
18/05/2011;00:41:00;1;com vitima;21,2;BR-392/RS;Norte;Atropelamento de Animal;0;0;1;1;0;0;;;;;1;0;1;0;0
18/05/2011;17:26:00;69;sem vitima;518,3;BR-116/RS;Norte;Abalroamento Transversal;2;0;0;0;0;0;;;;;8;0;0;0;0
18/05/2011;12:26:00;43;sem vitima;101,1;BR-392/RS;Sul;Saida de Pista;1;0;3;0;0;0;;;;;5;0;0;0;0
18/05/2011;14:44:00;50;sem vitima;540,9;BR-116/RS;Norte;Abalroamento Transversal;1;0;1;0;0;0;;;;;2;0;0;0;0
18/05/2011;15:56:00;58;sem vitima;614,7;BR-116/RS;Sul;Saida de Pista;0;0;0;1;0;0;;;;;1;0;0;0;0
19/05/2011;08:05:00;19;com vitima;87,5;BR-392/RS;Norte;Abalroamento Transversal;2;0;0;0;0;0;;;;;4;0;1;0;0
19/05/2011;07:59:00;18;sem vitima;104,3;BR-392/RS;Norte;Saida de Pista;0;0;2;0;2;0;;;;;3;0;0;0;0
19/05/2011;12:47:00;49;sem vitima;123,3;BR-392/RS;Sul;Abalroamento Transversal;0;0;3;0;0;0;;;;;2;0;0;0;0
20/05/2011;07:05:00;20;sem vitima;6,3;BR-392/RS;Sul;Colisao Traseira;0;0;0;1;0;0;;;;;1;0;0;0;0
20/05/2011;16:17:00;76;sem vitima;1;BR-604/RS;Sul;Tombamento;1;0;0;0;0;0;;;;;2;0;0;0;0
20/05/2011;19:07:00;90;com vitima;62,5;BR-293/RS;Norte;Abalroamento Transversal;1;0;0;0;0;0;;;;;0;1;0;0;0
20/05/2011;10:23:00;38;sem vitima;63;BR-293/RS;Norte;Colisao Traseira;2;0;0;0;0;0;;;;;6;0;0;0;0
20/05/2011;18:33:00;87;com vitima;48,3;BR-392/RS;Sul;Colisao Traseira;0;1;1;0;0;0;;;;;2;0;0;0;1
20/05/2011;23:58:00;106;sem vitima;58,7;BR-392/RS;Norte;Atropelamento de Animal;1;0;0;0;0;0;;;;;3;0;0;0;0
21/05/2011;09:45:00;28;sem vitima;427;BR-116/RS;Norte;Abalroamento Transversal;0;0;2;0;0;0;;;;;1;0;0;0;0
21/05/2011;07:32:00;17;com vitima;428;BR-116/RS;Sul;Colisao Traseira;0;0;1;1;0;0;;;;;1;0;1;0;0
21/05/2011;09:48:00;29;com vitima;123,9;BR-293/RS;Norte;Saida de Pista;1;0;0;0;0;0;;;;;0;0;0;1;0
21/05/2011;01:14:00;4;com vitima;562,5;BR-116/RS;Sul;Colisao Frontal;1;0;1;0;0;0;;;;;1;1;0;0;0
21/05/2011;15:52:00;57;com vitima;119,7;BR-392/RS;Sul;Tombamento;1;0;0;0;0;0;;;;;1;1;0;0;0
21/05/2011;19:14:00;71;com vitima;581;BR-116/RS;Sul;Tombamento;1;0;1;0;0;0;;;;;1;1;0;0;0
22/05/2011;19:37:00;79;sem vitima;38;BR-293/RS;Norte;Colisao Traseira;1;0;1;0;0;0;;;;;3;0;0;0;0
22/05/2011;17:28:00;61;sem vitima;64;BR-293/RS;Norte;Saida de Pista;1;0;0;0;0;0;;;;;2;0;0;0;0
22/05/2011;21:34:00;90;com vitima;111,1;BR-293/RS;Norte;Saida de Pista;1;0;1;0;0;0;;;;;1;0;0;0;2
22/05/2011;17:27:00;60;com vitima;71;BR-392/RS;Sul;Colisao Traseira;0;0;0;1;0;0;;;;;0;0;1;0;0
22/05/2011;17:48:00;65;com vitima;85,1;BR-392/RS;Sul;Colisao Traseira;1;0;0;0;0;0;;;;;0;0;1;0;0
22/05/2011;18:45:00;74;com vitima;85,1;BR-392/RS;Sul;Colisao Traseira;0;0;0;1;0;0;;;;;0;2;0;0;0
23/05/2011;02:43:00;11;sem vitima;136,7;BR-293/RS;Norte;Abalroamento sentido Oposto;1;0;1;0;0;0;;;;;3;0;0;0;0
23/05/2011;04:04:00;13;com vitima;576,9;BR-116/RS;Sul;Saida de Pista;1;0;2;0;0;0;;;;;1;2;0;0;0
23/05/2011;04:49:00;16;sem vitima;198,4;BR-392/RS;Sul;Atropelamento de Animal;1;0;0;0;0;0;;;;;4;0;0;0;0
24/05/2011;23:49:00;88;com vitima;410,6;BR-116/RS;Norte;Abalroamento sentido Oposto;1;0;0;0;0;0;;;;;0;0;6;1;0
24/05/2011;01:16:00;6;sem vitima;437,2;BR-116/RS;Norte;Colisao Traseira;1;0;0;0;0;0;;;;;1;0;0;0;0
25/05/2011;00:21:00;1;com vitima;410,6;BR-116/RS;Sul;Colisao Traseira;2;0;0;0;0;0;;;;;3;1;0;0;0
25/05/2011;00:36:00;3;com vitima;32,2;BR-293/RS;Norte;Saida de Pista;1;0;0;0;0;0;;;;;0;0;1;0;0
26/05/2011;14:06:00;55;com vitima;6,6;BR-392/RS;Norte;Abalroamento Transversal;1;0;0;1;0;0;;;;;2;1;0;0;0
26/05/2011;03:01:00;8;sem vitima;37,7;BR-392/RS;Norte;Atropelamento de Animal;0;0;2;0;0;0;;;;;1;0;0;0;0
26/05/2011;10:25:00;33;com vitima;58,3;BR-392/RS;Norte;Abalroamento no mesmo sentido;1;0;2;0;0;0;;;;;1;0;1;0;0
26/05/2011;07:00:00;16;sem vitima;529;BR-116/RS;Norte;Colisao Traseira;1;0;0;0;0;0;;;;;1;0;0;0;0
26/05/2011;19:29:00;77;sem vitima;122,2;BR-392/RS;Norte;Abalroamento Transversal;0;0;2;0;1;0;;;;;36;0;0;0;0
27/05/2011;05:58:00;19;com vitima;447;BR-116/RS;Sul;Saida de Pista;1;0;0;0;0;0;;;;;0;1;0;0;0
27/05/2011;06:32:00;20;com vitima;62;BR-392/RS;Sul;Abalroamento no Mesmo Sentido;1;0;2;0;0;0;;;;;1;1;1;0;0
27/05/2011;17:23:00;73;com vitima;66,1;BR-392/RS;Sul;Colisao Traseira;1;0;0;0;0;0;;;;;2;0;2;0;0
28/05/2011;05:30:00;10;sem vitima;38,1;BR-392/RS;Sul;Saida de Pista;1;0;0;0;0;0;;;;;1;0;0;0;0
28/05/2011;18:44:00;82;sem vitima;502,1;BR-116/RS;Norte;Colisao Traseira;2;0;0;0;0;0;;;;;4;0;0;0;0
28/05/2011;18:43:00;81;sem vitima;93,5;BR-392/RS;Norte;Atropelamento;1;0;0;0;1;0;;;;;3;0;0;0;0
29/05/2011;17:19:00;56;sem vitima;530,3;BR-116/RS;Norte;Atropelamento de Animal;0;0;3;0;0;0;;;;;2;0;0;0;0
30/05/2011;13:43:00;52;com vitima;102,4;BR-293/RS;Norte;Tombamento;1;0;0;0;0;0;;;;;0;0;1;0;0
31/05/2011;21:58:00;97;sem vitima;18,1;BR-392/RS;Sul;Tombamento;1;0;0;0;0;0;;;;;1;0;0;0;0
31/05/2011;14:47:00;62;sem vitima;42,7;BR-392/RS;Norte;Colisao Traseira;0;0;2;0;0;0;;;;;1;0;0;0;0
31/05/2011;17:06:00;71;com vitima;64,5;BR-392/RS;Sul;Saida de Pista;1;0;0;0;0;0;;;;;0;2;0;0;0
31/05/2011;23:53:00;100;com vitima;99,5;BR-392/RS;Sul;Colisao Traseira;2;0;0;0;0;0;;;;;1;1;1;0;0
31/05/2011;13:53:00;58;sem vitima;192,6;BR-392/RS;Norte;Colisao Traseira;2;0;0;0;0;0;;;;;5;0;0;0;0
01/06/2011;12:15:00;42;com vitima;415,5;BR-116/RS;Norte;Abalr.Transversal;1;0;0;0;0;0;;;;;1;1;0;0;0
01/06/2011;18:15:00;74;sem vitima;12,2;BR-392/RS;Norte;Saida de Pista;2;0;0;0;0;0;;;;;4;0;0;0;0
01/06/2011;19:17:00;76;sem vitima;477,7;BR-116/RS;Sul;Tombamento;2;0;0;0;0;0;;;;;4;0;0;0;0
01/06/2011;08:32:00;19;com vitima;141,1;BR-392/RS;Norte;Saida de Pista;1;1;0;0;0;0;;;;;1;0;0;1;0
02/06/2011;06:27:00;13;sem vitima;11,3;BR-293/RS;Norte;Saida de Pista;0;0;2;0;0;0;;;;;1;0;0;0;0
02/06/2011;06:36:00;14;com vitima;1,5;BR-392/RS;Sul;Tombamento;0;0;1;1;0;0;;;;;1;1;0;0;0
02/06/2011;18:30:00;81;com vitima;429,3;BR-116/RS;Norte;Abalr.Transversal;0;0;0;1;0;0;;;;;0;2;0;0;0
02/06/2011;08:37:00;26;sem vitima;436;BR-116/RS;Norte;Outros tipos de acidente;1;0;0;0;0;0;;;;;1;0;0;0;0
02/06/2011;14:40:00;62;sem vitima;18;BR-392/RS;Sul;Abalroamento Sentido Oposto;1;0;0;0;0;0;;;;;2;0;0;0;0
02/06/2011;03:42:00;10;sem vitima;24,8;BR-392/RS;Norte;Abalr.Transversal;0;0;3;0;0;0;;;;;2;0;0;0;0
02/06/2011;14:24:00;79;com vitima;113,6;BR-392/RS;Sul;Atropelamento de Animal;1;0;0;1;0;0;;;;;1;1;0;0;0
03/06/2011;19:22:00;88;sem vitima;10,1;BR-392/RS;Norte;Atropelamento de Animal;1;0;2;0;0;0;;;;;2;0;0;0;0
03/06/2011;14:03:00;60;com vitima;442,6;BR-116/RS;Norte;Saida de Pista;3;0;1;1;0;0;;;;;4;1;0;0;0
03/06/2011;20:06:00;90;sem vitima;65,5;BR-392/RS;Norte;Abalr.Transversal;0;0;4;0;0;0;;;;;3;0;0;0;0
04/06/2011;06:24:00;16;com vitima;2,8;BR-392/RS;Sul;Colisao Frontal;0;0;0;1;0;0;;;;;0;0;1;0;0
04/06/2011;01:52:00;4;com vitima;10,5;BR-392/RS;Sul;Atropelamento de Animal;2;0;0;1;0;0;;;;;2;2;0;0;0
04/06/2011;10:00:00;30;sem vitima;48,7;BR-392/RS;Sul;Saida de Pista;1;0;1;0;0;0;;;;;2;0;0;0;0
04/06/2011;07:19:00;22;sem vitima;135,5;BR-392/RS;Sul;Outros tipos de acidente;1;0;0;0;0;0;;;;;4;0;0;0;0
04/06/2011;09:14:00;28;com vitima;595,3;BR-116/RS;Sul;Saida de Pista;0;0;0;2;0;0;;;;;0;1;1;0;0
05/06/2011;18:04:00;49;com vitima;403;BR-116/RS;Sul;Saida de Pista;0;0;2;0;0;0;;;;;7;2;0;0;0
05/06/2011;15:25:00;36;com vitima;15,6;BR-293/RS;Norte;Abalroamento Transversal;2;0;0;0;0;0;;;;;3;1;0;0;0
05/06/2011;11:39:00;21;com vitima;472,6;BR-116/RS;Norte;Saida de Pista;1;0;0;0;0;0;;;;;0;2;0;0;0
05/06/2011;06:18:00;11;sem vitima;513,7;BR-116/RS;Sul;Colisao Frontal;1;0;0;0;0;0;;;;;1;0;0;0;0
05/06/2011;20:58:00;66;com vitima;529,5;BR-116/RS;Norte;Saida de Pista;1;0;0;0;0;0;;;;;0;1;0;0;0
07/06/2011;11:42:00;34;sem vitima;0,8;BR-392/RS;Norte;Saida de Pista;1;0;0;0;0;0;;;;;1;0;0;0;0
07/06/2011;11:14:00;31;sem vitima;415,6;BR-116/RS;Sul;Saida de Pista;0;0;3;0;0;0;;;;;1;0;0;0;0
07/06/2011;00:28:00;5;com vitima;62;BR-392/RS;Sul;Atropelamento;0;1;3;0;0;0;;;;;1;0;0;0;1
07/06/2011;12:24:00;40;sem vitima;62,1;BR-392/RS;Sul;Abalroamento Transversal;1;0;2;0;0;0;;;;;3;0;0;0;0
07/06/2011;13:53:00;45;sem vitima;193,1;BR-392/RS;Norte;Saida de Pista;0;0;2;0;0;0;;;;;1;0;0;0;0
07/06/2011;01:56:00;9;com vitima;193,3;BR-392/RS;Norte;Saida de Pista;0;0;1;0;0;0;;;;;0;1;0;0;0
08/06/2011;17:09:00;75;sem vitima;476,1;BR-116/RS;Norte;Abalroamento Transversal;1;0;0;0;0;0;;;;;1;0;0;0;0
08/06/2011;08:32:00;22;com vitima;52,3;BR-392/RS;Norte;Colisao Traseira;2;0;0;0;0;0;;;;;2;1;0;0;0
09/06/2011;00:28:00;3;com vitima;51,5;BR-293/RS;Norte;Saida de Pista;1;0;1;0;0;0;;;;;2;0;1;0;0
09/06/2011;21:08:00;82;com vitima;74,9;BR-392/RS;Norte;Colisao Traseira;3;0;0;0;0;0;;;;;8;1;0;0;0
10/06/2011;07:19:00;17;sem vitima;4,8;BR-392/RS;Sul;Outros tipos de acidente;1;0;0;0;0;0;;;;;1;0;0;0;0
10/06/2011;07:00:00;15;com vitima;12,3;BR-392/RS;Sul;Abalr.Transversal;1;0;0;0;0;0;;;;;0;2;0;0;0
10/06/2011;08:13:00;22;com vitima;514,3;BR-116/RS;Norte;Abalr. Transversal;0;0;0;2;0;0;;;;;0;0;2;0;0
11/06/2011;07:24:00;20;com vitima;2,3;BR-392/RS;Norte;Abalr. Sentido Oposto;0;0;0;1;0;0;;;;;0;0;1;0;0
11/06/2011;05:54:00;18;sem vitima;477,4;BR-116/RS;Norte;Colisao Traseira;1;0;0;0;0;0;;;;;2;0;0;0;0
11/06/2011;10:12:00;35;sem vitima;127,3;BR-293/RS;Norte;Colisao com Objeto Fixo;2;0;0;0;0;0;;;;;5;0;0;0;0
12/06/2011;19:33:00;78;sem vitima;459,6;BR-116/RS;Sul;Atropelamento de Animal;2;0;0;0;0;0;;;;;2;0;0;0;0
12/06/2011;00:28:00;3;sem vitima;495;BR-116/RS;Sul;Tombamento;1;0;0;0;0;0;;;;;4;0;0;0;0
12/06/2011;08:11:00;22;sem vitima;124,9;BR-293/RS;Norte;Saida de Pista;2;0;0;0;0;0;;;;;7;0;0;0;0
14/06/2011;10:48:00;34;com vitima;411,9;BR-116/RS;Sul;Colisao Traseira;1;0;0;1;0;0;;;;;5;1;1;0;0
14/06/2011;18:29:00;79;com vitima;491,1;BR-116/RS;Sul;Saida de Pista;1;0;0;1;0;0;;;;;2;0;1;0;0
14/06/2011;18:37:00;82;com vitima;506,8;BR-116/RS;Sul;Tombamento;0;0;0;1;0;0;;;;;0;0;1;0;0
14/06/2011;20:15:00;91;com vitima;597,4;BR-116/RS;Sul;Saida de Pista;0;0;2;0;0;0;;;;;0;0;1;0;0
15/06/2011;12:20:00;51;com vitima;12;BR-293/RS;Norte;Abalroamento mesmo sentido;0;0;4;0;0;0;;;;;1;0;0;0;1
15/06/2011;15:48:00;66;com vitima;411,6;BR-116/RS;Norte;Colisao Traseira;1;0;1;0;0;0;;;;;2;5;0;0;0
16/06/2011;15:37:00;71;com vitima;458,6;BR-116/RS;Sul;Colisao Traseira;1;0;0;0;0;0;;;;;0;1;0;0;0
16/06/2011;12:35:00;54;sem vitima;475,6;BR-116/RS;Sul;Saida de Pista;0;0;2;0;0;0;;;;;2;0;0;0;0
16/06/2011;22:01:00;109;sem vitima;498,4;BR-116/RS;Sul;atropelamento;1;0;1;0;0;0;;;;;2;0;0;0;0
17/06/2011;07:01:00;16;sem vitima;450,5;BR-116/RS;Sul;Saida de Pista;2;0;0;0;0;0;;;;;5;0;0;0;0
17/06/2011;22:35:00;94;sem vitima;119,7;BR-392/RS;Sul;Saida de Pista;0;0;1;0;0;0;;;;;1;0;0;0;0
18/06/2011;14:00:00;52;com vitima;3,5;BR-392/RS;Norte;Saida de Pista;0;0;3;0;0;0;;;;;1;0;0;0;1
18/06/2011;01:32:00;4;sem vitima;427,7;BR-116/RS;Sul;Saida de Pista;0;0;3;0;0;0;;;;;2;0;0;0;0
19/06/2011;07:05:00;19;sem vitima;4,8;BR-392/RS;Norte;Colisao Traseira;0;0;3;0;0;0;;;;;1;0;0;0;0
19/06/2011;12:26:00;38;sem vitima;475;BR-116/RS;Norte;Saida de Pista;1;0;2;0;0;0;;;;;3;0;0;0;0
19/06/2011;15:15:00;47;sem vitima;51,3;BR-293/RS;Norte;Colisao Frontal;1;0;0;0;0;0;;;;;2;0;0;0;0
19/06/2011;15:45:00;51;com vitima;519,4;BR-116/RS;Norte;Abalroamento Transversal;1;0;0;0;0;0;;;;;0;2;2;0;0
19/06/2011;14:59:00;46;sem vitima;83,2;BR-392/RS;Norte;Saida de Pista;1;0;0;0;0;0;;;;;3;0;0;0;0
20/06/2011;18:30:00;87;sem vitima;511,5;BR-116/RS;Sul;Outros tipos de acidente;1;0;1;0;0;0;;;;;5;0;0;0;0
21/06/2011;16:37:00;71;com vitima;141,3;BR-293/RS;Norte;Colisao com Objeto Fixo;3;0;0;0;0;0;;;;;4;1;0;0;0
21/06/2011;19:44:00;86;com vitima;94,3;BR-392/RS;Norte;Outros tipos de acidente;1;0;1;0;0;0;;;;;1;1;0;0;0
22/06/2011;17:53:00;83;com vitima;7,7;BR-392/RS;Norte;Outros tipos de acidente;0;0;0;1;0;0;;;;;0;1;0;0;0
23/06/2011;07:09:00;21;com vitima;10,6;BR-392/RS;Norte;Abalroamento Transversal;1;0;0;0;0;0;;;;;0;0;1;0;0
23/06/2011;19:02:00;78;sem vitima;76,2;BR-392/RS;Sul;Abalroamento Transversal;0;0;1;0;0;0;;;;;1;0;0;0;0
23/06/2011;12:31:00;49;com vitima;123,5;BR-392/RS;Sul;Saida de Pista;0;0;2;0;0;0;;;;;0;1;0;0;0
24/06/2011;19:51:00;89;sem vitima;508,8;BR-116/RS;Sul;Colisao Traseira;1;0;2;0;0;0;;;;;2;0;0;0;0
25/06/2011;00:23:00;4;com vitima;19,1;BR-392/RS;Norte;Atropelamento de Animal;1;0;3;0;0;0;;;;;2;0;0;1;0
25/06/2011;16:06:00;56;sem vitima;43,7;BR-392/RS;Sul;Saida de Pista;0;0;3;0;0;0;;;;;2;0;0;0;0
26/06/2011;08:36:00;21;com vitima;477,3;BR-116/RS;Norte;Saida de Pista;2;0;0;0;0;0;;;;;3;1;0;0;0
26/06/2011;08:25:00;20;sem vitima;489,3;BR-116/RS;Norte;Saida de Pista;0;0;4;0;0;0;;;;;2;0;0;0;0
26/06/2011;19:50:00;78;com vitima;523,9;BR-116/RS;Sul;Colisao Traseira;1;0;0;0;0;0;;;;;0;5;0;0;0
27/06/2011;06:47:00;20;sem vitima;451,6;BR-116/RS;Norte;Saida de Pista;1;0;0;0;0;0;;;;;2;0;0;0;0
27/06/2011;12:37:00;51;com vitima;606,3;BR-116/RS;Sul;Saida de Pista;2;0;0;0;0;0;;;;;1;0;2;1;0
27/06/2011;15:53:00;70;com vitima;657,6;BR-116/RS;Sul;Abalroamento Transversal;1;0;0;0;0;0;;;;;1;0;3;0;0
28/06/2011;13:32:00;53;sem vitima;14;BR-392/RS;Norte;Outros tipos de acidente;0;0;2;0;0;0;;;;;1;0;0;0;0
29/06/2011;20:31:00;97;com vitima;101,1;BR-293/RS;Norte;Atropelamento de Animal;1;0;2;0;0;0;;;;;1;0;0;2;2
30/06/2011;19:10:00;85;com vitima;592,3;BR-116/RS;Norte;Atropelamento de Animal;1;1;0;0;0;0;;;;;2;0;0;0;1
01/07/2011;18:46:00;90;com vitima;66,8;BR-392/RS;Sul;Abalroamento transversal;2;0;0;0;0;0;;;;;0;3;0;0;0
01/07/2011;07:52:00;18;com vitima;523,6;BR-116/RS;Sul;Colisao Traseira;0;0;0;1;0;0;;;;;0;1;0;0;0
01/07/2011;09:16:00;26;com vitima;170,5;BR-293/RS;Norte;Saida de Pista;2;0;0;0;0;0;;;;;4;1;0;0;0
01/07/2011;20:15:00;100;sem vitima;527,2;BR-116/RS;Norte;Colisao Traseira;1;0;1;0;0;0;;;;;5;0;0;0;0
02/07/2011;22:38:00;93;com vitima;152,4;BR-293/RS;Norte;Atropelamento de Animal ;0;1;0;1;0;0;;;;;0;2;0;0;1
02/07/2011;22:39:00;94;com vitima;152,4;BR-293/RS;Norte;Atropelamento de Animal ;1;0;1;0;0;0;;;;;1;1;0;0;0
02/07/2011;12:45:00;45;com vitima;103,1;BR-392/RS;Sul;Abalroamento transversal;2;0;0;0;0;0;;;;;3;1;2;0;0
02/07/2011;11:53:00;37;com vitima;193,3;BR-392/RS;Norte;Saida de Pista;0;0;3;0;0;0;;;;;1;0;1;0;0
03/07/2011;10:41:00;22;sem vitima;4,4;BR-392/RS;Norte;Saida de Pista;0;0;1;0;0;0;;;;;0;0;0;0;0
03/07/2011;09:56:00;21;sem vitima;522;BR-116/RS;Sul;Colisao com Objeto Fixo;1;0;1;0;0;0;;;;;2;0;0;0;0
03/07/2011;16:31:00;50;sem vitima;563,4;BR-116/RS;Sul;Abalroamento transversal;1;0;0;0;0;0;;;;;5;0;0;0;0
04/07/2011;18:29:00;94;com vitima;15,7;BR-293/RS;Norte;Atropelamento de Animal ;1;0;0;0;0;0;;;;;0;2;0;0;0
04/07/2011;21:30:00;106;sem vitima;52,3;BR-392/RS;Sul;Colisao com Objeto Fixo;1;0;0;0;0;0;;;;;5;0;0;0;0
04/07/2011;16:01:00;79;sem vitima;567,9;BR-116/RS;Norte;Saida de Pista;1;0;0;0;0;0;;;;;1;0;0;0;0
05/07/2011;20:41:00;93;sem vitima;50,9;BR-392/RS;Sul;Outros tipos de acidente;2;0;0;0;0;0;;;;;4;0;0;0;0
05/07/2011;23:04:00;102;sem vitima;129,5;BR-392/RS;Norte;Saida de Pista;1;0;1;0;0;0;;;;;4;0;0;0;0
07/07/2011;18:14:00;79;com vitima;44,6;BR-392/RS;Norte;Abalroamento Mesmo Sentido;2;0;0;0;0;0;;;;;0;2;3;0;0
07/07/2011;05:02:00;13;sem vitima;50,2;BR-392/RS;Norte;Atropelamento de Animal ;2;0;2;0;0;0;;;;;5;0;0;0;0
08/07/2011;10:27:00;27;com vitima;11,6;BR-293/RS;Norte;Abalroamento Mesmo Sentido;0;0;0;1;0;1;;;;;1;0;1;0;0
08/07/2011;21:35:00;106;com vitima;413,1;BR-116/RS;Sul;Saida de Pista;1;0;0;0;0;0;;;;;1;0;2;0;0
08/07/2011;20:05:00;98;com vitima;16,4;BR-293/RS;Norte;Colisao com Objeto Fixo;0;0;0;1;0;0;;;;;0;2;0;0;0
08/07/2011;14:35:00;59;com vitima;510,7;BR-116/RS;Norte;Colisao com Objeto Fixo;1;0;0;1;0;0;;;;;3;1;0;1;0
08/07/2011;07:46:00;18;sem vitima;103,4;BR-293/RS;Norte;Colisao Traseira;1;0;1;0;0;0;;;;;4;0;0;0;0
08/07/2011;16:44:00;73;com vitima;98,1;BR-392/RS;Sul;Saida de Pista;0;0;0;1;0;0;;;;;0;1;0;0;0
09/07/2011;09:33:00;20;sem vitima;522,1;BR-116/RS;Sul;Colisao Traseira;1;0;0;0;1;0;;;;;3;0;0;0;0
09/07/2011;13:15:00;46;com vitima;119,8;BR-392/RS;Norte;Saida de Pista;0;0;0;1;0;1;;;;;0;0;1;0;0
10/07/2011;14:40:00;46;sem vitima;26,5;BR-392/RS;Sul;Saida de Pista;1;0;0;0;0;0;;;;;5;0;0;0;0
10/07/2011;21:16:00;71;sem vitima;76,6;BR-293/RS;Norte;Colisao Traseira;1;0;0;0;0;0;;;;;1;0;0;0;0
10/07/2011;16:16:00;47;com vitima;66,8;BR-392/RS;Norte;Tombamento;0;0;0;1;0;0;;;;;0;0;1;0;0
11/07/2011;20:24:00;79;sem vitima;524,4;BR-116/RS;Norte;Abalroamento transversal;0;0;2;0;0;0;;;;;2;0;0;0;0
12/07/2011;07:52:00;22;sem vitima;0,4;BR-392/RS;Norte;Saida de Pista;2;0;1;0;0;0;;;;;6;0;0;0;0
12/07/2011;22:25:00;106;sem vitima;8,9;BR-392/RS;Norte;Tombamento;2;0;0;0;0;0;;;;;0;0;0;0;0
12/07/2011;07:20:00;19;com vitima;22;BR-293/RS;Norte;Colisao Traseira;1;0;0;0;0;0;;;;;0;1;0;0;0
12/07/2011;15:41:00;68;com vitima;517,3;BR-116/RS;Norte;Abalroamento transversal;0;0;0;1;0;0;;;;;0;1;0;0;0
12/07/2011;20:15:00;100;com vitima;577,2;BR-116/RS;Norte;Capotamento;1;1;0;0;0;0;;;;;1;0;1;0;0