data;horario;n_da_ocorrencia;tipo_de_ocorrencia;km;trecho;sentido;tipo_de_acidente;automovel;bicicleta;caminhao;moto;onibus;outros;tracao_animal;transporte_de_cargas_especiais;trator_maquinas;utilitarios;ilesos;levemente_feridos;moderadamente_feridos;gravemente_feridos;mortos
13/07/2011;18:17:00;82;sem vitima;9,9;BR-392/RS;Sul;Colisao Traseira;2;0;0;0;0;0;;;;;4;0;0;0;0
13/07/2011;19:39:00;87;com vitima;43,8;BR-392/RS;Norte;Atropelamento;0;0;1;0;0;0;;;;;1;0;1;0;0
13/07/2011;18:02:00;81;sem vitima;523,6;BR-116/RS;Norte;Abalroamento transversal;1;0;0;0;0;0;;;;;1;0;0;0;0
14/07/2011;22:44:00;109;com vitima;429,4;BR-116/RS;Sul;Saida de Pista;1;0;0;1;0;0;;;;;1;1;0;0;0
14/07/2011;21:23:00;105;com vitima;17;BR-392/RS;Sul;Colisao Traseira;1;0;0;0;0;0;;;;;0;1;0;0;0
14/07/2011;12:49:00;48;sem vitima;54,3;BR-392/RS;Norte;Abalroamento Sentido Oposto;2;0;0;0;0;0;;;;;2;0;0;0;0
14/07/2011;23:28:00;110;com vitima;197,7;BR-392/RS;Sul;Saida de Pista;1;0;0;0;0;0;;;;;0;0;1;0;1
15/07/2011;02:34:00;9;com vitima;5,5;BR-392/RS;Norte;Capotamento;1;0;0;0;0;0;;;;;0;2;0;0;0
16/07/2011;06:43:00;15;sem vitima;11,3;BR-293/RS;Norte;Tombamento;1;0;0;0;1;0;;;;;8;0;0;0;0
16/07/2011;00:49:00;2;com vitima;62,1;BR-392/RS;Sul;Saida de Pista;0;0;0;1;0;0;;;;;0;0;0;1;0
16/07/2011;16:09:00;57;sem vitima;526,4;BR-116/RS;Norte;Saida de Pista;2;0;0;0;0;0;;;;;2;0;0;0;0
16/07/2011;07:29:00;18;sem vitima;645,2;BR-116/RS;Sul;Saida de Pista;1;0;0;1;0;0;;;;;2;0;0;0;0
18/07/2011;22:42:00;90;com vitima;12,2;BR-392/RS;Sul;Abalroamento transversal;1;0;4;0;0;0;;;;;2;0;1;0;1
18/07/2011;13:58:00;52;sem vitima;85,5;BR-392/RS;Sul;Abalr. Sentido Oposto;1;0;0;0;0;0;;;;;2;0;0;0;0
18/07/2011;01:35:00;3;sem vitima;104,8;BR-392/RS;Norte;Saida de Pista;1;0;2;0;0;0;;;;;2;0;0;0;0
19/07/2011;12:07:00;45;sem vitima;15;BR-293/RS;Norte;Saida de Pista;3;0;0;0;0;0;;;;;5;0;0;0;0
19/07/2011;10:43:00;35;com vitima;87,8;BR-392/RS;Sul;Saida de Pista;0;0;0;1;1;0;;;;;22;1;0;0;0
20/07/2011;15:01:00;67;com vitima;5,2;BR-392/RS;Sul;Abalroamento transversal;1;0;1;0;0;0;;;;;1;5;0;0;0
20/07/2011;17:49:00;79;com vitima;64;BR-392/RS;Sul;Saida de Pista;0;0;4;0;0;0;;;;;1;1;0;0;0
21/07/2011;07:23:00;20;com vitima;6,2;BR-392/RS;Sul;Abalroamento transversal;1;0;1;0;0;0;;;;;1;2;0;0;0
21/07/2011;20:41:00;84;com vitima;31;BR-392/RS;Norte;Colisao Traseira;2;0;0;0;0;0;;;;;3;2;1;0;0
21/07/2011;13:35:00;55;com vitima;72,4;BR-392/RS;Sul;Atropelamento de Animal ;1;0;0;0;0;0;;;;;0;1;0;0;0
22/07/2011;19:16:00;72;com vitima;414;BR-116/RS;Sul;Atropelamento de Animal;1;0;0;1;0;0;;;;;5;1;0;0;0
22/07/2011;10:56:00;19;sem vitima;419,7;BR-116/RS;Sul;Capotamento;0;0;2;0;0;0;;;;;2;0;0;0;0
22/07/2011;07:37:00;10;sem vitima;5,8;BR-392/RS;Sul;Abalroamento Sentido Oposto;0;0;2;0;0;0;;;;;1;0;0;0;0
22/07/2011;06:55:00;8;com vitima;7;BR-392/RS;Sul;Abalroamento transversal;1;0;1;0;0;0;;;;;1;1;0;0;0
22/07/2011;19:08:00;71;sem vitima;80,4;BR-293/RS;Norte;Atropelamento de Animal ;0;0;2;0;0;0;;;;;1;0;0;0;0
22/07/2011;18:25:00;65;com vitima;64,2;BR-392/RS;Sul;Tombamento;2;0;2;0;0;0;;;;;1;1;2;0;0
23/07/2011;06:15:00;14;sem vitima;2,5;BR-392/RS;Norte;Saida de Pista;0;0;1;0;0;0;;;;;3;0;0;0;0
23/07/2011;05:00:00;13;com vitima;411;BR-116/RS;Sul;Saida de Pista;0;0;0;1;0;0;;;;;1;0;1;0;0
23/07/2011;11:24:00;37;sem vitima;66,9;BR-392/RS;Sul;Abalroamento transversal;1;0;0;0;0;0;;;;;1;0;0;0;0
24/07/2011;20:42:00;77;com vitima;513,8;BR-116/RS;Sul;Colisao Frontal;1;0;0;1;0;0;;;;;2;2;0;0;0
25/07/2011;19:05:00;92;sem vitima;94,9;BR-293/RS;Norte;Saida de Pista;1;0;0;0;0;0;;;;;4;0;0;0;0
25/07/2011;18:36:00;86;com vitima;613,4;BR-116/RS;Norte;Colisao Traseira;0;0;0;1;0;0;;;;;1;0;1;0;0
26/07/2011;13:15:00;41;sem vitima;404,3;BR-116/RS;Sul;Saida de Pista;2;0;0;0;0;0;;;;;2;0;0;0;0
26/07/2011;07:57:00;14;sem vitima;428;BR-116/RS;Sul;Colisao com Objeto Fixo;2;0;0;0;0;0;;;;;7;0;0;0;0
26/07/2011;07:15:00;12;sem vitima;485,7;BR-116/RS;Sul;Colisao Traseira;2;0;0;0;0;0;;;;;2;0;0;0;0
26/07/2011;10:45:00;28;com vitima;40,9;BR-392/RS;Sul;Capotamento;1;0;0;0;0;0;;;;;0;0;1;0;0
26/07/2011;19:04:00;77;com vitima;73;BR-392/RS;Sul;Atropelamento de Animal ;0;0;1;0;0;0;;;;;1;0;0;1;0
26/07/2011;14:39:00;47;com vitima;523,9;BR-116/RS;Sul;Colisao Traseira;0;0;2;1;0;0;;;;;1;0;0;0;1
26/07/2011;08:44:00;18;com vitima;123,9;BR-392/RS;Sul;Saida de Pista;1;0;0;0;0;0;;;;;0;1;0;0;0
27/07/2011;18:32:00;101;sem vitima;34,1;BR-392/RS;Norte;Atropelamento de Animal;1;0;0;0;0;0;;;;;2;0;0;0;0
28/07/2011;09:05:00;19;sem vitima;421,8;BR-116/RS;Sul;Outros tipos de acidente;1;0;0;1;0;0;;;;;3;0;0;0;0
28/07/2011;20:03:00;75;sem vitima;48,8;BR-392/RS;Norte;Colisao Traseira;1;0;0;0;0;0;;;;;5;0;0;0;0
28/07/2011;12:49:00;43;sem vitima;52,3;BR-392/RS;Norte;Colisao com Objeto Fixo;1;0;1;0;0;0;;;;;3;0;0;0;0
28/07/2011;13:37:00;46;com vitima;72,4;BR-392/RS;Norte;Atropelamento de Animal ;0;0;0;1;0;0;;;;;0;0;1;0;0
29/07/2011;08:14:00;17;com vitima;403,7;BR-116/RS;Sul;Saida de Pista;2;0;0;0;0;0;;;;;0;5;2;0;0
29/07/2011;12:15:00;44;com vitima;472;BR-116/RS;Norte;Saida de Pista;1;0;0;1;0;0;;;;;1;1;0;0;0
29/07/2011;22:05:00;93;com vitima;513,4;BR-116/RS;Norte;Colisao Frontal;0;0;2;0;0;0;;;;;0;1;0;0;0
29/07/2011;21:14:00;89;com vitima;518,7;BR-116/RS;Norte;Abalroamento transversal;2;0;0;0;0;0;;;;;1;0;2;0;0
29/07/2011;18:46:00;71;sem vitima;162,4;BR-293/RS;Norte;Saida de Pista;1;0;0;0;0;0;;;;;1;0;0;0;0
30/07/2011;05:33:00;12;com vitima;410,7;BR-116/RS;Sul;Saida de Pista;1;0;0;0;0;0;;;;;0;1;0;0;0
30/07/2011;09:16:00;26;com vitima;34,7;BR-293/RS;Norte;Saida de Pista;1;0;0;1;0;0;;;;;2;1;0;0;0
30/07/2011;14:20:00;48;sem vitima;563,4;BR-116/RS;Sul;Abalroamento Trarnversal;1;0;0;0;0;0;;;;;2;0;0;0;0
31/07/2011;19:05:00;73;sem vitima;50,1;BR-293/RS;Norte;Abalroamento Trarnversal;0;0;2;0;0;0;;;;;1;0;0;0;0
31/07/2011;18:24:00;66;com vitima;60,6;BR-293/RS;Norte;Colisao Traseira;2;0;0;0;0;0;;;;;4;0;2;0;0
31/07/2011;16:06:00;52;com vitima;94,2;BR-392/RS;Norte;Abalroamento Mesmo Sentido;0;0;1;0;0;0;;;;;0;0;0;0;1
31/07/2011;22:11:00;83;com vitima;583;BR-116/RS;Norte;Saida de Pista;1;0;0;1;0;0;;;;;3;0;1;0;0
31/07/2011;18:33:00;69;com vitima;590,1;BR-116/RS;Norte;Saida de Pista;0;0;6;0;0;0;;;;;2;1;0;0;0
02/08/2011;22:56:00;96;sem vitima;9,7;BR-392/RS;Sul;Colisao Traseira;1;0;0;0;0;0;;;;;1;0;0;0;0
02/08/2011;09:09:00;27;com vitima;529,3;BR-116/RS;Sul;Abalr.Transversal;0;0;1;1;0;0;;;;;1;0;0;1;0
03/08/2011;10:36:00;36;sem vitima;92;BR-293/RS;Norte;Colisao Traseira;0;0;1;0;1;0;;;;;2;0;0;0;0
03/08/2011;01:37:00;7;sem vitima;123,7;BR-293/RS;Norte;Atropelamento de animal;1;0;0;0;0;0;;;;;2;0;0;0;0
03/08/2011;16:03:00;66;com vitima;117,9;BR-392/RS;Sul;Abalr.Transversal;2;0;0;0;0;0;;;;;0;8;0;0;0
03/08/2011;13:50:00;58;sem vitima;611,7;BR-116/RS;Norte;Abalr.Transversal;1;0;0;0;0;0;;;;;1;0;0;0;0
04/08/2011;21:24:00;97;sem vitima;5,7;BR-392/RS;Norte;Colisao Traseira;1;0;0;0;0;0;;;;;3;0;0;0;0
05/08/2011;16:25:00;81;com vitima;447,3;BR-116/RS;Norte;Colisao Traseira;1;0;0;0;0;0;;;;;0;3;0;0;0
05/08/2011;15:31:00;77;com vitima;501,3;BR-116/RS;Norte;Abalr.Transversal;0;0;0;1;0;0;;;;;0;0;1;0;0
05/08/2011;19:25:00;104;com vitima;78,2;BR-392/RS;Norte;Atropelamento de animal;0;0;2;0;0;0;;;;;0;3;0;0;0
06/08/2011;07:10:00;13;com vitima;4,9;BR-392/RS;Norte;Colisao Traseira;2;0;0;0;0;0;;;;;0;0;2;1;0
06/08/2011;08:04:00;18;sem vitima;4,9;BR-392/RS;Norte;Outros tipos de Acidente;0;0;2;0;0;0;;;;;1;0;0;0;0
06/08/2011;09:44:00;25;sem vitima;42,9;BR-293/RS;Norte;Saida de Pista;2;0;0;0;0;0;;;;;5;0;0;0;0
07/08/2011;07:05:00;14;com vitima;125,2;BR-293/RS;Norte;Capotamento;1;0;0;0;0;0;;;;;1;3;0;0;0
07/08/2011;19:49:00;69;com vitima;102,7;BR-392/RS;Norte;Abalr.Transversal;0;0;5;0;0;0;;;;;2;1;0;0;0
08/08/2011;12:48:00;48;com vitima;26;BR-293/RS;Norte;Colisao Traseira;1;0;0;0;0;0;;;;;1;0;2;0;0
08/08/2011;10:50:00;32;sem vitima;92,6;BR-293/RS;Norte;Saida de Pista;2;0;0;0;0;0;;;;;2;0;0;0;0
08/08/2011;13:57:00;55;sem vitima;88,9;BR-392/RS;Sul;Abalr.Transversal;1;0;0;0;0;0;;;;;3;0;0;0;0
09/08/2011;10:43:00;31;com vitima;476,3;BR-116/RS;Sul;Saida de Pista;1;0;0;0;0;0;;;;;0;5;2;0;0
09/08/2011;07:52:00;18;com vitima;67,4;BR-392/RS;Sul;Saida de Pista;0;0;1;0;1;0;;;;;12;3;0;0;0
10/08/2011;19:30:00;107;com vitima;11,3;BR-293/RS;Norte;Tombamento;1;0;0;0;0;1;;;;;1;4;0;0;0
10/08/2011;08:09:00;27;com vitima;526,5;BR-116/RS;Sul;Abalr.Mesmo Sentido;1;0;0;1;0;0;;;;;2;0;1;0;0
11/08/2011;06:48:00;15;sem vitima;530,1;BR-116/RS;Norte;Abalr. Transversal;1;0;3;0;0;0;;;;;3;0;0;0;0
12/08/2011;18:51:00;102;sem vitima;1,4;BR-392/RS;Norte;Abalr. Transversal;1;0;0;0;0;0;;;;;1;0;0;0;0
12/08/2011;19:21:00;107;com vitima;32,4;BR-392/RS;Norte;Outros tipos de Acidente;1;0;0;0;0;0;;;;;1;4;0;0;0
12/08/2011;16:17:00;86;com vitima;41,4;BR-392/RS;Sul;Colisao Traseira;1;0;0;0;0;0;;;;;0;2;1;0;0
12/08/2011;11:40:00;51;sem vitima;68,2;BR-293/RS;Norte;Abalr. Transversal;1;0;0;0;0;0;;;;;1;0;0;0;0
12/08/2011;00:22:00;3;com vitima;65,4;BR-392/RS;Sul;Abalr. Transversal;2;0;0;0;0;0;;;;;3;2;0;0;0
13/08/2011;05:11:00;18;sem vitima;77,3;BR-392/RS;Sul;Saida de Pista;0;0;2;0;0;0;;;;;1;0;0;0;0
13/08/2011;17:21:00;60;sem vitima;525,4;BR-116/RS;Norte;Abalr. Transversal;1;0;1;0;0;0;;;;;2;0;0;0;0
13/08/2011;07:12:00;23;sem vitima;194,7;BR-392/RS;Sul;Saida de Pista;1;0;1;0;0;0;;;;;4;0;0;0;0
14/08/2011;17:01:00;53;com vitima;525,4;BR-116/RS;Norte;Abalr. Transversal;1;0;1;0;1;0;;;;;2;0;1;0;0
15/08/2011;17:13:00;69;com vitima;8,9;BR-392/RS;Norte;Abalr. Transversal;0;0;2;0;1;0;;;;;38;2;0;0;0
15/08/2011;06:48:00;14;sem vitima;64;BR-293/RS;Norte;Saida de Pista;1;0;1;0;0;0;;;;;4;0;0;0;0
15/08/2011;13:25:00;54;com vitima;519,8;BR-116/RS;Sul;Saida de Pista;0;0;0;1;0;0;;;;;0;0;1;0;0
15/08/2011;15:36:00;62;com vitima;148,6;BR-392/RS;Norte;Abalr. Transversal;1;0;0;0;0;0;;;;;1;1;0;0;0
16/08/2011;16:01:00;67;com vitima;516,9;BR-116/RS;Norte;Abalr. Transversal;1;0;1;0;0;0;;;;;1;3;0;0;0
17/08/2011;07:28:00;15;com vitima;6,7;BR-392/RS;Sul;Abalr.Transversal;0;0;0;1;0;0;;;;;0;1;0;0;0
17/08/2011;02:55:00;8;com vitima;426,7;BR-116/RS;Sul;Atropelamento de animal;1;0;0;0;0;0;;;;;0;1;0;0;0
17/08/2011;18:15:00;83;com vitima;64,2;BR-392/RS;Norte;Tombamento;1;0;0;0;0;1;;;;;2;0;1;0;0
18/08/2011;08:13:00;18;sem vitima;8,8;BR-392/RS;Sul;Abalr.Mesmo Sentido;1;0;0;0;0;0;;;;;1;0;0;0;0
18/08/2011;21:22:00;85;com vitima;27,1;BR-392/RS;Sul;Saida de Pista;0;0;3;0;0;0;;;;;1;0;0;1;0
19/08/2011;13:19:00;60;sem vitima;4,8;BR-392/RS;Norte;Atropelamento;0;0;1;0;0;0;;;;;1;0;0;0;0
19/08/2011;17:37:00;80;com vitima;16,1;BR-392/RS;Norte;Saida de Pista;1;0;0;0;0;0;;;;;0;2;0;0;0
19/08/2011;09:34:00;33;com vitima;76,4;BR-392/RS;Sul;Saida de Pista;1;0;0;0;0;0;;;;;0;0;2;0;0
19/08/2011;00:00:00;1;sem vitima;527,8;BR-116/RS;Sul;Colisao Traseira;2;0;0;0;0;0;;;;;6;0;0;0;0
19/08/2011;18:45:00;88;com vitima;530,5;BR-116/RS;Norte;Saida de Pista;0;0;0;1;0;0;;;;;0;1;0;0;0
19/08/2011;20:57:00;101;com vitima;568,4;BR-116/RS;Norte;Saida de Pista;1;0;0;0;0;0;;;;;2;1;0;0;0
20/08/2011;07:54:00;32;sem vitima;66,8;BR-392/RS;Norte;Saida de Pista;2;0;0;0;0;0;;;;;2;0;0;0;0
21/08/2011;12:29:00;35;sem vitima;30,1;BR-392/RS;Sul;Atropelamento de animal;2;0;0;0;0;0;;;;;5;0;0;0;0
21/08/2011;13:29:00;42;sem vitima;49,2;BR-392/RS;Norte;Saida de Pista;1;0;0;0;0;0;;;;;2;0;0;0;0
21/08/2011;19:02:00;75;sem vitima;613,1;BR-116/RS;Sul;Abalr. Transversal;2;0;0;0;0;0;;;;;3;0;0;0;0
22/08/2011;19:11:00;95;com vitima;8,9;BR-392/RS;Sul;Abalr. Transversal;1;0;0;0;0;0;;;;;0;1;0;0;0
22/08/2011;14:28:00;64;sem vitima;60,3;BR-392/RS;Norte;Colisao com Objeto Fixo;1;0;0;1;0;0;;;;;2;0;0;0;0
23/08/2011;09:48:00;28;com vitima;162,6;BR-293/RS;Norte;Saida de Pista;0;0;0;1;0;0;;;;;0;0;1;0;0
23/08/2011;18:17:00;83;com vitima;606,3;BR-116/RS;Sul;Saida de Pista;1;0;0;1;0;0;;;;;3;0;0;1;1
24/08/2011;08:31:00;19;com vitima;26;BR-392/RS;Norte;Colisao Frontal;1;0;0;0;0;0;;;;;0;1;0;0;0
24/08/2011;09:12:00;24;sem vitima;522,1;BR-116/RS;Sul;Colisao Traseira;1;0;0;0;0;0;;;;;1;0;0;0;0
25/08/2011;07:21:00;15;sem vitima;8,5;BR-392/RS;Norte;abalr.mesmo Sentido;1;0;2;0;0;0;;;;;3;0;0;0;0
25/08/2011;17:45:00;82;sem vitima;428,7;BR-116/RS;Sul;Colisao Traseira;2;0;2;0;0;0;;;;;6;0;0;0;0
25/08/2011;10:21:00;34;com vitima;75,8;BR-392/RS;Norte;Abalr.Transversal;1;0;0;0;1;0;;;;;1;0;0;1;0
25/08/2011;11:18:00;41;com vitima;125,5;BR-392/RS;Sul;Saida de Pista;0;0;2;0;0;0;;;;;0;0;0;1;0
26/08/2011;21:02:00;120;sem vitima;432,3;BR-116/RS;Norte;Saida de Pista;1;0;0;0;0;0;;;;;3;0;0;0;0
26/08/2011;10:16:00;42;com vitima;459,1;BR-116/RS;Norte;Colisao Traseira;1;0;0;1;0;0;;;;;4;0;1;0;0
26/08/2011;09:49:00;36;com vitima;65,5;BR-392/RS;Sul;Colisao com Objeto Fixo;1;0;0;0;0;0;;;;;0;1;3;0;0
26/08/2011;10:41:00;43;com vitima;69,9;BR-392/RS;Sul;Abalr.Transversal;1;0;0;0;0;0;;;;;1;0;1;0;0
27/08/2011;06:53:00;24;sem vitima;6,5;BR-392/RS;Sul;Abalr. Transversal;1;0;0;0;0;0;;;;;2;0;0;0;0
27/08/2011;18:54:00;83;sem vitima;26,6;BR-392/RS;Norte;Saida de Pista;0;0;2;0;0;0;;;;;1;0;0;0;0
27/08/2011;10:27:00;38;sem vitima;52;BR-293/RS;Norte;Outros tipos de Acidente;2;0;0;0;0;0;;;;;10;0;0;0;0
27/08/2011;18:36:00;82;sem vitima;534;BR-116/RS;Norte;Colisao Traseira;2;0;0;0;0;0;;;;;8;0;0;0;0
28/08/2011;23:52:00;106;com vitima;5,7;BR-392/RS;Norte;Abalr. Transversal;1;0;0;0;0;0;;;;;1;0;0;0;1
29/08/2011;04:05:00;13;com vitima;6,2;BR-392/RS;Norte;Colisao com Objeto Fixo;1;0;0;0;0;0;;;;;0;1;0;0;0
30/08/2011;07:52:00;12;com vitima;8,5;BR-392/RS;Sul;Colisao Traseira;0;0;2;0;0;0;;;;;0;0;1;0;0
31/08/2011;17:47:00;89;sem vitima;12;BR-293/RS;Norte;Abalr. Mesmo Sentido;0;0;0;0;1;0;;;;;1;0;0;0;0
31/08/2011;00:47:00;1;sem vitima;521,1;BR-116/RS;Sul;Atropelamento de animal;1;0;2;0;0;0;;;;;3;0;0;0;0
31/08/2011;17:55:00;90;com vitima;4;BR-604/RS;Sul;Saida de Pista;1;0;0;0;0;0;;;;;0;3;1;1;0
31/08/2011;15:16:00;73;com vitima;524,4;BR-116/RS;Sul;Abalr. Transversal;1;0;0;0;0;0;;;;;0;1;1;0;0
01/09/2011;01:59:00;6;com vitima;19,2;BR-392/RS;Sul;Capotamento;1;0;0;1;0;0;;;;;0;2;0;0;0
02/09/2011;20:00:00;96;sem vitima;19,4;BR-392/RS;Norte;Atropelamento;1;0;0;0;0;0;;;;;1;0;0;0;0
02/09/2011;13:46:00;59;com vitima;513,7;BR-116/RS;Norte;Colisao Traseira;1;0;0;1;0;0;;;;;1;0;1;0;0
03/09/2011;14:17:00;55;com vitima;453,1;BR-116/RS;Sul;Saida de Pista;1;0;1;0;0;0;;;;;0;2;0;0;0
03/09/2011;07:13:00;16;com vitima;63,5;BR-392/RS;Sul;Saida de Pista;0;0;0;1;0;0;;;;;0;2;0;0;0
03/09/2011;08:26:00;18;com vitima;524,3;BR-116/RS;Norte;Tombamento;2;0;0;0;0;0;;;;;0;2;0;0;0
03/09/2011;08:10:00;17;sem vitima;524,4;BR-116/RS;Norte;Colisao com Objeto Fixo;2;0;0;0;0;0;;;;;3;0;0;0;0
03/09/2011;00:16:00;3;sem vitima;526,8;BR-116/RS;Sul;Saida de Pista;1;0;0;0;0;0;;;;;1;0;0;0;0
04/09/2011;16:21:00;58;com vitima;42;BR-392/RS;Sul;Atropelamento de animal;0;0;0;1;0;0;;;;;0;0;2;0;0
04/09/2011;05:20:00;15;com vitima;61,1;BR-392/RS;Sul;Saida de Pista;0;0;0;1;0;0;;;;;0;1;0;0;0
04/09/2011;21:13:00;87;sem vitima;172,4;BR-293/RS;Norte;Saida de Pista;2;0;0;0;0;0;;;;;4;0;0;0;0
05/09/2011;19:59:00;90;com vitima;17,3;BR-293/RS;Norte;Atropelamento de animal;1;0;0;0;0;0;;;;;0;1;1;0;0
05/09/2011;03:17:00;10;com vitima;89,5;BR-293/RS;Norte;Saida de Pista;0;0;0;1;0;0;;;;;0;0;2;0;0
05/09/2011;18:58:00;87;com vitima;66,4;BR-392/RS;Norte;Colisao Traseira;1;1;0;0;0;0;;;;;2;0;0;0;1
06/09/2011;22:40:00;90;com vitima;11,4;BR-392/RS;Norte;Colisao Traseira;0;0;2;1;0;0;;;;;3;1;0;0;0
07/09/2011;14:09:00;52;com vitima;8,9;BR-392/RS;Sul;Saida de Pista;0;0;2;0;0;1;;;;;1;1;0;0;0
07/09/2011;17:52:00;76;sem vitima;41,2;BR-293/RS;Norte;Tombamento;1;0;2;0;0;0;;;;;2;0;0;0;0
07/09/2011;23:09:00;103;com vitima;481,8;BR-116/RS;Sul;Tombamento;0;0;0;1;0;1;;;;;1;0;1;0;0
07/09/2011;19:05:00;87;sem vitima;71,3;BR-392/RS;Sul;Colisao Traseira;1;0;0;0;0;0;;;;;2;0;0;0;0
08/09/2011;08:18:00;22;com vitima;14;BR-293/RS;Norte;Atropelamento;1;0;0;1;0;0;;;;;1;1;0;0;0
08/09/2011;15:05:00;65;com vitima;0,8;BR-604/RS;Sul;Colisao Traseira;0;0;0;1;0;0;;;;;1;0;1;0;0
08/09/2011;16:06:00;75;sem vitima;482,6;BR-116/RS;Norte;Colisao Traseira;1;0;0;0;0;0;;;;;1;0;0;0;0
08/09/2011;21:37:00;103;com vitima;94;BR-392/RS;Norte;Tombamento;1;1;0;0;0;0;;;;;3;0;0;1;0
09/09/2011;23:19:00;117;sem vitima;127,3;BR-293/RS;Norte;Colisao com Objeto Fixo;1;0;0;1;0;0;;;;;2;0;0;0;0
09/09/2011;04:39:00;13;com vitima;527,5;BR-116/RS;Sul;Colisao com Objeto Fixo;1;0;0;1;0;0;;;;;1;0;1;2;0
09/09/2011;09:35:00;29;com vitima;527,7;BR-116/RS;Norte;Colisao Traseira;1;0;0;0;1;0;;;;;5;2;0;2;0
10/09/2011;07:16:00;19;com vitima;413,4;BR-116/RS;Sul;Colisao Frontal;0;0;0;1;0;0;;;;;0;1;0;0;0
10/09/2011;01:27:00;6;com vitima;14,4;BR-293/RS;Norte;Atropelamento de animal;0;0;0;1;0;0;;;;;0;1;0;0;0
10/09/2011;02:02:00;7;sem vitima;90,3;BR-392/RS;Sul;Tombamento;0;0;1;0;0;1;;;;;2;0;0;0;0
10/09/2011;10:02:00;25;sem vitima;529,3;BR-116/RS;Sul;Abalr.Transversal;1;0;0;0;0;0;;;;;4;0;0;0;0
12/09/2011;16:27:00;81;sem vitima;415,2;BR-116/RS;Sul;Abalr.Transversal;0;0;0;1;0;0;;;;;1;0;0;0;0
12/09/2011;10:38:00;39;sem vitima;42,3;BR-392/RS;Sul;Colisao Traseira;2;0;0;0;0;0;;;;;2;0;0;0;0
12/09/2011;00:24:00;4;com vitima;91,1;BR-392/RS;Norte;Saida de Pista;1;0;0;0;0;0;;;;;0;2;2;1;0
12/09/2011;07:09:00;12;com vitima;530,3;BR-116/RS;Norte;Atropelamento de animal;1;0;0;0;0;0;;;;;1;1;0;0;0
13/09/2011;07:43:00;28;sem vitima;426,4;BR-116/RS;Norte;Saida de Pista;1;0;0;0;0;0;;;;;4;0;0;0;0
14/09/2011;15:52:00;60;com vitima;516,1;BR-116/RS;Norte;Abalr.Transversal;1;0;2;1;1;0;;;;;1;1;4;0;1
14/09/2011;16:04:00;61;com vitima;73,1;BR-392/RS;Sul;Colisao Traseira;1;0;0;0;0;0;;;;;0;1;2;0;0
14/09/2011;01:43:00;10;com vitima;117;BR-392/RS;Norte;Saida de Pista;0;0;0;1;0;0;;;;;0;2;0;0;0
15/09/2011;05:27:00;16;com vitima;446,3;BR-116/RS;Sul;Saida de Pista;0;0;0;2;0;0;;;;;0;2;0;0;0
15/09/2011;13:56:00;53;sem vitima;454,2;BR-116/RS;Norte;Abalroamento Mesmo Sentido;1;0;0;0;0;0;;;;;2;0;0;0;0
15/09/2011;09:56:00;28;sem vitima;485,8;BR-116/RS;Norte;Abalr.Transversal;1;0;0;0;0;0;;;;;1;0;0;0;0
15/09/2011;10:13:00;29;sem vitima;117,2;BR-392/RS;Sul;Saida de Pista;1;0;0;0;0;0;;;;;3;0;0;0;0
16/09/2011;04:09:00;15;com vitima;429,8;BR-116/RS;Sul;Colisao com Objeto Fixo;3;0;0;0;0;0;;;;;4;0;4;1;1
16/09/2011;17:53:00;89;sem vitima;12,2;BR-392/RS;Norte;Colisao Traseira;3;0;0;0;0;0;;;;;9;0;0;0;0
16/09/2011;18:21:00;91;com vitima;514,4;BR-116/RS;Sul;Abalr.Transversal;3;0;0;0;0;0;;;;;9;0;1;0;0
17/09/2011;01:50:00;9;sem vitima;4,5;BR-392/RS;Sul;Saida de Pista;2;0;0;0;0;5;;;;;0;0;0;0;0
17/09/2011;16:53:00;75;sem vitima;467,9;BR-116/RS;Norte;Tombamento;2;0;0;0;0;0;;;;;0;0;0;0;0
18/09/2011;23:45:00;81;com vitima;437,5;BR-116/RS;Norte;Abalroamento Mesmo Sentido;1;0;0;0;0;0;;;;;0;6;0;0;0
18/09/2011;00:34:00;4;sem vitima;73,1;BR-293/RS;Norte;Saida de Pista;1;0;0;0;0;0;;;;;4;0;0;0;0
18/09/2011;07:04:00;14;sem vitima;59,6;BR-392/RS;Norte;Colisao com Objeto Fixo;1;0;0;0;0;0;;;;;3;0;0;0;0
18/09/2011;18:49:00;61;com vitima;93,4;BR-392/RS;Sul;Abalr.Transversal;0;0;1;0;0;0;;;;;0;1;0;0;0
19/09/2011;18:53:00;87;com vitima;4;BR-392/RS;Sul;Atropelamento de animal;1;1;0;0;0;0;;;;;3;1;0;0;0
19/09/2011;20:01:00;98;com vitima;4;BR-392/RS;Norte;Colisao Traseira;0;0;0;1;0;0;;;;;0;1;1;0;0
19/09/2011;18:24:00;81;com vitima;12;BR-392/RS;Sul;Abalroamento Transversal;1;0;0;0;0;0;;;;;0;1;0;0;0