data;horario;n_da_ocorrencia;tipo_de_ocorrencia;km;trecho;sentido;tipo_de_acidente;automovel;bicicleta;caminhao;moto;onibus;outros;tracao_animal;transporte_de_cargas_especiais;trator_maquinas;utilitarios;ilesos;levemente_feridos;moderadamente_feridos;gravemente_feridos;mortos
19/09/2011;19:44:00;94;com vitima;42,6;BR-392/RS;Norte;Abalroamento Transversal;2;0;0;0;0;0;;;;;1;5;0;0;0
19/09/2011;20:07:00;99;com vitima;158;BR-293/RS;Norte;Abalroamento Sentido Oposto;1;0;2;0;0;0;;;;;1;0;0;0;1
20/09/2011;15:20:00;45;com vitima;442,4;BR-116/RS;Sul;Saida de Pista;1;0;2;0;0;0;;;;;1;0;0;1;0
21/09/2011;01:08:00;8;com vitima;11,7;BR-293/RS;Norte;Saida de Pista;1;0;0;0;0;0;;;;;0;1;0;0;0
21/09/2011;01:43:00;10;sem vitima;425;BR-116/RS;Norte;Tombamento;0;0;3;0;0;0;;;;;3;0;0;0;0
21/09/2011;21:12:00;102;com vitima;468,3;BR-116/RS;Norte;Colisao Traseira;2;0;0;1;0;0;;;;;5;1;0;0;0
21/09/2011;07:11:00;21;com vitima;526,4;BR-116/RS;Norte;Abalroamento Transversal;0;0;0;1;0;0;;;;;0;1;1;0;0
22/09/2011;19:46:00;97;com vitima;3,9;BR-392/RS;Sul;Colisao Traseira;0;0;2;0;0;0;;;;;0;1;0;0;0
22/09/2011;06:18:00;15;sem vitima;5,3;BR-392/RS;Norte;Abalroamento Transversal;2;0;0;0;0;0;;;;;4;0;0;0;0
22/09/2011;16:31:00;79;com vitima;38,8;BR-392/RS;Norte;Saida de Pista;0;0;0;2;0;0;;;;;1;0;0;2;0
22/09/2011;18:56:00;88;sem vitima;43;BR-392/RS;Norte;Outros tipos de acidente;1;0;0;0;0;0;;;;;0;0;0;0;0
22/09/2011;07:38:00;22;com vitima;520,9;BR-116/RS;Sul;Abalroamento Transversal;0;0;0;1;0;0;;;;;0;2;0;0;0
22/09/2011;21:28:00;109;com vitima;585,6;BR-116/RS;Sul;Colisao Traseira;0;1;0;1;0;0;;;;;0;2;0;0;0
23/09/2011;21:47:00;108;sem vitima;17,4;BR-293/RS;Norte;Abalr.Sentido Oposto;2;0;0;0;0;0;;;;;2;0;0;0;0
23/09/2011;19:14:00;93;sem vitima;117;BR-392/RS;Norte;Saida de Pista;0;0;1;0;0;0;;;;;1;0;0;0;0
23/09/2011;20:19:00;101;com vitima;117;BR-392/RS;Norte;Saida de Pista;0;0;3;0;0;0;;;;;6;2;0;0;0
23/09/2011;20:19:00;102;sem vitima;117;BR-392/RS;Norte;Saida de Pista;0;0;2;0;0;0;;;;;2;0;0;0;0
23/09/2011;14:42:00;61;com vitima;117,7;BR-392/RS;Sul;Saida de Pista;0;0;0;1;0;0;;;;;0;0;1;0;0
23/09/2011;15:26:00;64;com vitima;120,7;BR-392/RS;Norte;Abalroamento Transversal;0;0;0;1;0;0;;;;;0;1;0;0;0
23/09/2011;15:05:00;62;sem vitima;199,9;BR-392/RS;Norte;Abalroamento Transversal;0;0;2;0;0;0;;;;;4;0;0;0;0
24/09/2011;21:56:00;80;com vitima;37;BR-392/RS;Norte;Abalroamento no Mesmo Sentido;1;0;0;0;0;0;;;;;0;1;0;0;0
24/09/2011;21:27:00;79;sem vitima;123,5;BR-293/RS;Norte;Atropelamento de animal;1;0;0;0;0;0;;;;;1;0;0;0;0
25/09/2011;21:30:00;81;com vitima;485,4;BR-116/RS;Sul;Saida de Pista;1;0;0;0;0;0;;;;;0;0;1;0;0
25/09/2011;00:28:00;2;com vitima;570,6;BR-116/RS;Sul;Saida de Pista;1;0;0;0;0;0;;;;;0;3;0;0;0
26/09/2011;10:27:00;41;com vitima;18;BR-392/RS;Sul;Abalroamento Transversal;0;0;0;1;0;0;;;;;0;1;0;0;0
26/09/2011;06:48:00;17;com vitima;102,6;BR-293/RS;Norte;Saida de Pista;1;0;0;1;0;0;;;;;2;1;1;0;0
26/09/2011;04:48:00;13;com vitima;526,4;BR-116/RS;Sul;Saida de Pista;0;0;0;1;0;0;;;;;0;2;0;0;0
27/09/2011;17:01:00;84;com vitima;16,3;BR-392/RS;Sul;Abalroamento Transversal;1;0;0;0;0;0;;;;;0;1;0;0;0
27/09/2011;22:34:00;119;sem vitima;122,1;BR-392/RS;Norte;Outros tipos de acidente;0;0;4;0;0;0;;;;;1;0;0;0;0
27/09/2011;17:04:00;85;sem vitima;645;BR-116/RS;Sul;Tombamento;0;0;2;0;0;0;;;;;4;0;0;0;0
28/09/2011;18:56:00;98;sem vitima;5;BR-392/RS;Sul;Tombamento;0;0;3;0;0;0;;;;;3;0;0;0;0
28/09/2011;00:27:00;2;com vitima;449;BR-116/RS;Norte;Atropelamento de animal;1;0;2;0;0;0;;;;;2;0;0;2;2
28/09/2011;21:06:00;110;com vitima;519,3;BR-116/RS;Norte;Abalroamento Transversal;1;0;1;0;0;0;;;;;2;0;2;2;0
28/09/2011;07:08:00;17;sem vitima;526,6;BR-116/RS;Norte;Colisao Traseira;1;0;0;0;0;0;;;;;3;0;0;0;0
29/09/2011;21:36:00;100;com vitima;5,5;BR-392/RS;Norte;Saida de Pista;1;0;0;1;0;0;;;;;2;0;1;0;0
29/09/2011;07:09:00;14;com vitima;9,8;BR-392/RS;Sul;Abalroamento Transversal;1;0;2;0;0;0;;;;;4;2;0;0;0
29/09/2011;05:30:00;11;com vitima;474,6;BR-116/RS;Sul;Outros tipos de acidente;1;0;0;0;0;0;;;;;0;1;0;0;0
29/09/2011;09:30:00;23;com vitima;510;BR-116/RS;Norte;Abalroamento Transversal;1;0;0;0;0;0;;;;;0;1;0;0;0
29/09/2011;02:15:00;10;com vitima;139;BR-392/RS;Norte;Saida de Pista;1;0;0;0;0;0;;;;;0;1;0;0;0
30/09/2011;09:47:00;26;com vitima;6,4;BR-392/RS;Sul;Abalroamento Transversal;0;0;1;0;0;0;;;;;1;1;0;0;0
30/09/2011;18:58:00;86;sem vitima;63,7;BR-293/RS;Norte;Saida de Pista;1;0;0;0;1;0;;;;;29;0;0;0;0
30/09/2011;03:50:00;12;com vitima;65,5;BR-392/RS;Norte;Abalroamento Transversal;0;0;0;1;0;0;;;;;0;0;1;0;0
01/10/2011;00:46:00;2;sem vitima;460,5;BR-116/RS;Norte;Saida de Pista;2;0;0;0;0;0;;;;;3;0;0;0;0
01/10/2011;06:48:00;20;sem vitima;119,8;BR-392/RS;Sul;Colisao com Objeto Fixo;1;0;1;0;0;0;;;;;2;0;0;0;0
02/10/2011;22:21:00;80;sem vitima;400,8;BR-116/RS;Norte;Colisao Traseira;1;0;0;0;0;0;;;;;2;0;0;0;0
03/10/2011;17:07:00;52;com vitima;42,6;BR-392/RS;Sul;Abalroamento Mesmo Sentido;1;0;1;0;0;0;;;;;1;0;1;0;0
04/10/2011;13:27:00;52;com vitima;16,8;BR-392/RS;Sul;Abalroamento Transversal;0;0;0;2;0;0;;;;;0;2;0;0;0
04/10/2011;23:06:00;91;sem vitima;87,4;BR-293/RS;Norte;Saida de Pista;0;0;2;0;0;0;;;;;1;0;0;0;0
05/10/2011;11:38:00;38;sem vitima;510,8;BR-116/RS;Norte;Abalroamento Transversal;0;0;4;0;0;0;;;;;2;0;0;0;0
05/10/2011;11:06:00;36;com vitima;66,9;BR-392/RS;Norte;Abalroamento Transversal;2;0;0;0;0;0;;;;;3;1;0;0;0
06/10/2011;14:41:00;69;com vitima;32,2;BR-392/RS;Sul;Abalroamento Transversal;0;0;2;1;0;0;;;;;1;1;1;0;0
06/10/2011;15:28:00;77;com vitima;67;BR-392/RS;Norte;Abalroamento Transversal;0;0;1;1;0;0;;;;;1;0;0;1;0
06/10/2011;16:29:00;84;com vitima;534,1;BR-116/RS;Norte;Colisao Traseira;1;0;0;1;0;0;;;;;3;0;2;0;0
08/10/2011;07:01:00;16;sem vitima;17,5;BR-392/RS;Sul;Abalroamento Sentido Oposto;2;0;0;0;0;0;;;;;3;0;0;0;0
08/10/2011;00:17:00;1;com vitima;32;BR-392/RS;Norte;Colisao Traseira;0;0;1;0;0;0;;;;;0;0;2;0;0
08/10/2011;06:44:00;15;sem vitima;78;BR-392/RS;Norte;Saida de Pista;1;0;0;0;0;0;;;;;2;0;0;0;0
08/10/2011;17:18:00;61;sem vitima;531,8;BR-116/RS;Sul;Tombamento;0;0;2;0;0;0;;;;;2;0;0;0;0
09/10/2011;23:22:00;99;sem vitima;77;BR-392/RS;Norte;Saida de Pista;0;0;1;0;0;0;;;;;1;0;0;0;0
09/10/2011;03:47:00;14;sem vitima;117,6;BR-392/RS;Sul;Saida de Pista;1;0;0;0;0;0;;;;;1;0;0;0;0
10/10/2011;07:33:00;14;com vitima;12;BR-293/RS;Norte;Colisao Traseira;1;0;0;0;0;0;;;;;1;1;0;0;0
10/10/2011;18:25:00;78;sem vitima;430,4;BR-116/RS;Sul;Colisao Traseira;2;0;0;0;0;0;;;;;5;0;0;0;0
10/10/2011;20:32:00;93;com vitima;9,5;BR-392/RS;Norte;Atropelamento;1;0;2;0;0;0;;;;;2;1;1;0;0
10/10/2011;12:03:00;46;com vitima;15,5;BR-293/RS;Norte;Abalroamento Transversal;1;0;2;0;0;0;;;;;1;1;0;0;0
10/10/2011;19:28:00;86;com vitima;18,2;BR-392/RS;Sul;Atropelamento de animal;0;0;3;0;0;0;;;;;1;0;0;1;0
10/10/2011;20:13:00;92;com vitima;19,4;BR-392/RS;Norte;Abalroamento Transversal;1;0;0;1;0;0;;;;;1;0;1;0;0
10/10/2011;04:21:00;10;sem vitima;73,1;BR-293/RS;Norte;Saida de Pista;1;0;5;0;0;0;;;;;6;0;0;0;0
11/10/2011;17:52:00;74;com vitima;12,1;BR-392/RS;Norte;Abalroamento Transversal;0;0;0;1;0;0;;;;;0;1;0;0;0
11/10/2011;04:23:00;13;com vitima;94,1;BR-392/RS;Norte;Capotamento;0;0;0;1;0;0;;;;;0;1;1;0;0
12/10/2011;18:36:00;68;sem vitima;35,4;BR-293/RS;Norte;Abalroamento Transversal;0;0;2;0;0;0;;;;;1;0;0;0;0
12/10/2011;18:38:00;69;com vitima;119,5;BR-392/RS;Sul;Saida de Pista;0;0;0;1;0;0;;;;;0;2;0;0;0
13/10/2011;18:04:00;60;com vitima;2,9;BR-392/RS;Sul;Abalroamento Transversal;1;0;0;0;0;0;;;;;0;0;1;0;0
13/10/2011;08:02:00;14;sem vitima;13,7;BR-293/RS;Norte;Abalroamento em mesmo sentido;0;0;0;1;0;0;;;;;1;0;0;0;0
13/10/2011;16:38:00;55;com vitima;10,4;BR-392/RS;Norte;Abalroamento Transversal;2;0;0;0;0;0;;;;;3;1;0;0;0
13/10/2011;19:17:00;73;com vitima;450,7;BR-116/RS;Sul;Colisao Traseira;1;0;0;1;0;0;;;;;4;1;1;0;0
13/10/2011;21:48:00;81;sem vitima;25,6;BR-392/RS;Norte;Atropelamento de animal;1;0;1;0;0;0;;;;;6;0;0;0;0
13/10/2011;18:31:00;64;sem vitima;600,3;BR-116/RS;Sul;Saida de Pista;0;0;4;0;0;0;;;;;2;0;0;0;0
14/10/2011;19:37:00;94;sem vitima;33,2;BR-293/RS;Norte;Atropelamento de animal;2;0;2;0;0;0;;;;;5;0;0;0;0
14/10/2011;22:39:00;103;com vitima;481;BR-116/RS;Norte;Saida de Pista;1;0;0;0;0;0;;;;;0;0;1;0;0
14/10/2011;22:23:00;102;com vitima;87,8;BR-293/RS;Norte;Atropelamento de animal;0;0;2;1;0;0;;;;;1;0;1;0;0
15/10/2011;08:40:00;21;com vitima;1,6;BR-392/RS;Norte;Abalroamento Sentido Oposto;1;0;0;0;0;0;;;;;0;1;1;0;0
15/10/2011;12:01:00;45;com vitima;13,4;BR-392/RS;Norte;Colisao Traseira;0;0;0;1;0;0;;;;;0;1;0;0;0
16/10/2011;21:03:00;83;sem vitima;481,5;BR-116/RS;Norte;Abalr. Transversal;1;0;0;0;0;0;;;;;1;0;0;0;0
16/10/2011;11:28:00;22;sem vitima;521,4;BR-116/RS;Norte;Abalr. Transversal;0;0;1;0;0;0;;;;;1;0;0;0;0
16/10/2011;18:50:00;70;com vitima;76,6;BR-392/RS;Sul;Colisao Traseira;1;0;0;0;0;0;;;;;0;1;0;0;0
16/10/2011;23:13:00;91;com vitima;562,2;BR-116/RS;Norte;Saida de Pista;1;0;0;0;0;0;;;;;0;3;0;0;0
17/10/2011;16:02:00;71;com vitima;14,7;BR-392/RS;Norte;Colisao Traseira;1;0;2;0;0;0;;;;;2;3;1;1;1
17/10/2011;21:36:00;115;com vitima;26,8;BR-392/RS;Norte;Saida de Pista;1;0;1;0;0;0;;;;;2;1;1;0;0
17/10/2011;07:13:00;16;com vitima;66,9;BR-392/RS;Sul;Abalr. Transversal;1;0;0;0;0;0;;;;;0;1;0;0;0
17/10/2011;00:52:00;1;com vitima;525,2;BR-116/RS;Sul;Tombamento;1;0;0;0;0;0;;;;;0;1;0;0;0
18/10/2011;06:26:00;15;sem vitima;406,1;BR-116/RS;Norte;Atropelamento de animal;1;0;0;0;1;0;;;;;25;0;0;0;0
18/10/2011;20:01:00;103;com vitima;29,9;BR-392/RS;Norte;Abalroamento Transversal;0;0;0;1;0;0;;;;;0;1;0;0;0
18/10/2011;20:42:00;108;sem vitima;626,4;BR-116/RS;Norte;Atropelamento de animal;4;0;0;0;0;0;;;;;7;0;0;0;0
19/10/2011;17:50:00;82;sem vitima;19,4;BR-392/RS;Norte;Abalroamento Transversal;2;0;0;0;0;0;;;;;8;0;0;0;0
19/10/2011;17:33:00;80;com vitima;525,5;BR-116/RS;Norte;Abalroamento Transversal;1;0;2;0;0;0;;;;;4;1;0;0;0
19/10/2011;20:58:00;105;com vitima;112,5;BR-392/RS;Norte;Abalroamento Transversal;1;0;0;1;0;0;;;;;0;2;1;0;0
20/10/2011;17:57:00;79;sem vitima;507,9;BR-116/RS;Norte;Colisao Frontal;2;0;0;0;0;0;;;;;7;0;0;0;0
21/10/2011;04:55:00;13;sem vitima;38,6;BR-392/RS;Norte;Saida de Pista;1;0;0;0;0;0;;;;;3;0;0;0;0
23/10/2011;23:00:00;86;sem vitima;529,6;BR-116/RS;Norte;Tombamento;1;0;0;0;0;0;;;;;1;0;0;0;0
24/10/2011;01:29:00;6;com vitima;420,6;BR-116/RS;Sul;Saida de Pista;1;0;0;0;0;0;;;;;0;1;0;0;0
24/10/2011;14:53:00;60;com vitima;519,2;BR-116/RS;Sul;Abalroamento Transversal;1;0;0;1;0;0;;;;;2;0;0;1;0
25/10/2011;19:20:00;86;sem vitima;42,7;BR-392/RS;Sul;Colisao Traseira;2;0;0;0;0;0;;;;;7;0;0;0;0
25/10/2011;15:40:00;61;com vitima;43,4;BR-392/RS;Sul;Abalromanemto mesmo sentido;3;0;3;0;0;0;;;;;8;1;0;0;0
25/10/2011;12:47:00;45;com vitima;67,3;BR-293/RS;Norte;Tombamento;0;0;0;1;0;0;;;;;0;0;1;0;0
26/10/2011;19:18:00;74;sem vitima;66,9;BR-392/RS;Sul;Abalroamento Transversal;1;0;0;0;0;0;;;;;1;0;0;0;0
27/10/2011;09:08:00;24;com vitima;487,7;BR-116/RS;Sul;Abalroamento Sentido Oposto;0;1;0;1;0;0;;;;;0;0;3;0;0
28/10/2011;11:23:00;39;sem vitima;21,8;BR-293/RS;Norte;Colisao Traseira;1;0;0;0;0;0;;;;;1;0;0;0;0
28/10/2011;08:51:00;17;sem vitima;453;BR-116/RS;Sul;Abalroamento em mesmo sentido;2;0;0;0;0;0;;;;;4;0;0;0;0
28/10/2011;18:37:00;93;sem vitima;474;BR-116/RS;Norte;Colisao Frontal;3;0;0;0;0;0;;;;;4;0;0;0;0
29/10/2011;13:45:00;63;sem vitima;528;BR-116/RS;Sul;Outros Tipos de Acidente;2;0;0;0;0;0;;;;;8;0;0;0;0
30/10/2011;20:38:00;82;sem vitima;477,6;BR-116/RS;Norte;Colisao Traseira;1;0;0;0;0;0;;;;;2;0;0;0;0
30/10/2011;17:25:00;58;sem vitima;493,6;BR-116/RS;Sul;Tombamento;1;0;2;0;0;0;;;;;5;0;0;0;0
30/10/2011;16:55:00;55;com vitima;530,1;BR-116/RS;Sul;Abalroamento Transversal;1;0;2;0;0;0;;;;;2;1;1;0;0
01/11/2011;01:51:00;7;sem vitima;463,7;BR-116/RS;Norte;Colisao Traseira;2;0;0;0;0;0;;;;;6;0;0;0;0
01/11/2011;19:12:00;83;com vitima;519,2;BR-116/RS;Norte;Colisao Traseira;1;0;0;1;0;0;;;;;1;0;0;1;0
01/11/2011;11:35:00;37;sem vitima;90,7;BR-392/RS;Norte;Colisao Traseira;0;0;2;0;0;0;;;;;1;0;0;0;0
01/11/2011;21:13:00;97;com vitima;103,1;BR-392/RS;Sul;Colisao Traseira;2;0;1;0;0;0;;;;;2;0;0;1;0
02/11/2011;08:58:00;18;com vitima;510,6;BR-116/RS;Sul;Abalr. Transversal;0;0;2;1;0;0;;;;;1;0;0;1;0
02/11/2011;09:57:00;27;sem vitima;614,7;BR-116/RS;Norte;Abalr. Transversal;0;0;2;0;0;0;;;;;1;0;0;0;0
03/11/2011;20:28:00;90;sem vitima;8,5;BR-392/RS;Norte;Colisao Traseira;1;0;1;0;0;0;;;;;4;0;0;0;0
04/11/2011;15:54:00;75;com vitima;427,5;BR-116/RS;Norte;Abalr. Transversal;1;0;0;0;0;0;;;;;0;1;0;1;0
04/11/2011;15:25:00;73;com vitima;520,9;BR-116/RS;Sul;Abalr. Transversal;1;0;2;0;0;0;;;;;1;1;0;0;0
05/11/2011;12:04:00;44;com vitima;83;BR-392/RS;Sul;Capotamento;0;0;0;1;0;0;;;;;0;0;2;0;0
06/11/2011;03:44:00;12;sem vitima;58,7;BR-392/RS;Sul;Atropelamento de Animal;1;0;0;0;0;0;;;;;1;0;0;0;0
06/11/2011;17:56:00;59;sem vitima;86;BR-392/RS;Sul;Abalroamento mesmo sentido;1;0;0;0;0;0;;;;;1;0;0;0;0
07/11/2011;07:17:00;19;com vitima;11,4;BR-392/RS;Sul;Atropelamento de Animal;0;0;2;0;0;0;;;;;0;1;0;0;0
07/11/2011;08:26:00;24;com vitima;41,1;BR-293/RS;Norte;Saida de Pista;0;0;3;0;0;0;;;;;1;0;1;0;0
07/11/2011;07:04:00;17;com vitima;118;BR-392/RS;Sul;Abalr. Transversal;0;0;0;1;0;0;;;;;0;0;1;0;0
08/11/2011;05:56:00;16;com vitima;4,5;BR-392/RS;Sul;Colisao Frontal;1;0;0;1;0;0;;;;;2;1;0;0;0
09/11/2011;07:02:00;15;sem vitima;5,1;BR-392/RS;Norte;Colisao Traseira;1;0;0;0;0;0;;;;;1;0;0;0;0
09/11/2011;16:30:00;72;sem vitima;15,7;BR-293/RS;Norte;Abalr.Mesmo Sentido;0;0;2;0;0;0;;;;;1;0;0;0;0
09/11/2011;18:48:00;87;com vitima;1;BR-604/RS;Sul;Abalr. Transversal;0;0;0;1;0;0;;;;;0;1;1;0;0
09/11/2011;16:18:00;70;com vitima;75,5;BR-392/RS;Sul;Tombamento;1;0;0;0;0;0;;;;;0;5;0;0;0
09/11/2011;16:04:00;69;com vitima;530,8;BR-116/RS;Norte;Atropelamento ;1;0;1;0;0;0;;;;;2;0;1;0;0
09/11/2011;20:28:00;100;com vitima;116;BR-392/RS;Norte;Saida de Pista;1;0;2;1;0;0;;;;;4;0;1;0;0
10/11/2011;13:51:00;59;com vitima;495,2;BR-116/RS;Norte;Saida de Pista;1;0;0;1;0;0;;;;;4;0;1;0;0
11/11/2011;17:14:00;83;com vitima;3,8;BR-392/RS;Sul;Colisao Traseira;1;0;0;1;0;0;;;;;4;1;0;0;0
11/11/2011;20:48:00;109;sem vitima;4,7;BR-392/RS;Sul;Atropelamento de Animal;2;0;0;0;0;0;;;;;7;0;0;0;0
11/11/2011;16:08:00;76;com vitima;464,9;BR-116/RS;Sul;Abalr. Transversal;0;0;1;1;0;0;;;;;1;0;0;1;1
11/11/2011;08:35:00;21;com vitima;99,7;BR-392/RS;Sul;Colisao Traseira;0;0;3;0;0;0;;;;;0;2;0;0;0
11/11/2011;21:27:00;111;sem vitima;547;BR-116/RS;Sul;Saida de Pista;0;0;2;0;0;0;;;;;2;0;0;0;0
12/11/2011;09:50:00;27;sem vitima;507,6;BR-116/RS;Sul;Saida de Pista;1;0;0;0;0;0;;;;;2;0;0;0;0
12/11/2011;16:51:00;63;com vitima;93,6;BR-392/RS;Norte;Tombamento;2;0;0;0;0;0;;;;;1;2;0;0;0
12/11/2011;02:36:00;13;com vitima;579,1;BR-116/RS;Norte;Saida de Pista;1;0;0;1;0;0;;;;;2;1;0;0;0
13/11/2011;16:44:00;51;com vitima;15,7;BR-293/RS;Norte;Abalroamento transversal;0;0;0;1;0;0;;;;;0;2;0;0;0
13/11/2011;21:12:00;77;com vitima;18,2;BR-392/RS;Norte;Saida de Pista;1;0;2;0;0;0;;;;;1;0;1;0;0
13/11/2011;19:22:00;71;com vitima;62,5;BR-293/RS;Norte;Tombamento;1;0;2;0;0;0;;;;;2;2;0;0;0
13/11/2011;14:36:00;41;sem vitima;523,9;BR-116/RS;Norte;Abalroamento transversal;0;0;1;0;0;1;;;;;2;0;0;0;0
14/11/2011;19:15:00;61;com vitima;456,5;BR-116/RS;Norte;Saida de Pista;1;0;1;0;0;0;;;;;1;0;0;2;0
15/11/2011;14:52:00;41;com vitima;11,3;BR-293/RS;Norte;Colisao Traseira;0;0;0;0;1;0;;;;;0;11;0;0;1
15/11/2011;22:11:00;96;com vitima;656,8;BR-116/RS;Sul;Colisao Traseira;0;0;2;1;0;0;;;;;2;0;0;1;0
16/11/2011;23:25:00;103;com vitima;11,7;BR-293/RS;Norte;Colisao Traseira;0;0;0;1;0;0;;;;;0;1;0;0;0
17/11/2011;11:43:00;42;sem vitima;9;BR-392/RS;Sul;Colisao Frontal ;1;0;0;0;0;0;;;;;2;0;0;0;0
17/11/2011;18:35:00;78;sem vitima;539,1;BR-116/RS;Norte;Saida de Pista;1;0;2;0;0;0;;;;;2;0;0;0;0
18/11/2011;05:00:00;14;sem vitima;118,4;BR-392/RS;Norte;Colisao com Objeto Fixo;2;0;0;0;0;0;;;;;6;0;0;0;0
19/11/2011;01:50:00;9;sem vitima;528,7;BR-116/RS;Sul;Atropelamento;1;0;0;0;0;0;;;;;4;0;0;0;0
19/11/2011;17:10:00;63;com vitima;118,5;BR-392/RS;Sul;Colisao com Objeto Fixo;1;0;0;0;0;0;;;;;0;1;0;0;0
20/11/2011;14:56:00;46;sem vitima;175;BR-392/RS;Norte;Abalroamento transversal;2;0;0;0;0;0;;;;;6;0;0;0;0
21/11/2011;20:58:00;80;sem vitima;115,9;BR-392/RS;Norte;Atropelamento;1;0;0;0;0;0;;;;;1;0;0;0;0
22/11/2011;12:07:00;51;sem vitima;18,1;BR-392/RS;Sul;Abalroamente Transversal;2;0;0;0;0;0;;;;;8;0;0;0;0
22/11/2011;15:19:00;65;sem vitima;19,4;BR-392/RS;Norte;Abalroamento transversal;0;0;0;1;0;0;;;;;1;0;0;0;0
22/11/2011;03:42:00;12;sem vitima;519,6;BR-116/RS;Norte;Saida de Pista;1;0;0;0;0;0;;;;;5;0;0;0;0
23/11/2011;07:04:00;13;sem vitima;42,2;BR-392/RS;Norte;Colisao Traseira;0;0;2;0;0;0;;;;;1;0;0;0;0
23/11/2011;07:30:00;16;sem vitima;62,1;BR-392/RS;Sul;Abalroamento transversal;1;0;0;0;0;0;;;;;1;0;0;0;0
24/11/2011;17:32:00;86;com vitima;415,9;BR-116/RS;Sul;Abalr.Mesmo Sentido;0;0;3;0;0;0;;;;;1;1;0;0;0
24/11/2011;07:15:00;22;sem vitima;23,2;BR-392/RS;Sul;Tombamento;0;0;1;0;0;0;;;;;1;0;0;0;0
24/11/2011;05:01:00;17;sem vitima;613,3;BR-116/RS;Sul;Atropelamento de Animal;1;0;0;0;0;0;;;;;1;0;0;0;0
25/11/2011;17:58:00;109;com vitima;7,1;BR-392/RS;Norte;Abalroamento transversal;1;0;0;0;0;0;;;;;0;0;1;0;0
25/11/2011;18:35:00;115;com vitima;427,5;BR-116/RS;Norte;Saida de Pista;0;0;2;0;0;0;;;;;0;1;0;0;0
25/11/2011;09:14:00;33;com vitima;430,7;BR-116/RS;Norte;Abalroamento mesmo sentido;1;0;0;1;0;0;;;;;1;1;1;0;0
25/11/2011;19:30:00;118;sem vitima;521,2;BR-116/RS;Sul;Tombamento;2;0;0;0;0;0;;;;;6;0;0;0;0
26/11/2011;07:07:00;13;com vitima;421,3;BR-116/RS;Sul;Saida de Pista;1;0;2;0;0;0;;;;;1;1;0;0;0
26/11/2011;19:26:00;81;com vitima;557,5;BR-116/RS;Norte;Saida de Pista;2;0;0;0;0;0;;;;;1;1;0;0;0
27/11/2011;21:10:00;83;sem vitima;4;BR-392/RS;Norte;Abalroamento transversal;0;0;5;0;0;0;;;;;3;0;0;0;0
27/11/2011;18:31:00;67;sem vitima;2,3;BR-604/RS;Sul;Colisao com Objeto Fixo;1;0;3;0;0;0;;;;;3;0;0;0;0
28/11/2011;07:32:00;16;com vitima;14;BR-293/RS;Norte;Abalroamento transversal;0;0;2;1;0;0;;;;;1;0;0;0;1
28/11/2011;23:52:00;97;sem vitima;39,4;BR-392/RS;Sul;Tombamento;0;0;2;0;0;0;;;;;1;0;0;0;0
28/11/2011;08:18:00;20;sem vitima;74,6;BR-392/RS;Norte;Abalroamento transversal;0;0;2;0;0;0;;;;;2;0;0;0;0
28/11/2011;18:06:00;74;sem vitima;529,2;BR-116/RS;Sul;Abalroamento transversal;1;0;0;0;0;0;;;;;4;0;0;0;0
28/11/2011;18:38:00;77;sem vitima;125;BR-392/RS;Norte;Abalroamento transversal;0;0;2;0;0;0;;;;;1;0;0;0;0
28/11/2011;12:18:00;50;com vitima;616,5;BR-116/RS;Norte;Saida de Pista;1;0;0;0;0;0;;;;;0;1;0;0;0
29/11/2011;16:01:00;74;sem vitima;4,8;BR-392/RS;Norte;Abalroamento transversal;1;0;0;0;0;0;;;;;2;0;0;0;0
29/11/2011;09:41:00;26;com vitima;521,1;BR-116/RS;Sul;Abalroamento mesmo sentido;2;0;0;0;0;0;;;;;1;1;0;0;0
30/11/2011;11:45:00;44;sem vitima;524,5;BR-116/RS;Sul;Colisao Traseira;1;0;2;0;0;0;;;;;2;0;0;0;0
01/12/2011;20:36:00;96;com vitima;52,5;BR-392/RS;Norte;Abalr.Mesmo Sentido;1;0;1;0;0;0;;;;;0;1;0;2;0
01/12/2011;11:21:00;39;sem vitima;524,3;BR-116/RS;Norte;Abalroamento Transversal;0;0;1;0;0;0;;;;;2;0;0;0;0
02/12/2011;03:35:00;15;com vitima;469,9;BR-116/RS;Norte;Saida de Pista;2;0;0;0;0;0;;;;;0;1;0;1;1
02/12/2011;04:09:00;16;sem vitima;61;BR-392/RS;Sul;Saida de Pista;1;0;2;0;0;0;;;;;3;0;0;0;0