data;horario;n_da_ocorrencia;tipo_de_ocorrencia;km;trecho;sentido;tipo_de_acidente;automovel;bicicleta;caminhao;moto;onibus;outros;tracao_animal;transporte_de_cargas_especiais;trator_maquinas;utilitarios;ilesos;levemente_feridos;moderadamente_feridos;gravemente_feridos;mortos
02/12/2011;09:36:00;28;com vitima;62;BR-392/RS;Sul;Colisao Traseira;1;0;0;0;1;0;;;;;1;0;1;0;0
02/12/2011;22:12:00;109;com vitima;74,3;BR-392/RS;Sul;Atropelamento de animal;2;0;0;0;0;0;;;;;3;0;1;0;0
03/12/2011;21:56:00;94;com vitima;162,2;BR-392/RS;Sul;Colisao Traseira;1;0;0;0;0;0;;;;;0;2;0;0;0
04/12/2011;22:09:00;91;com vitima;501,9;BR-116/RS;Sul;Colisao Traseira;2;0;0;0;0;0;;;;;2;0;1;0;0
05/12/2011;17:03:00;88;com vitima;407,1;BR-116/RS;Norte;Tombamento;1;0;2;0;0;0;;;;;1;0;1;0;0
05/12/2011;12:14:00;57;sem vitima;16,2;BR-392/RS;Norte;Tombamento;0;0;2;0;0;0;;;;;1;0;0;0;0
05/12/2011;00:46:00;4;sem vitima;60,5;BR-392/RS;Norte;Tombamento;1;0;1;0;0;0;;;;;4;0;0;0;0
05/12/2011;09:10:00;30;sem vitima;66,9;BR-392/RS;Sul;Abalr.Transversal;1;0;2;0;0;0;;;;;2;0;0;0;0
05/12/2011;08:03:00;25;com vitima;132,9;BR-293/RS;Norte;Saida de Pista;2;0;0;0;0;0;;;;;2;0;1;0;0
07/12/2011;12:01:00;39;com vitima;5;BR-392/RS;Norte;Saida de Pista;0;0;2;0;0;0;;;;;0;1;0;0;0
08/12/2011;17:58:00;83;com vitima;14,9;BR-293/RS;Norte;Abalroamento Transversal;0;0;0;1;0;0;;;;;0;1;0;0;0
08/12/2011;00:38:00;3;sem vitima;18,1;BR-392/RS;Sul;Abalroamento Transversal;1;0;0;1;0;0;;;;;3;0;0;0;0
08/12/2011;04:04:00;11;sem vitima;21,4;BR-392/RS;Sul;Atropelamento;0;0;3;0;0;0;;;;;3;0;0;0;0
08/12/2011;07:39:00;17;com vitima;522,2;BR-116/RS;Norte;Colisao Traseira;2;0;0;2;0;0;;;;;2;1;1;1;0
10/12/2011;23:52:00;99;sem vitima;26,3;BR-392/RS;Norte;Abalr.Sent.Oposto;0;0;2;0;0;0;;;;;1;0;0;0;0
10/12/2011;10:14:00;31;com vitima;478,8;BR-116/RS;Norte;Abalr.Sent.Oposto;1;0;0;1;0;0;;;;;1;0;1;0;0
11/12/2011;22:56:00;109;com vitima;523,9;BR-116/RS;Norte;Saida de Pista;0;0;2;0;0;0;;;;;0;0;1;0;0
11/12/2011;13:51:00;46;sem vitima;117;BR-392/RS;Norte;Abalroamento Transversal;1;0;2;0;0;0;;;;;5;0;0;0;0
11/12/2011;09:24:00;27;com vitima;575,3;BR-116/RS;Sul;Saida de Pista;0;0;0;0;1;0;;;;;0;17;4;2;0
12/12/2011;17:31:00;76;com vitima;31,1;BR-392/RS;Norte;Tombamento;0;0;0;1;0;0;;;;;0;0;1;0;0
12/12/2011;17:25:00;74;sem vitima;31,3;BR-392/RS;Norte;Colisao Traseira;1;0;0;0;0;0;;;;;1;0;0;0;0
12/12/2011;15:50:00;62;sem vitima;33,2;BR-392/RS;Norte;Tombamento;1;0;0;0;0;0;;;;;2;0;0;0;0
12/12/2011;07:01:00;16;com vitima;51,9;BR-293/RS;Norte;Colisao Frontal;1;0;0;0;0;0;;;;;1;0;0;0;1
12/12/2011;16:12:00;65;com vitima;515,6;BR-116/RS;Norte;Colisao Traseira;2;0;0;0;0;0;;;;;1;2;0;0;0
12/12/2011;17:44:00;79;sem vitima;517,3;BR-116/RS;Norte;Abalroamento Transversal;0;0;2;0;0;0;;;;;1;0;0;0;0
13/12/2011;18:20:00;76;sem vitima;74,1;BR-392/RS;Norte;Saida de Pista;2;0;0;0;0;0;;;;;6;0;0;0;0
14/12/2011;16:15:00;68;com vitima;523,9;BR-116/RS;Norte;Colisao Traseira;0;0;1;0;0;0;;;;;1;1;0;0;0
14/12/2011;16:20:00;69;com vitima;531,9;BR-116/RS;Norte;Saida de Pista;0;0;1;0;0;0;;;;;0;1;0;0;0
15/12/2011;16:57:00;63;com vitima;53;BR-392/RS;Sul;Abalroamento Sentido Oposto;1;0;0;0;0;0;;;;;0;0;0;1;0
16/12/2011;11:51:00;42;com vitima;524,6;BR-116/RS;Sul;Abalr.Mesmo Sentido;0;0;0;2;0;0;;;;;2;1;0;0;0
16/12/2011;08:09:00;18;com vitima;99,4;BR-392/RS;Sul;Abalroamento Transversal;1;0;1;0;0;0;;;;;2;2;0;0;0
17/12/2011;00:05:00;1;com vitima;12;BR-392/RS;Sul;Saida de Pista;1;0;0;0;0;0;;;;;0;1;0;0;0
17/12/2011;15:44:00;60;sem vitima;520,9;BR-116/RS;Norte;Abalroamento Transversal;0;0;2;0;0;0;;;;;1;0;0;0;0
18/12/2011;05:22:00;13;sem vitima;8,8;BR-392/RS;Sul;Abalroamento Transversal;1;0;2;0;0;0;;;;;2;0;0;0;0
18/12/2011;04:41:00;12;sem vitima;113,5;BR-392/RS;Sul;Saida de Pista;1;0;2;0;0;0;;;;;2;0;0;0;0
19/12/2011;21:19:00;96;com vitima;33,6;BR-392/RS;Sul;Atropelamento de animal;2;0;0;0;0;0;;;;;4;1;0;0;0
19/12/2011;06:28:00;16;com vitima;97,7;BR-293/RS;Norte;Atropelamento de animal;1;0;0;0;0;0;;;;;0;1;0;0;0
19/12/2011;07:15:00;18;com vitima;160,8;BR-293/RS;Norte;Abalroamento Transversal;1;0;2;0;0;0;;;;;2;1;0;0;0
19/12/2011;08:55:00;23;com vitima;573,9;BR-116/RS;Norte;Saida de Pista;1;1;0;0;0;0;;;;;2;0;1;0;0
20/12/2011;03:35:00;10;com vitima;422,3;BR-116/RS;Norte;Colisao Frontal;2;0;0;0;0;0;;;;;0;2;3;0;0
20/12/2011;15:46:00;57;sem vitima;425,1;BR-116/RS;Norte;Colisao Traseira;0;0;2;0;0;0;;;;;1;0;0;0;0
20/12/2011;21:58:00;85;com vitima;606,7;BR-116/RS;Sul;Atropelamento de animal;1;0;0;1;0;0;;;;;1;1;0;0;0
21/12/2011;00:52:00;5;com vitima;501,5;BR-116/RS;Sul;Saida de Pista;2;0;0;0;0;0;;;;;1;5;0;0;0
22/12/2011;18:00:00;79;com vitima;466,3;BR-116/RS;Sul;Saida de Pista;1;0;2;0;0;0;;;;;3;1;0;0;0
22/12/2011;15:36:00;68;com vitima;77,8;BR-392/RS;Norte;Saida de Pista;1;0;2;0;0;0;;;;;1;3;0;0;0
22/12/2011;19:10:00;89;sem vitima;529,1;BR-116/RS;Norte;Abalroamento Transversal;1;0;0;0;0;1;;;;;2;0;0;0;0
23/12/2011;07:00:00;19;com vitima;408,5;BR-116/RS;Sul;Abalroamento Transversal;1;0;0;0;0;0;;;;;1;1;0;0;0
23/12/2011;16:21:00;55;com vitima;9,9;BR-392/RS;Sul;Colisao Traseira;1;0;0;0;0;0;;;;;0;2;0;0;0
23/12/2011;18:16:00;68;com vitima;18,7;BR-293/RS;Norte;Saida de Pista;1;0;0;0;0;0;;;;;0;0;1;0;0
23/12/2011;23:17:00;95;com vitima;476,4;BR-116/RS;Sul;Saida de Pista;0;0;2;0;0;0;;;;;0;2;0;0;0
23/12/2011;21:56:00;86;sem vitima;47,8;BR-293/RS;Norte;Saida de Pista;1;0;2;0;0;0;;;;;4;0;0;0;0
23/12/2011;23:29:00;96;com vitima;103,7;BR-392/RS;Norte;Saida de Pista;0;0;0;1;0;0;;;;;0;1;0;0;0
23/12/2011;17:54:00;66;sem vitima;118,4;BR-392/RS;Norte;Saida de Pista;1;0;0;0;0;0;;;;;1;0;0;0;0
24/12/2011;18:29:00;58;sem vitima;522,9;BR-116/RS;Norte;Abalroamento Transversal;0;0;2;0;0;0;;;;;1;0;0;0;0
24/12/2011;15:30:00;43;com vitima;104,1;BR-392/RS;Sul;Saida de Pista;1;0;0;0;0;0;;;;;0;1;0;0;0
26/12/2011;18:40:00;100;com vitima;0,8;BR-392/RS;Norte;Abalroamento Transversal;1;0;0;1;0;0;;;;;1;2;0;0;0
26/12/2011;19:14:00;104;sem vitima;16,9;BR-392/RS;Norte;Abalroamento Transversal;3;0;0;0;0;0;;;;;8;0;0;0;0
26/12/2011;19:43:00;107;com vitima;22,8;BR-392/RS;Sul;Abalroamento Sentido Oposto;0;0;0;1;0;0;;;;;0;2;0;0;0
29/12/2011;12:35:00;48;com vitima;462,4;BR-116/RS;Sul;Saida de Pista;1;0;0;0;0;0;;;;;0;0;1;1;0
29/12/2011;22:45:00;100;com vitima;520,9;BR-116/RS;Norte;Abalroamento Transversal;0;0;0;0;0;1;;;;;1;0;0;0;1
30/12/2011;22:24:00;93;com vitima;452,3;BR-116/RS;Sul;Saida de Pista;1;0;1;0;0;0;;;;;1;0;0;1;0
31/12/2011;15:31:00;58;sem vitima;464,8;BR-116/RS;Sul;Abalroamento Transversal;1;0;1;0;0;0;;;;;2;0;0;0;0
31/12/2011;19:27:00;75;sem vitima;31,4;BR-392/RS;Sul;Colisao Traseira;0;0;2;0;0;0;;;;;3;0;0;0;0
31/12/2011;09:09:00;25;sem vitima;62;BR-392/RS;Sul;Abalroamento Transversal;0;0;2;0;0;0;;;;;4;0;0;0;0
31/12/2011;16:17:00;61;sem vitima;546,6;BR-116/RS;Sul;Saida de Pista;0;0;4;0;0;0;;;;;2;0;0;0;0
31/12/2011;04:16:00;13;sem vitima;646,3;BR-116/RS;Norte;Saida de Pista;1;0;0;0;0;0;;;;;1;0;0;0;0
02/01/2012;14:16:00;63;com vitima;0,1;BR-604/RS;Sul;Abalr. Mesmo Sentido;0;1;0;1;0;0;;;;;0;1;0;1;0
02/01/2012;11:46:00;42;com vitima;424,8;BR-116/RS;Sul;Abalr.Sentido Oposto;1;0;0;0;0;0;;;;;1;0;1;0;0
02/01/2012;01:28:00;8;sem vitima;505;BR-116/RS;Norte;Abalr.Sentido Oposto;1;0;0;0;0;0;;;;;2;0;0;0;0
04/01/2012;02:20:00;8;sem vitima;26,7;BR-392/RS;Norte;Colisao com Objeto Fixo;1;0;2;0;0;0;;;;;4;0;0;0;0
04/01/2012;02:30:00;9;sem vitima;43;BR-293/RS;Norte;Saida de Pista;1;0;1;0;0;0;;;;;4;0;0;0;0
04/01/2012;16:08:00;72;sem vitima;575,4;BR-116/RS;Sul;Saida de Pista;1;0;2;0;0;0;;;;;6;0;0;0;0
05/01/2012;17:49:00;64;com vitima;516,9;BR-116/RS;Norte;Abalr.Transversal;0;0;0;1;0;0;;;;;0;1;0;0;1
06/01/2012;14:23:00;62;com vitima;38;BR-392/RS;Sul;Colisao Traseira;1;0;0;0;0;0;;;;;1;1;0;0;0
07/01/2012;07:58:00;17;sem vitima;7,3;BR-392/RS;Sul;Abalr.Transversal;0;0;2;0;0;0;;;;;2;0;0;0;0
07/01/2012;03:22:00;11;sem vitima;488,1;BR-116/RS;Sul;Colisao Traseira;2;0;0;0;0;0;;;;;4;0;0;0;0
07/01/2012;17:42:00;58;com vitima;62,5;BR-293/RS;Norte;Colisao com Objeto Fixo;0;0;2;0;0;1;;;;;2;2;0;0;0
07/01/2012;13:13:00;37;com vitima;513;BR-116/RS;Norte;Abalr.Transversal;1;0;0;0;0;0;;;;;2;1;0;0;0
07/01/2012;14:24:00;45;com vitima;71,9;BR-392/RS;Sul;Abalr.Sentido Oposto;0;0;0;1;0;0;;;;;0;1;0;0;0
08/01/2012;19:47:00;87;com vitima;56;BR-293/RS;Norte;Colisao Traseira;0;0;0;1;0;0;;;;;0;2;0;0;0
08/01/2012;08:01:00;17;com vitima;606,2;BR-116/RS;Sul;Saida de Pista;1;0;0;0;0;0;;;;;0;3;0;0;0
09/01/2012;18:07:00;82;sem vitima;6,2;BR-392/RS;Sul;Colisao Traseira;1;0;0;0;0;0;;;;;5;0;0;0;0
09/01/2012;09:58:00;28;sem vitima;498,6;BR-116/RS;Norte;Abalr.Transversal;1;0;0;0;0;0;;;;;2;0;0;0;0
09/01/2012;06:20:00;14;com vitima;124,9;BR-392/RS;Sul;Abalr.Transversal;1;0;0;0;0;0;;;;;2;1;0;0;0
10/01/2012;07:28:00;11;com vitima;14,7;BR-392/RS;Sul;Colisao Traseira;0;0;0;1;0;0;;;;;0;0;1;0;0
10/01/2012;20:58:00;85;sem vitima;90,1;BR-293/RS;Norte;Saida de Pista;1;0;0;0;0;0;;;;;1;0;0;0;0
10/01/2012;11:41:00;39;sem vitima;519,2;BR-116/RS;Sul;Abalr.Transversal;1;0;0;0;0;0;;;;;3;0;0;0;0
11/01/2012;08:37:00;30;sem vitima;434;BR-116/RS;Norte;Capotamento;0;0;4;0;0;0;;;;;2;0;0;0;0
12/01/2012;19:54:00;83;sem vitima;450;BR-116/RS;Sul;Colisao Traseira;1;0;0;1;0;0;;;;;2;0;0;0;0
12/01/2012;17:14:00;63;sem vitima;461;BR-116/RS;Sul;Saida de Pista;2;0;0;0;0;0;;;;;3;0;0;0;0
12/01/2012;00:16:00;2;sem vitima;469,2;BR-116/RS;Sul;Saida de Pista;0;0;4;0;0;0;;;;;2;0;0;0;0
12/01/2012;18:10:00;66;com vitima;546,4;BR-116/RS;Norte;Saida de Pista;1;0;1;0;0;0;;;;;0;1;1;0;0
14/01/2012;22:54:00;93;com vitima;19,2;BR-392/RS;Norte;Atropelamento de Animal;1;0;0;1;0;0;;;;;1;0;1;0;0
14/01/2012;17:56:00;64;sem vitima;457,2;BR-116/RS;Norte;Saida de Pista;2;0;0;0;0;0;;;;;2;0;0;0;0
14/01/2012;16:36:00;58;com vitima;26,4;BR-392/RS;Sul;Abalr.Transversal;1;0;1;0;0;0;;;;;3;1;1;0;0
14/01/2012;14:37:00;48;com vitima;599,6;BR-116/RS;Sul;Saida de Pista;0;0;1;1;0;0;;;;;1;0;1;0;0
15/01/2012;21:16:00;71;com vitima;421;BR-116/RS;Sul;Atropelamento de Animal;0;1;0;1;0;0;;;;;1;1;0;0;0
15/01/2012;12:17:00;34;com vitima;459,7;BR-116/RS;Norte;Abalr.Sentido Oposto;1;1;0;0;0;0;;;;;1;0;1;0;0
15/01/2012;22:16:00;74;sem vitima;172,8;BR-392/RS;Sul;Tombamento;1;0;0;0;0;0;;;;;1;0;0;0;0
16/01/2012;13:28:00;48;sem vitima;521,5;BR-116/RS;Sul;Tombamento;3;0;0;0;0;0;;;;;10;0;0;0;0
17/01/2012;21:02:00;91;sem vitima;97,5;BR-392/RS;Norte;Abalr.Transversal;2;0;0;0;0;0;;;;;7;0;0;0;0
18/01/2012;03:18:00;10;sem vitima;429,1;BR-116/RS;Norte;Saida de Pista;2;0;0;0;0;0;;;;;5;0;0;0;0
19/01/2012;20:23:00;98;sem vitima;16,9;BR-392/RS;Sul;Abalr.Transversal;2;0;0;0;0;0;;;;;6;0;0;0;0
19/01/2012;21:52:00;103;sem vitima;521;BR-116/RS;Norte;Abalr.Transversal;2;0;0;0;0;0;;;;;5;0;0;0;0
19/01/2012;18:16:00;85;sem vitima;3,2;BR-604/RS;Sul;Atropelamento ;1;0;0;0;0;0;;;;;2;0;0;0;0
20/01/2012;18:00:00;90;sem vitima;510,4;BR-116/RS;Norte;Abalr.Transversal;0;0;2;0;0;0;;;;;1;0;0;0;0
20/01/2012;14:10:00;72;com vitima;654;BR-116/RS;Sul;Atropelamento de Animal;1;0;0;0;0;0;;;;;0;0;3;0;0
20/01/2012;16:12:00;81;com vitima;655,8;BR-116/RS;Sul;Colisao com Objeto Fixo;1;0;0;0;0;0;;;;;0;3;0;0;0
21/01/2012;18:53:00;75;sem vitima;67,1;BR-392/RS;Sul;Colisao Traseira;0;0;1;0;0;0;;;;;1;0;0;0;0
22/01/2012;14:56:00;63;com vitima;14,3;BR-293/RS;Norte;Saida de Pista;1;0;0;0;0;0;;;;;0;2;0;0;0
22/01/2012;15:16:00;65;com vitima;33,6;BR-293/RS;Norte;Saida de Pista;0;0;0;1;0;0;;;;;1;0;1;0;0
22/01/2012;18:28:00;92;com vitima;37,6;BR-392/RS;Norte;Colisao Traseira;1;0;2;0;0;0;;;;;3;0;0;1;0
22/01/2012;19:19:00;99;sem vitima;38;BR-392/RS;Norte;Outros tipos de acidente;2;0;0;0;0;0;;;;;2;0;0;0;0
22/01/2012;14:56:00;62;sem vitima;38,6;BR-392/RS;Sul;Colisao Traseira;2;0;0;0;0;0;;;;;3;0;0;0;0
22/01/2012;17:32:00;81;sem vitima;39,9;BR-392/RS;Sul;Saida de Pista;1;0;0;0;1;0;;;;;47;0;0;0;0
22/01/2012;18:26:00;91;sem vitima;66,5;BR-293/RS;Norte;Saida de Pista;1;0;2;0;0;0;;;;;5;0;0;0;0
23/01/2012;10:50:00;41;sem vitima;433,5;BR-116/RS;Sul;Saida de Pista;2;0;0;0;0;0;;;;;5;0;0;0;0
23/01/2012;14:15:00;71;sem vitima;553;BR-116/RS;Norte;Atropelamento de Animal;2;0;0;0;0;0;;;;;6;0;0;0;0
24/01/2012;08:50:00;24;sem vitima;64,3;BR-392/RS;Sul;Abalr.em mesmo sentido;4;0;0;0;0;0;;;;;12;0;0;0;0
25/01/2012;19:17:00;85;com vitima;15,5;BR-293/RS;Norte;Abalroamento Transversal;0;0;0;1;0;0;;;;;1;0;1;0;0
25/01/2012;18:06:00;82;sem vitima;31,6;BR-392/RS;Norte;Colisao Traseira;0;0;4;0;0;0;;;;;2;0;0;0;0
25/01/2012;14:28:00;60;sem vitima;51,5;BR-392/RS;Norte;Abalr.em mesmo sentido;3;0;0;0;0;0;;;;;4;0;0;0;0
25/01/2012;16:10:00;71;com vitima;89,8;BR-293/RS;Norte;Saida de Pista;0;0;1;1;0;0;;;;;1;0;0;1;0
26/01/2012;11:17:00;40;sem vitima;510,6;BR-116/RS;Norte;Abalroamento Transversal;1;0;2;0;0;0;;;;;2;0;0;0;0
27/01/2012;15:41:00;67;com vitima;27,3;BR-392/RS;Sul;Colisao Traseira;2;0;0;0;0;0;;;;;2;1;0;0;0
27/01/2012;22:17:00;99;com vitima;113,8;BR-392/RS;Sul;Tombamento;1;1;0;0;0;0;;;;;2;0;1;0;0
28/01/2012;09:10:00;18;com vitima;557;BR-116/RS;Sul;Outros tipos de acidente;1;0;2;0;0;0;;;;;3;1;0;0;0
29/01/2012;14:22:00;52;sem vitima;3,9;BR-392/RS;Sul;Colisao Traseira;0;0;1;0;0;0;;;;;1;0;0;0;0
29/01/2012;07:39:00;15;sem vitima;26,2;BR-392/RS;Sul;Colisao Traseira;1;0;0;0;0;0;;;;;1;0;0;0;0
29/01/2012;21:36:00;104;sem vitima;63,9;BR-392/RS;Sul;Tombamento;1;0;0;0;0;0;;;;;2;0;0;0;0
29/01/2012;11:03:00;30;com vitima;520,9;BR-116/RS;Norte;Abalr.Transversal;0;0;1;0;0;0;;;;;1;1;0;0;0
29/01/2012;04:58:00;9;com vitima;99,6;BR-392/RS;Sul;Saida de Pista;1;0;0;0;0;0;;;;;0;0;0;1;0
29/01/2012;03:20:00;7;sem vitima;554,3;BR-116/RS;Norte;Atropelamento de Animal;1;0;0;0;0;0;;;;;1;0;0;0;0
29/01/2012;08:33:00;25;sem vitima;657,2;BR-116/RS;Norte;Abalr.em mesmo sentido;1;0;1;0;0;0;;;;;4;0;0;0;0
30/01/2012;21:44:00;118;com vitima;73,1;BR-392/RS;Sul;Abalr.Transversal;2;0;0;0;0;0;;;;;1;1;1;0;0
01/02/2012;15:02:00;60;sem vitima;15,4;BR-293/RS;Norte;Tombamento;1;0;1;0;0;0;;;;;4;0;0;0;0
01/02/2012;11:59:00;45;com vitima;32,2;BR-392/RS;Sul;Abalr.Transversal;1;0;0;0;0;0;;;;;1;1;0;0;0
03/02/2012;20:55:00;94;sem vitima;469;BR-116/RS;Sul;Saida de Pista;2;0;0;0;0;0;;;;;3;0;0;0;0
03/02/2012;11:40:00;43;com vitima;119,3;BR-392/RS;Sul;Saida de Pista;1;0;4;0;0;0;;;;;2;1;1;3;0
04/02/2012;17:00:00;70;sem vitima;14,1;BR-293/RS;Norte;Abalr.Transversal;2;0;0;0;0;0;;;;;6;0;0;0;0
04/02/2012;18:39:00;86;sem vitima;523,8;BR-116/RS;Norte;Abalr.Transversal;1;0;0;0;0;0;;;;;2;0;0;0;0
04/02/2012;09:55:00;27;com vitima;527,1;BR-116/RS;Norte;Outros tipos de acidente;1;0;2;0;0;0;;;;;1;6;0;0;0
05/02/2012;18:51:00;66;com vitima;31,1;BR-392/RS;Norte;Abalr.Sentido Oposto;0;0;2;1;0;0;;;;;1;1;0;0;0
05/02/2012;18:02:00;60;sem vitima;38,1;BR-392/RS;Norte;Abalr.Transversal;0;0;2;0;0;0;;;;;2;0;0;0;0
05/02/2012;16:00:00;51;sem vitima;505,5;BR-116/RS;Sul;Saida de Pista;3;0;0;0;0;0;;;;;3;0;0;0;0
05/02/2012;09:32:00;25;sem vitima;524,4;BR-116/RS;Norte;Abalr.Transversal;1;0;0;0;0;0;;;;;2;0;0;0;0
06/02/2012;21:07:00;117;com vitima;521,6;BR-116/RS;Norte;Abalr.Transversal;1;0;0;0;0;0;;;;;0;0;3;0;0
07/02/2012;07:45:00;17;com vitima;7,3;BR-392/RS;Sul;Colisao Traseira;0;0;3;0;0;0;;;;;0;2;0;0;0
08/02/2012;17:21:00;74;com vitima;26,5;BR-392/RS;Norte;Abalr.Transversal;1;0;2;0;0;0;;;;;1;1;0;0;0
08/02/2012;08:53:00;27;com vitima;106,7;BR-392/RS;Sul;Saida de Pista;0;0;2;0;0;0;;;;;0;0;1;0;0
09/02/2012;08:16:00;21;com vitima;485,8;BR-116/RS;Sul;Abalr.Transversal;0;0;1;1;0;0;;;;;1;1;0;0;0
10/02/2012;23:44:00;119;com vitima;3;BR-604/RS;Sul;Colisao Frontal;0;1;1;0;0;0;;;;;1;0;0;1;0
10/02/2012;16:46:00;71;sem vitima;524,7;BR-116/RS;Sul;Colisao Traseira;1;0;0;0;0;0;;;;;2;0;0;0;0
11/02/2012;08:49:00;27;sem vitima;105,7;BR-293/RS;Norte;Colisao Frontal;1;0;0;0;0;0;;;;;2;0;0;0;0
11/02/2012;13:49:00;58;com vitima;66,9;BR-392/RS;Sul;Abalr.Transversal;1;0;2;0;0;0;;;;;1;0;2;0;0
12/02/2012;04:05:00;13;sem vitima;8,8;BR-392/RS;Sul;Capotamento;1;0;0;0;0;0;;;;;1;0;0;0;0
12/02/2012;17:44:00;79;sem vitima;459,4;BR-116/RS;Norte;Abalr.Transversal;1;0;0;0;0;0;;;;;1;0;0;0;0
12/02/2012;21:00:00;104;com vitima;524,5;BR-116/RS;Sul;Abalr.Transversal;2;0;0;0;0;0;;;;;1;5;0;0;0
13/02/2012;22:07:00;102;com vitima;62,5;BR-293/RS;Norte;Atropelamento de Animal;1;0;0;1;0;0;;;;;1;1;1;0;0
14/02/2012;17:02:00;82;sem vitima;400,6;BR-116/RS;Norte;Saida de Pista;0;0;2;0;0;0;;;;;2;0;0;0;0
15/02/2012;07:52:00;19;sem vitima;5;BR-392/RS;Norte;Outros tipos de acidente;1;0;2;0;0;0;;;;;4;0;0;0;0
15/02/2012;07:59:00;20;com vitima;5;BR-392/RS;Norte;Colisao Traseira;2;0;0;0;0;0;;;;;0;2;0;0;0
15/02/2012;18:17:00;113;sem vitima;5,2;BR-392/RS;Norte;Colisao Traseira;1;0;0;0;0;0;;;;;1;0;0;0;0
15/02/2012;18:19:00;114;sem vitima;5,3;BR-392/RS;Norte;Abalr.Transversal;2;0;0;0;0;0;;;;;4;0;0;0;0
15/02/2012;13:35:00;74;com vitima;22,4;BR-392/RS;Sul;Colisao Traseira;0;0;2;1;0;0;;;;;1;0;1;0;0
16/02/2012;15:21:00;78;com vitima;46,4;BR-392/RS;Sul;Tombamento;1;0;0;0;0;0;;;;;0;0;0;2;1
16/02/2012;12:29:00;64;com vitima;125,8;BR-293/RS;Norte;Saida de Pista;0;0;1;1;0;0;;;;;1;0;0;0;1
16/02/2012;02:35:00;12;sem vitima;84,4;BR-392/RS;Norte;Saida de Pista;2;0;0;0;0;0;;;;;2;0;0;0;0
17/02/2012;08:36:00;28;sem vitima;7,8;BR-392/RS;Norte;Abalr.Transversal;0;0;2;0;0;0;;;;;1;0;0;0;0
17/02/2012;05:54:00;15;sem vitima;83,4;BR-392/RS;Norte;Saida de Pista;0;0;2;0;0;0;;;;;1;0;0;0;0
17/02/2012;09:00:00;29;com vitima;576,9;BR-116/RS;Norte;Saida de Pista;0;0;2;0;0;0;;;;;0;0;1;0;0
18/02/2012;18:20:00;102;sem vitima;28,1;BR-293/RS;Norte;Saida de Pista;0;0;1;0;0;0;;;;;1;0;0;0;0
18/02/2012;00:38:00;3;com vitima;53;BR-392/RS;Sul;Colisao Traseira;0;0;2;0;0;0;;;;;0;1;0;0;0
18/02/2012;19:18:00;108;com vitima;3,7;BR-604/RS;Sul;Colisao Traseira;1;0;0;0;0;0;;;;;0;1;1;0;0
19/02/2012;20:55:00;107;com vitima;408,5;BR-116/RS;Norte;Abalr.Transversal;2;0;0;0;0;0;;;;;2;1;0;0;0
19/02/2012;19:38:00;102;sem vitima;90,4;BR-392/RS;Sul;Abalr.Transversal;1;0;2;0;0;0;;;;;2;0;0;0;0
20/02/2012;08:09:00;19;sem vitima;99,8;BR-293/RS;Norte;Saida de Pista;1;0;0;0;0;0;;;;;1;0;0;0;0
20/02/2012;17:46:00;79;sem vitima;3,2;BR-604/RS;Sul;Abalr.Transversal;1;0;0;0;0;0;;;;;1;0;0;0;0
21/02/2012;17:52:00;66;com vitima;51,6;BR-392/RS;Norte;Colisao Traseira;2;0;0;0;0;0;;;;;3;1;0;0;0
22/02/2012;20:45:00;105;sem vitima;11,3;BR-293/RS;Norte;Tombamento;1;0;1;0;0;0;;;;;2;0;0;0;0
22/02/2012;00:36:00;2;com vitima;65,4;BR-293/RS;Norte;Saida de Pista;0;0;1;1;0;0;;;;;1;0;0;0;1
22/02/2012;07:44:00;20;com vitima;615,6;BR-116/RS;Norte;Saida de Pista;0;0;2;0;0;0;;;;;0;0;1;2;0
23/02/2012;19:25:00;105;sem vitima;450,4;BR-116/RS;Sul;Colisao Traseira;1;0;0;0;0;0;;;;;2;0;0;0;0
24/02/2012;16:14:00;74;sem vitima;60,5;BR-392/RS;Sul;Colisao Traseira;1;0;1;0;0;0;;;;;2;0;0;0;0
25/02/2012;08:18:00;19;sem vitima;429,3;BR-116/RS;Sul;Saida de Pista;1;0;0;0;0;0;;;;;3;0;0;0;0
25/02/2012;07:55:00;17;sem vitima;66,9;BR-392/RS;Norte;Abalr.Transversal;0;0;2;0;0;0;;;;;1;0;0;0;0
26/02/2012;20:56:00;85;sem vitima;31,3;BR-293/RS;Norte;Abalr.Mesmo Sentido;1;0;0;0;0;0;;;;;3;0;0;0;0
26/02/2012;05:26:00;11;sem vitima;26,2;BR-392/RS;Norte;Abalr.Transversal;1;0;2;0;0;0;;;;;3;0;0;0;0
27/02/2012;07:09:00;22;sem vitima;54,7;BR-392/RS;Sul;Colisao Traseira;1;0;0;0;0;0;;;;;1;0;0;0;0
28/02/2012;23:43:00;130;com vitima;26,1;BR-392/RS;Sul;Atropelamento de Animal;1;0;0;1;0;0;;;;;1;1;0;0;0