data;horario;n_da_ocorrencia;tipo_de_ocorrencia;km;trecho;sentido;tipo_de_acidente;automovel;bicicleta;caminhao;moto;onibus;outros;tracao_animal;transporte_de_cargas_especiais;trator_maquinas;utilitarios;ilesos;levemente_feridos;moderadamente_feridos;gravemente_feridos;mortos
28/02/2012;19:01:00;104;com vitima;3,9;BR-604/RS;Sul;Abalr.Mesmo Sentido;0;0;2;0;0;0;;;;;0;1;0;0;0
28/02/2012;00:13:00;1;sem vitima;113,8;BR-392/RS;Norte;Tombamento;2;0;0;0;0;0;;;;;6;0;0;0;0
29/02/2012;07:57:00;15;com vitima;22,6;BR-392/RS;Norte;Colisao Traseira;1;0;0;0;1;0;;;;;46;1;0;0;1
29/02/2012;09:59:00;24;sem vitima;516;BR-116/RS;Norte;Abalr.Transversal;1;0;1;0;0;0;;;;;2;0;0;0;0
29/02/2012;03:03:00;7;sem vitima;124,5;BR-293/RS;Norte;Saida de Pista;1;0;2;0;0;0;;;;;2;0;0;0;0
01/03/2012;15:15:00;56;sem vitima;16,8;BR-392/RS;Sul;Abalr.Transversal;0;0;6;0;0;0;;;;;3;0;0;0;0
01/03/2012;11:12:00;41;sem vitima;66,9;BR-392/RS;Sul;Outros tipos de acidente;1;0;1;0;0;0;;;;;2;0;0;0;0
02/03/2012;13:46:00;60;sem vitima;1;BR-392/RS;Norte;Abalr.Transversal;2;0;0;0;0;0;;;;;3;0;0;0;0
02/03/2012;18:47:00;89;sem vitima;16,4;BR-392/RS;Sul;Tombamento;0;0;2;0;0;0;;;;;1;0;0;0;0
02/03/2012;17:27:00;77;com vitima;52,3;BR-392/RS;Sul;Abalr.mesmo sentido;2;0;0;0;0;0;;;;;0;0;1;2;0
02/03/2012;16:58:00;76;sem vitima;512,6;BR-116/RS;Sul;Abalr.Transversal;2;0;0;0;0;0;;;;;5;0;0;0;0
03/03/2012;22:51:00;88;com vitima;506,2;BR-116/RS;Norte;Saida de Pista;0;1;0;1;0;0;;;;;0;0;2;0;0
04/03/2012;19:33:00;94;sem vitima;418,3;BR-116/RS;Norte;Abalr.mesmo sentido;0;0;2;0;0;0;;;;;1;0;0;0;0
04/03/2012;19:07:00;92;sem vitima;57,1;BR-392/RS;Norte;Abalr.Sentido Oposto;0;0;2;0;0;0;;;;;1;0;0;0;0
04/03/2012;13:33:00;57;com vitima;531,6;BR-116/RS;Sul;Atropelamento;0;0;0;1;0;0;;;;;0;1;0;0;0
05/03/2012;00:00:00;1;sem vitima;19,4;BR-392/RS;Norte;Colisao com Objeto Fixo;2;0;0;0;0;0;;;;;5;0;0;0;0
05/03/2012;14:44:00;69;sem vitima;528,9;BR-116/RS;Norte;Atropelamento;0;0;2;0;0;0;;;;;1;0;0;0;0
06/03/2012;20:55:00;112;com vitima;454,6;BR-116/RS;Norte;Colisao Traseira;3;0;0;0;0;0;;;;;8;1;0;0;0
06/03/2012;14:10:00;60;com vitima;118,2;BR-392/RS;Sul;Saida de Pista;2;0;0;0;0;0;;;;;5;1;0;0;0
07/03/2012;12:04:00;56;sem vitima;15,8;BR-392/RS;Norte;Tombamento;2;0;0;0;0;0;;;;;6;0;0;0;0
07/03/2012;18:59:00;93;sem vitima;510,6;BR-116/RS;Norte;Abalr.Transversal;1;0;0;0;0;0;;;;;3;0;0;0;0
07/03/2012;08:20:00;26;com vitima;523,5;BR-116/RS;Sul;Abalr.Transversal;1;0;1;0;0;0;;;;;0;0;0;0;2
08/03/2012;17:33:00;76;sem vitima;1,4;BR-392/RS;Sul;Colisao Traseira;0;0;1;0;0;0;;;;;1;0;0;0;0
08/03/2012;05:18:00;8;sem vitima;12,5;BR-293/RS;Norte;Saida de Pista;0;0;1;0;0;0;;;;;2;0;0;0;0
09/03/2012;14:04:00;67;com vitima;466,4;BR-116/RS;Sul;Colisao Frontal;0;0;2;1;0;0;;;;;1;0;1;0;0
09/03/2012;09:48:00;30;sem vitima;48,2;BR-392/RS;Sul;Abalr.Mesmo Sentido;1;0;2;0;0;0;;;;;2;0;0;0;0
09/03/2012;21:14:00;110;com vitima;100,1;BR-293/RS;Norte;Colisao Traseira;3;0;0;0;0;0;;;;;2;0;1;0;0
09/03/2012;20:11:00;107;com vitima;68,2;BR-392/RS;Norte;Colisao Traseira;1;0;0;0;0;0;;;;;2;2;1;0;0
09/03/2012;08:27:00;23;sem vitima;535,8;BR-116/RS;Norte;Abalr.Mesmo Sentido;1;0;2;0;0;0;;;;;3;0;0;0;0
10/03/2012;10:19:00;32;com vitima;411;BR-116/RS;Norte;Saida de Pista;1;0;0;1;0;0;;;;;2;0;1;0;0
10/03/2012;11:17:00;36;sem vitima;555,1;BR-116/RS;Sul;Colisao Traseira;2;0;1;0;0;0;;;;;3;0;0;0;0
11/03/2012;21:00:00;90;com vitima;420,8;BR-116/RS;Norte;Atropelamento de animal;1;0;0;1;0;0;;;;;1;1;0;0;0
11/03/2012;19:50:00;79;com vitima;16;BR-392/RS;Norte;Capotamento;1;0;0;1;0;0;;;;;2;0;0;1;0
11/03/2012;18:25:00;68;sem vitima;498,4;BR-116/RS;Sul;Outros tipos de acidente;0;0;2;0;0;0;;;;;1;0;0;0;0
11/03/2012;22:35:00;96;com vitima;116,9;BR-392/RS;Norte;Abalr.Transversal;1;0;1;0;0;0;;;;;1;1;0;0;0
11/03/2012;06:34:00;16;com vitima;196,6;BR-392/RS;Sul;Saida de Pista;1;0;0;1;0;0;;;;;1;0;1;0;0
12/03/2012;19:31:00;87;sem vitima;428,5;BR-116/RS;Sul;Colisao com Objeto Fixo;1;0;0;0;0;0;;;;;2;0;0;0;0
12/03/2012;14:11:00;61;com vitima;15,5;BR-293/RS;Norte;Colisao Traseira;0;0;2;0;0;0;;;;;1;0;1;0;0
12/03/2012;19:43:00;88;com vitima;71,3;BR-392/RS;Sul;Colisao Traseira;0;0;2;1;0;0;;;;;1;0;0;2;0
12/03/2012;07:33:00;20;sem vitima;193,2;BR-392/RS;Norte;Tombamento;0;0;0;0;1;0;;;;;37;0;0;0;0
13/03/2012;11:28:00;55;sem vitima;490,6;BR-116/RS;Sul;Abalr.Transversal;0;0;2;0;0;0;;;;;1;0;0;0;0
14/03/2012;12:06:00;56;sem vitima;525,8;BR-116/RS;Norte;Abalr.Mesmo Sentido;0;0;4;0;0;0;;;;;2;0;0;0;0
15/03/2012;17:42:00;100;sem vitima;24,5;BR-392/RS;Norte;Abalr.Transversal;2;0;1;0;0;0;;;;;3;0;0;0;0
15/03/2012;02:34:00;8;sem vitima;646,5;BR-116/RS;Sul;Saida de Pista;1;0;0;0;0;0;;;;;1;0;0;0;0
16/03/2012;14:25:00;71;com vitima;59,5;BR-392/RS;Norte;Colisao Frontal;1;0;0;1;0;0;;;;;1;1;0;0;0
17/03/2012;16:29:00;62;com vitima;19,8;BR-392/RS;Norte;Abalr.Transversal;0;0;3;0;0;0;;;;;0;2;0;0;0
17/03/2012;10:24:00;34;com vitima;471,4;BR-116/RS;Norte;Abalr.Mesmo Sentido;1;0;0;0;0;0;;;;;0;1;0;0;0
17/03/2012;23:13:00;89;com vitima;56,9;BR-392/RS;Norte;Tombamento;0;0;5;0;0;0;;;;;2;0;2;1;0
17/03/2012;10:51:00;38;com vitima;119;BR-293/RS;Norte;Saida de Pista;1;0;0;0;0;0;;;;;1;1;0;0;0
17/03/2012;19:04:00;78;com vitima;577,8;BR-116/RS;Norte;Colisao Traseira;0;0;1;0;0;0;;;;;0;0;1;0;0
20/03/2012;22:49:00;106;com vitima;67,1;BR-392/RS;Sul;Abalr.Sentido Oposto;1;0;2;0;0;0;;;;;1;2;0;0;0
21/03/2012;12:23:00;48;sem vitima;47,7;BR-392/RS;Sul;Saida de Pista;1;0;0;0;0;0;;;;;1;0;0;0;0
21/03/2012;05:53:00;14;com vitima;59,4;BR-392/RS;Norte;Abalr.Sentido Oposto;0;0;2;0;0;0;;;;;0;3;0;0;0
22/03/2012;20:11:00;120;sem vitima;46,7;BR-392/RS;Norte;Saida de Pista;1;0;1;0;2;0;;;;;54;0;0;0;0
22/03/2012;01:54:00;8;com vitima;52,9;BR-392/RS;Sul;Saida de Pista;0;0;2;1;0;0;;;;;1;0;0;0;1
22/03/2012;18:06:00;108;sem vitima;163;BR-293/RS;Norte;Saida de Pista;0;0;2;0;0;0;;;;;1;0;0;0;0
22/03/2012;21:00:00;125;sem vitima;530,1;BR-116/RS;Sul;Abalr.Transversal;2;0;0;0;0;0;;;;;3;0;0;0;0
23/03/2012;21:08:00;116;com vitima;12,3;BR-293/RS;Norte;Saida de Pista;1;0;0;0;0;0;;;;;0;1;0;0;0
23/03/2012;18:27:00;101;com vitima;4,2;BR-392/RS;Norte;Tombamento;0;0;2;0;0;0;;;;;0;1;0;0;0
23/03/2012;17:14:00;93;com vitima;195;BR-392/RS;Sul;Atropelamento;0;0;2;0;0;1;;;;;0;1;1;0;0
24/03/2012;17:32:00;76;sem vitima;16,2;BR-293/RS;Norte;Saida de Pista;0;0;2;0;0;0;;;;;1;0;0;0;0
25/03/2012;11:10:00;31;com vitima;49,9;BR-293/RS;Norte;Abalr.Transversal;2;0;0;0;0;0;;;;;0;1;2;0;0
25/03/2012;00:06:00;1;sem vitima;483,4;BR-116/RS;Norte;Abalr.Transversal;0;0;2;0;0;0;;;;;1;0;0;0;0
25/03/2012;18:52:00;76;com vitima;71,5;BR-392/RS;Sul;Colisao Traseira;1;0;0;0;0;0;;;;;0;2;1;1;0
25/03/2012;13:32:00;46;com vitima;524,4;BR-116/RS;Sul;Abalr.Transversal;0;0;2;0;0;0;;;;;0;1;0;0;0
26/03/2012;17:57:00;75;com vitima;5,8;BR-392/RS;Sul;Abalr.Mesmo Sentido;1;0;0;1;0;0;;;;;3;0;0;0;1
26/03/2012;19:26:00;82;com vitima;90,3;BR-392/RS;Sul;Abalr.Transversal;1;0;0;0;0;0;;;;;0;0;1;0;0
26/03/2012;10:08:00;34;com vitima;118,4;BR-392/RS;Sul;Colisao com Objeto Fixo;2;0;0;0;0;0;;;;;1;1;2;1;0
27/03/2012;06:55:00;13;com vitima;400,8;BR-116/RS;Norte;Saida de Pista;1;0;0;0;0;0;;;;;0;0;2;0;0
27/03/2012;07:27:00;14;sem vitima;12,5;BR-392/RS;Sul;Colisao Traseira;1;0;0;0;0;0;;;;;3;0;0;0;0
27/03/2012;16:44:00;59;com vitima;454,9;BR-116/RS;Sul;Tombamento;0;0;2;0;0;0;;;;;1;0;0;1;0
27/03/2012;08:41:00;17;sem vitima;189,8;BR-392/RS;Sul;Saida de Pista;0;0;1;0;0;0;;;;;1;0;0;0;0
28/03/2012;09:25:00;28;com vitima;28,8;BR-293/RS;Norte;Colisao Traseira;0;0;1;0;0;0;;;;;0;1;0;0;0
28/03/2012;07:11:00;16;sem vitima;520,9;BR-116/RS;Sul;Abalr.Transversal;0;0;1;0;0;0;;;;;1;0;0;0;0
29/03/2012;23:15:00;98;sem vitima;434;BR-116/RS;Norte;Abalr.Mesmo Sentido;0;0;1;0;1;0;;;;;11;0;0;0;0
29/03/2012;15:47:00;65;com vitima;519,2;BR-116/RS;Norte;Abalr.Transversal;1;0;0;0;0;0;;;;;0;1;0;0;0
30/03/2012;14:41:00;69;com vitima;429,2;BR-116/RS;Norte;Abalr.Transversal;2;0;0;0;0;0;;;;;6;1;0;0;0
30/03/2012;20:29:00;102;sem vitima;459,3;BR-116/RS;Norte;Abalr.Transversal;2;0;0;0;0;0;;;;;2;0;0;0;0
30/03/2012;21:43:00;109;sem vitima;499;BR-116/RS;Norte;Saida de Pista;1;0;0;0;0;0;;;;;1;0;0;0;0
30/03/2012;18:43:00;90;sem vitima;516,9;BR-116/RS;Sul;Abalr.Transversal;1;0;1;0;0;0;;;;;2;0;0;0;0
30/03/2012;00:12:00;3;sem vitima;639,5;BR-116/RS;Sul;Atropelamento de animal;1;0;2;0;0;0;;;;;4;0;0;0;0
31/03/2012;17:59:00;88;com vitima;15,6;BR-293/RS;Norte;Abalr.Transversal;0;0;2;1;0;0;;;;;1;1;0;0;0
31/03/2012;18:51:00;94;com vitima;52,3;BR-392/RS;Sul;Colisao Traseira;0;0;0;2;0;0;;;;;0;3;0;0;0
31/03/2012;14:13:00;60;sem vitima;143,7;BR-392/RS;Norte;Abalr.Mesmo Sentido;2;0;0;0;0;0;;;;;7;0;0;0;0
01/04/2012;19:05:00;73;sem vitima;2,1;BR-392/RS;Sul;Colisao Traseira;2;0;0;0;0;0;;;;;3;0;0;0;0
01/04/2012;19:09:00;74;sem vitima;15,5;BR-293/RS;Norte;Abalr.Transversal;1;0;0;0;0;0;;;;;1;0;0;0;0
02/04/2012;18:57:00;91;com vitima;1;BR-604/RS;Sul;Abalr.Transversal;0;0;0;1;0;0;;;;;0;1;0;0;0
03/04/2012;18:55:00;91;com vitima;17,9;BR-392/RS;Sul;Abalr.Transversal;1;0;0;0;0;0;;;;;0;0;2;0;0
03/04/2012;08:17:00;19;com vitima;524,4;BR-116/RS;Sul;Abalr.Mesmo Sentido;1;0;0;0;0;0;;;;;0;3;0;0;0
03/04/2012;02:16:00;9;com vitima;99,4;BR-392/RS;Sul;Tombamento;3;0;0;0;0;0;;;;;6;0;1;0;0
03/04/2012;09:22:00;31;sem vitima;187,8;BR-392/RS;Norte;Saida de Pista;1;0;0;0;0;0;;;;;1;0;0;0;0
03/04/2012;04:50:00;11;com vitima;192,6;BR-392/RS;Norte;Saida de Pista;0;0;0;1;0;0;;;;;0;2;0;0;0
03/04/2012;19:23:00;100;sem vitima;639,4;BR-116/RS;Sul;Atropelamento de animal;1;0;0;0;0;0;;;;;1;0;0;0;0
04/04/2012;13:41:00;74;sem vitima;93,7;BR-293/RS;Norte;Saida de Pista;1;0;0;1;0;0;;;;;2;0;0;0;0
04/04/2012;14:43:00;85;sem vitima;84,2;BR-392/RS;Sul;Saida de Pista;1;0;1;0;0;0;;;;;5;0;0;0;0
05/04/2012;06:00:00;23;sem vitima;15,5;BR-392/RS;Norte;Saida de Pista;1;0;0;0;0;0;;;;;1;0;0;0;0
05/04/2012;07:22:00;28;com vitima;15,5;BR-392/RS;Sul;Colisao Traseira;0;0;2;0;1;0;;;;;12;0;2;0;0
05/04/2012;15:57:00;81;com vitima;18;BR-392/RS;Sul;Abalr.Mesmo Sentido;0;0;1;0;0;0;;;;;3;0;0;1;0
05/04/2012;13:35:00;67;com vitima;65,5;BR-293/RS;Norte;Saida de Pista;1;0;0;0;0;0;;;;;0;0;1;0;0
05/04/2012;08:12:00;30;com vitima;144,5;BR-392/RS;Norte;Saida de Pista;0;0;2;0;0;0;;;;;0;1;0;0;0
06/04/2012;08:51:00;29;com vitima;414,9;BR-116/RS;Sul;Abalr.Mesmo Sentido;0;0;2;0;0;0;;;;;0;1;0;0;0
06/04/2012;18:41:00;69;com vitima;48,3;BR-293/RS;Norte;Saida de Pista;1;0;0;0;0;0;;;;;0;0;1;0;0
06/04/2012;01:52:00;9;com vitima;3,1;BR-604/RS;Sul;Colisao com Objeto Fixo;1;0;1;0;0;0;;;;;1;1;0;0;0
06/04/2012;06:09:00;20;sem vitima;524,4;BR-116/RS;Sul;Saida de Pista;1;0;0;0;0;0;;;;;1;0;0;0;0
07/04/2012;02:13:00;5;sem vitima;7,2;BR-392/RS;Norte;Saida de Pista;1;0;0;0;0;0;;;;;4;0;0;0;0
08/04/2012;16:30:00;47;com vitima;402,4;BR-116/RS;Norte;Colisao Traseira;2;0;0;0;0;0;;;;;0;0;2;2;0
08/04/2012;16:31:00;48;com vitima;402,4;BR-116/RS;Norte;Colisao Traseira;2;0;0;0;0;0;;;;;2;1;2;0;0
08/04/2012;19:20:00;69;sem vitima;422,3;BR-116/RS;Sul;Colisao Traseira;0;0;3;0;0;0;;;;;2;0;0;0;0
08/04/2012;16:36:00;49;sem vitima;563,5;BR-116/RS;Sul;Abalr.Transversal;1;0;0;0;0;0;;;;;1;0;0;0;0
08/04/2012;23:07:00;89;sem vitima;611,2;BR-116/RS;Norte;Colisao Traseira;1;0;0;0;0;0;;;;;2;0;0;0;0
09/04/2012;15:38:00;63;sem vitima;42,6;BR-392/RS;Norte;Abalr.Transversal;3;0;1;0;0;0;;;;;6;0;0;0;0
09/04/2012;20:29:00;88;com vitima;109,2;BR-392/RS;Norte;Abalr.Transversal;1;0;2;0;0;0;;;;;1;1;0;0;0
09/04/2012;16:35:00;66;sem vitima;614;BR-116/RS;Norte;Tombamento;1;0;0;0;0;0;;;;;2;0;0;0;0
10/04/2012;19:04:00;78;sem vitima;18,4;BR-392/RS;Sul;Colisao Traseira;2;0;0;0;0;0;;;;;4;0;0;0;0
10/04/2012;16:59:00;68;sem vitima;52,7;BR-392/RS;Sul;Colisao Traseira;1;0;1;0;0;0;;;;;7;0;0;0;0
10/04/2012;19:24:00;79;com vitima;129,1;BR-392/RS;Sul;Outros tipos de acidente;1;0;0;0;0;0;;;;;0;3;0;1;0
12/04/2012;12:08:00;43;com vitima;4,9;BR-392/RS;Norte;Abalr.Transversal;1;0;0;0;0;0;;;;;2;0;1;0;0
12/04/2012;06:54:00;9;com vitima;9,2;BR-392/RS;Sul;Tombamento;1;0;0;0;0;0;;;;;4;1;0;0;0
12/04/2012;11:22:00;39;com vitima;517;BR-116/RS;Sul;Colisao Traseira;0;0;0;1;0;0;;;;;0;1;0;0;0
13/04/2012;11:10:00;34;com vitima;473,1;BR-116/RS;Norte;Saida de Pista;2;0;0;0;0;0;;;;;6;0;1;0;0
13/04/2012;17:15:00;61;com vitima;39,4;BR-392/RS;Sul;Abalr.Transversal;0;0;1;0;0;0;;;;;0;0;1;0;0
13/04/2012;03:33:00;6;com vitima;78,1;BR-293/RS;Norte;Saida de Pista;1;0;0;0;0;0;;;;;0;1;1;0;0
13/04/2012;15:37:00;51;com vitima;529,1;BR-116/RS;Norte;Abalr.Transversal;1;0;0;1;0;0;;;;;1;1;0;0;0
13/04/2012;16:11:00;54;sem vitima;124,8;BR-392/RS;Sul;Tombamento;1;0;2;0;0;0;;;;;2;0;0;0;0
14/04/2012;07:23:00;17;sem vitima;14;BR-392/RS;Sul;Colisao com Objeto Fixo;1;0;0;0;0;0;;;;;2;0;0;0;0
15/04/2012;22:29:00;88;sem vitima;523,5;BR-116/RS;Norte;Abalr.Transversal;1;0;0;0;0;0;;;;;1;0;0;0;0
15/04/2012;00:21:00;4;sem vitima;82,8;BR-392/RS;Sul;Tombamento;0;0;3;0;0;0;;;;;3;0;0;0;0
16/04/2012;07:44:00;15;sem vitima;6,7;BR-392/RS;Norte;Abalr.Transversal;1;0;0;0;0;0;;;;;1;0;0;0;0
16/04/2012;23:58:00;105;sem vitima;48,6;BR-392/RS;Sul;Colisao Traseira;1;0;2;0;0;0;;;;;2;0;0;0;0
16/04/2012;16:03:00;68;sem vitima;516,5;BR-116/RS;Norte;Colisao Traseira;1;0;1;0;0;0;;;;;2;0;0;0;0
16/04/2012;16:39:00;72;sem vitima;66,8;BR-392/RS;Norte;Colisao Traseira;0;0;1;0;0;0;;;;;1;0;0;0;0
17/04/2012;17:32:00;75;com vitima;47,2;BR-392/RS;Norte;Tombamento;1;0;0;1;0;0;;;;;1;0;0;1;0
17/04/2012;18:35:00;80;sem vitima;52,3;BR-392/RS;Norte;Abalr.Mesmo Sentido;0;0;2;0;0;0;;;;;2;0;0;0;0
17/04/2012;22:23:00;96;com vitima;91,4;BR-392/RS;Norte;Tombamento;1;0;0;0;0;0;;;;;0;0;4;0;0
17/04/2012;08:03:00;17;com vitima;528,4;BR-116/RS;Norte;Abalr.Transversal;1;0;0;0;0;0;;;;;0;1;0;0;0
20/04/2012;13:03:00;45;sem vitima;425;BR-116/RS;Norte;Abalr.Mesmo Sentido;0;0;1;0;0;0;;;;;2;0;0;0;0
20/04/2012;17:48:00;78;com vitima;7,3;BR-392/RS;Norte;Abalr.Transversal;2;0;0;0;0;0;;;;;5;1;0;0;0
20/04/2012;17:36:00;72;sem vitima;24,4;BR-392/RS;Sul;Abalr.Transversal;1;0;0;0;0;0;;;;;2;0;0;0;0
20/04/2012;23:31:00;113;sem vitima;520,9;BR-116/RS;Norte;Abalr.Transversal;0;0;2;0;0;0;;;;;1;0;0;0;0
21/04/2012;05:52:00;8;sem vitima;37,9;BR-392/RS;Norte;Atropelamento;0;0;2;0;0;0;;;;;1;0;0;0;0
21/04/2012;15:18:00;51;com vitima;530,8;BR-116/RS;Sul;Abalr.Transversal;2;0;2;0;0;0;;;;;2;1;2;0;0
22/04/2012;19:32:00;67;sem vitima;14,9;BR-293/RS;Norte;Abalr.Transversal;0;0;0;1;0;0;;;;;1;0;0;0;0
22/04/2012;17:38:00;59;com vitima;20,5;BR-392/RS;Sul;Colisao Traseira;0;0;0;1;0;0;;;;;0;0;1;0;0
23/04/2012;15:58:00;47;sem vitima;15,5;BR-293/RS;Norte;Abalr.Transversal;1;0;1;0;0;0;;;;;2;0;0;0;0
23/04/2012;22:46:00;81;sem vitima;191,5;BR-392/RS;Norte;Abalr.Mesmo Sentido;1;0;1;0;0;0;;;;;2;0;0;0;0
24/04/2012;07:25:00;15;com vitima;529,3;BR-116/RS;Norte;Atropelamento;1;0;0;1;0;0;;;;;1;1;0;0;0
25/04/2012;12:16:00;56;sem vitima;2,9;BR-392/RS;Norte;Abalr.Transversal;0;0;2;0;0;0;;;;;1;0;0;0;0
25/04/2012;09:00:00;35;sem vitima;15,6;BR-293/RS;Norte;Abalr.Transversal;1;0;0;0;0;0;;;;;2;0;0;0;0
25/04/2012;16:54:00;79;sem vitima;58,6;BR-392/RS;Norte;Colisao Traseira;1;0;0;0;0;0;;;;;3;0;0;0;0
25/04/2012;13:16:00;59;com vitima;523,5;BR-116/RS;Norte;Abalr.Mesmo Sentido;0;0;0;0;0;1;;;;;4;2;3;1;0
25/04/2012;22:57:00;95;com vitima;104,4;BR-392/RS;Sul;Saida de Pista;1;0;0;1;0;0;;;;;3;1;0;0;0
25/04/2012;15:17:00;70;com vitima;135,2;BR-392/RS;Sul;Tombamento;0;0;0;1;0;0;;;;;0;1;0;0;0
28/04/2012;08:55:00;18;sem vitima;471;BR-116/RS;Norte;Colisao com Objeto Fixo;1;0;0;0;0;0;;;;;4;0;0;0;0
28/04/2012;08:10:00;13;com vitima;38,4;BR-392/RS;Sul;Abalr.Mesmo Sentido;0;0;0;1;0;0;;;;;1;1;0;0;0
28/04/2012;22:57:00;81;com vitima;510,4;BR-116/RS;Sul;Abalr.Transversal;0;0;2;1;0;0;;;;;1;0;1;0;0
28/04/2012;18:36:00;68;com vitima;562,6;BR-116/RS;Sul;Saida de Pista;1;0;2;0;0;0;;;;;1;1;0;0;0
28/04/2012;10:50:00;28;sem vitima;587,9;BR-116/RS;Norte;Colisao Frontal;2;0;0;0;0;0;;;;;3;0;0;0;0
29/04/2012;04:38:00;12;com vitima;404,4;BR-116/RS;Sul;Saida de Pista;1;0;0;0;0;0;;;;;1;1;0;0;0
29/04/2012;23:02:00;80;com vitima;486,4;BR-116/RS;Sul;Saida de Pista;1;0;2;0;0;0;;;;;1;0;0;2;0
29/04/2012;18:31:00;63;com vitima;514,4;BR-116/RS;Sul;Abalr.Transversal;1;0;0;0;0;0;;;;;0;1;0;0;0
29/04/2012;20:30:00;71;sem vitima;529,1;BR-116/RS;Sul;Atropelamento de animal;0;0;0;1;0;0;;;;;1;0;0;0;0
29/04/2012;20:09:00;69;com vitima;531,4;BR-116/RS;Sul;Atropelamento de animal;1;0;0;1;0;0;;;;;1;0;1;0;0
30/04/2012;18:58:00;59;com vitima;18;BR-392/RS;Norte;Colisao Frontal;1;0;2;0;0;0;;;;;1;2;0;0;0
01/05/2012;03:41:00;5;com vitima;69,6;BR-293/RS;Norte;Saida de Pista;0;0;2;0;0;0;;;;;1;0;0;0;1
01/05/2012;16:57:00;49;sem vitima;62;BR-392/RS;Norte;Atropelamento;1;0;2;0;0;0;;;;;6;0;0;0;0
01/05/2012;15:29:00;39;com vitima;76;BR-392/RS;Sul;Tombamento;1;0;0;1;0;0;;;;;1;0;1;0;0
03/05/2012;21:11:00;96;sem vitima;0,7;BR-392/RS;Sul;Abalr.Transversal;1;0;0;0;0;0;;;;;1;0;0;0;0
03/05/2012;13:58:00;56;com vitima;19,7;BR-392/RS;Norte;Tombamento;1;0;0;0;0;0;;;;;1;1;0;0;0
04/05/2012;18:57:00;82;com vitima;39,1;BR-392/RS;Norte;Atropelamento de Animal;1;0;0;0;0;0;;;;;2;1;0;0;0
04/05/2012;20:15:00;89;com vitima;516,6;BR-116/RS;Norte;Abalr.Transversal;0;0;0;1;0;0;;;;;0;0;0;0;1
04/05/2012;16:02:00;69;com vitima;556,7;BR-116/RS;Norte;Colisao Traseira;0;0;2;0;0;0;;;;;0;0;0;1;0
05/05/2012;04:29:00;8;sem vitima;400,5;BR-116/RS;Norte;Saida de Pista;1;0;0;0;0;0;;;;;2;0;0;0;0
05/05/2012;07:49:00;16;sem vitima;23;BR-392/RS;Sul;Colisao Traseira;1;0;0;0;0;0;;;;;1;0;0;0;0
05/05/2012;20:04:00;88;com vitima;530,8;BR-116/RS;Sul;Abalr.Transversal;0;0;2;0;0;0;;;;;0;1;0;0;0
06/05/2012;18:35:00;71;sem vitima;60,4;BR-392/RS;Sul;Colisao Traseira;0;0;2;0;1;0;;;;;2;0;0;0;0
06/05/2012;20:56:00;83;sem vitima;60,4;BR-392/RS;Sul;Colisao Traseira;0;0;4;0;0;0;;;;;2;0;0;0;0
06/05/2012;18:17:00;68;com vitima;83;BR-392/RS;Norte;Abalr.Transversal;1;0;0;0;0;0;;;;;0;1;0;0;0
06/05/2012;19:08:00;74;sem vitima;557;BR-116/RS;Norte;Colisao Traseira;1;0;0;0;0;0;;;;;2;0;0;0;0
07/05/2012;13:14:00;48;com vitima;516,6;BR-116/RS;Norte;Abalr.Transversal;0;0;0;1;1;0;;;;;1;1;0;0;0
08/05/2012;17:32:00;66;sem vitima;6,8;BR-392/RS;Sul;Abalr.Transversal;1;0;0;0;0;0;;;;;1;0;0;0;0
09/05/2012;18:20:00;76;sem vitima;9,9;BR-392/RS;Norte;Abalr.Transversal;0;0;1;0;0;1;;;;;3;0;0;0;0
09/05/2012;18:41:00;82;sem vitima;520,6;BR-116/RS;Norte;Abalr.Transversal;1;0;0;0;0;0;;;;;2;0;0;0;0
10/05/2012;07:45:00;7;com vitima;128,8;BR-293/RS;Norte;Abalr.Mesmo Sentido;1;0;4;0;0;0;;;;;2;0;1;1;0
10/05/2012;14:18:00;49;com vitima;526,4;BR-116/RS;Norte;Colisao Traseira;0;0;1;1;0;0;;;;;1;0;1;0;0
11/05/2012;18:27:00;77;sem vitima;2,5;BR-392/RS;Sul;Colisao Traseira;2;0;0;0;0;0;;;;;4;0;0;0;0
11/05/2012;19:07:00;84;com vitima;70,8;BR-392/RS;Sul;Colisao Traseira;1;0;2;0;0;0;;;;;2;1;0;0;0
11/05/2012;23:21:00;107;com vitima;526,2;BR-116/RS;Sul;Saida de Pista;0;0;0;1;0;0;;;;;0;0;1;0;0
11/05/2012;19:01:00;81;sem vitima;534,4;BR-116/RS;Norte;Saida de Pista;0;0;4;0;0;0;;;;;2;0;0;0;0
12/05/2012;22:44:00;106;sem vitima;37;BR-392/RS;Sul;Colisao Traseira;1;0;0;0;0;0;;;;;2;0;0;0;0
12/05/2012;20:00:00;98;sem vitima;93,4;BR-392/RS;Sul;Outros Tipos de Acidente;1;0;0;0;0;0;;;;;2;0;0;0;0
12/05/2012;02:28:00;8;sem vitima;193,2;BR-392/RS;Norte;Saida de Pista;1;0;0;0;0;1;;;;;3;0;0;0;0
13/05/2012;18:49:00;36;sem vitima;2,9;BR-392/RS;Norte;Colisao Traseira;1;0;1;0;0;0;;;;;5;0;0;0;0