data;horario;n_da_ocorrencia;tipo_de_ocorrencia;km;trecho;sentido;tipo_de_acidente;automovel;bicicleta;caminhao;moto;onibus;outros;tracao_animal;transporte_de_cargas_especiais;trator_maquinas;utilitarios;ilesos;levemente_feridos;moderadamente_feridos;gravemente_feridos;mortos
14/05/2012;01:48:00;3;com vitima;1,3;BR-392/RS;Norte;Abalr.Transversal;2;0;0;0;0;0;;;;;0;4;1;1;0
14/05/2012;08:13:00;14;com vitima;514,4;BR-116/RS;Norte;Abalr.Transversal;0;0;0;1;0;1;;;;;2;0;1;0;0
14/05/2012;11:37:00;34;com vitima;521,2;BR-116/RS;Sul;Colisao Traseira;0;0;0;1;0;0;;;;;0;2;0;0;0
15/05/2012;18:52:00;60;sem vitima;42;BR-392/RS;Norte;Tombamento;2;0;0;0;0;0;;;;;5;0;0;0;0
15/05/2012;18:22:00;58;sem vitima;52,3;BR-392/RS;Sul;Colisao Traseira;0;0;1;0;0;0;;;;;1;0;0;0;0
15/05/2012;23:29:00;71;com vitima;173,3;BR-392/RS;Sul;Saida de Pista;1;0;0;0;0;0;;;;;0;4;0;0;0
16/05/2012;22:54:00;78;com vitima;4,8;BR-392/RS;Sul;Colisao Traseira;1;0;0;0;0;0;;;;;1;1;2;0;0
16/05/2012;21:02:00;75;sem vitima;31,7;BR-293/RS;Norte;Colisao Traseira;1;0;0;0;0;0;;;;;2;0;0;0;0
17/05/2012;07:38:00;13;sem vitima;0,1;BR-604/RS;Sul;Abalr.Transversal;0;0;4;0;0;0;;;;;2;0;0;0;0
17/05/2012;12:01:00;39;sem vitima;4;BR-392/RS;Sul;Colisao Traseira;1;0;0;0;0;0;;;;;1;0;0;0;0
17/05/2012;21:02:00;95;com vitima;52;BR-392/RS;Norte;Tombamento;0;0;0;1;0;0;;;;;0;1;0;0;0
18/05/2012;20:46:00;106;sem vitima;4;BR-392/RS;Norte;Colisao com Objeto Fixo;0;0;2;0;0;0;;;;;1;0;0;0;0
19/05/2012;09:57:00;32;sem vitima;26,4;BR-392/RS;Sul;Saida de Pista;0;0;2;0;0;0;;;;;4;0;0;0;0
19/05/2012;18:22:00;68;sem vitima;32,2;BR-392/RS;Sul;Colisao com Objeto Fixo;1;0;0;0;0;0;;;;;2;0;0;0;0
20/05/2012;21:27:00;79;com vitima;2,1;BR-604/RS;Sul;Saida de Pista;1;0;1;0;0;0;;;;;1;2;0;0;0
21/05/2012;15:28:00;63;sem vitima;18,5;BR-293/RS;Norte;Colisao Traseira;1;0;0;0;0;0;;;;;1;0;0;0;0
22/05/2012;09:33:00;24;sem vitima;60,7;BR-392/RS;Sul;Colisao Traseira;1;0;0;0;0;0;;;;;3;0;0;0;0
22/05/2012;11:54:00;36;sem vitima;67;BR-392/RS;Norte;Abalr.Transversal;0;0;1;0;0;0;;;;;1;0;0;0;0
22/05/2012;20:14:00;73;sem vitima;67;BR-392/RS;Sul;Abalr.Transversal;1;0;2;0;0;0;;;;;2;0;0;0;0
22/05/2012;18:34:00;62;sem vitima;522,1;BR-116/RS;Sul;Colisao Traseira;2;0;0;0;0;0;;;;;3;0;0;0;0
23/05/2012;13:07:00;39;com vitima;18,2;BR-392/RS;Sul;Colisao Traseira;1;0;0;0;0;0;;;;;0;1;0;0;0
25/05/2012;08:02:00;18;sem vitima;18,2;BR-392/RS;Norte;Abalr.Mesmo Sentido;0;0;2;0;0;0;;;;;1;0;0;0;0
27/05/2012;09:06:00;23;com vitima;29;BR-392/RS;Sul;Colisao Traseira;2;0;0;0;0;0;;;;;1;4;1;1;0
27/05/2012;18:10:00;68;sem vitima;30,8;BR-392/RS;Sul;Colisao Frontal;2;0;0;0;0;0;;;;;5;0;0;0;0
27/05/2012;01:22:00;5;sem vitima;510,6;BR-116/RS;Sul;Abalr.Transversal;1;0;2;0;0;0;;;;;5;0;0;0;0
27/05/2012;07:21:00;19;sem vitima;530;BR-116/RS;Norte;Abalr.Transversal;1;0;0;0;0;0;;;;;3;0;0;0;0
28/05/2012;10:37:00;35;com vitima;52;BR-392/RS;Sul;Abalr.Mesmo Sentido;1;0;0;1;0;0;;;;;2;0;1;0;0
28/05/2012;18:49:00;76;com vitima;524,5;BR-116/RS;Norte;Abalr.Transversal;0;0;0;0;1;0;;;;;46;3;2;0;1
28/05/2012;10:31:00;34;sem vitima;529,3;BR-116/RS;Norte;Abalr.Transversal;1;0;2;0;0;0;;;;;3;0;0;0;0
28/05/2012;14:27:00;57;sem vitima;564,8;BR-116/RS;Sul;Abalr.Transversal;1;0;0;0;0;0;;;;;1;0;0;0;0
29/05/2012;17:26:00;80;sem vitima;522;BR-116/RS;Norte;Tombamento;1;0;0;0;0;0;;;;;3;0;0;0;0
29/05/2012;15:26:00;65;sem vitima;552,8;BR-116/RS;Sul;Tombamento;1;0;1;0;0;0;;;;;3;0;0;0;0
30/05/2012;03:52:00;9;com vitima;8,8;BR-392/RS;Sul;Abalr.Transversal;2;0;0;0;0;0;;;;;1;4;0;0;0
30/05/2012;19:01:00;73;sem vitima;15,5;BR-293/RS;Norte;Abalr.Transversal;2;0;0;0;0;0;;;;;3;0;0;0;0
30/05/2012;08:52:00;19;sem vitima;25,5;BR-392/RS;Norte;Saida de Pista;2;0;0;0;0;0;;;;;3;0;0;0;0
30/05/2012;00:55:00;3;sem vitima;514,5;BR-116/RS;Sul;Saida de Pista;1;0;0;0;1;0;;;;;38;0;0;0;0
31/05/2012;22:12:00;88;sem vitima;48;BR-392/RS;Sul;Colisao Traseira;1;0;1;0;0;0;;;;;3;0;0;0;0
31/05/2012;19:05:00;73;sem vitima;136,5;BR-293/RS;Norte;Saida de Pista;1;0;0;0;0;0;;;;;1;0;0;0;0
31/05/2012;20:39:00;84;sem vitima;557,9;BR-116/RS;Norte;Atropelamento de Animal;2;0;0;0;0;0;;;;;4;0;0;0;0
01/06/2012;06:28:00;10;com vitima;5,3;BR-392/RS;Sul;Saida de Pista;0;0;0;1;1;0;;;;;1;1;0;0;0
01/06/2012;07:42:00;13;com vitima;5,7;BR-392/RS;Norte;Colisao Traseira;1;0;0;0;0;0;;;;;0;2;0;0;0
02/06/2012;20:17:00;78;com vitima;18,1;BR-392/RS;Norte;Colisao Traseira;1;0;0;0;0;0;;;;;0;2;0;0;0
02/06/2012;16:20:00;59;com vitima;61;BR-392/RS;Norte;Tombamento;1;0;0;1;0;0;;;;;2;0;2;0;0
03/06/2012;19:41:00;57;sem vitima;401,3;BR-116/RS;Norte;Abalr.Transversal;1;0;0;0;0;0;;;;;1;0;0;0;0
03/06/2012;03:20:00;6;sem vitima;3,4;BR-392/RS;Sul;Atropelamento de Animal;2;0;0;0;0;0;;;;;2;0;0;0;0
03/06/2012;16:47:00;43;sem vitima;413,6;BR-116/RS;Norte;Saida de Pista;1;0;2;0;0;0;;;;;2;0;0;0;0
03/06/2012;18:34:00;52;sem vitima;14,9;BR-293/RS;Norte;Colisao Frontal;1;0;0;0;0;0;;;;;2;0;0;0;0
03/06/2012;18:39:00;54;sem vitima;93,6;BR-392/RS;Norte;Atropelamento;1;0;0;0;0;0;;;;;2;0;0;0;0
03/06/2012;19:43:00;58;sem vitima;117;BR-392/RS;Norte;Abalr.Transversal;1;0;2;0;0;0;;;;;3;0;0;0;0
04/06/2012;18:42:00;79;com vitima;427,6;BR-116/RS;Norte;Abalr.Transversal;0;0;0;1;0;0;;;;;0;0;1;0;0
04/06/2012;02:52:00;7;com vitima;15,1;BR-293/RS;Norte;Saida de Pista;1;0;0;1;0;0;;;;;1;1;0;0;0
04/06/2012;19:04:00;83;com vitima;124,7;BR-392/RS;Norte;Colisao Traseira;0;0;2;0;0;1;;;;;1;0;1;0;0
06/06/2012;16:56:00;61;com vitima;0,5;BR-604/RS;Sul;Abalr.Transversal;0;0;2;1;0;0;;;;;1;0;1;0;0
06/06/2012;23:08:00;91;sem vitima;18,4;BR-293/RS;Norte;Atropelamento de Animal;0;0;3;0;0;0;;;;;2;0;0;0;0
06/06/2012;09:42:00;23;sem vitima;81,8;BR-392/RS;Sul;Outros tipos de acidente;1;0;1;0;0;0;;;;;2;0;0;0;0
07/06/2012;14:14:00;59;com vitima;514,5;BR-116/RS;Sul;Saida de Pista;0;0;0;1;0;0;;;;;0;0;1;0;0
07/06/2012;16:07:00;68;com vitima;524,1;BR-116/RS;Norte;Colisao Traseira;1;0;0;0;0;0;;;;;0;1;0;0;0
07/06/2012;13:25:00;57;com vitima;530,8;BR-116/RS;Norte;Colisao Traseira;0;0;2;0;0;0;;;;;0;1;0;0;0
09/06/2012;15:38:00;66;sem vitima;42;BR-392/RS;Norte;Abalr.Transversal;1;0;0;1;0;0;;;;;2;0;0;0;0
09/06/2012;00:24:00;1;com vitima;167,9;BR-293/RS;Norte;Atropelamento de Animal;0;0;0;2;0;0;;;;;0;0;1;1;0
09/06/2012;05:52:00;12;sem vitima;613,4;BR-116/RS;Sul;Atropelamento de Animal;0;0;1;0;0;0;;;;;1;0;0;0;0
11/06/2012;17:55:00;76;sem vitima;1,9;BR-392/RS;Norte;Abalr.Sentido Oposto;1;0;0;0;0;0;;;;;1;0;0;0;0
11/06/2012;18:17:00;81;com vitima;427,1;BR-116/RS;Sul;Colisao Frontal;1;0;0;1;0;0;;;;;1;0;0;1;0
11/06/2012;19:47:00;87;com vitima;19,5;BR-392/RS;Sul;Atropelamento;1;0;0;1;0;0;;;;;4;0;2;0;0
11/06/2012;16:23:00;69;sem vitima;525,9;BR-116/RS;Sul;Colisao Traseira;2;0;0;0;0;0;;;;;3;0;0;0;0
12/06/2012;13:56:00;47;sem vitima;9,5;BR-392/RS;Sul;Colisao Traseira;0;0;1;0;0;0;;;;;1;0;0;0;0
12/06/2012;06:31:00;13;com vitima;15,5;BR-293/RS;Norte;Saida de Pista;1;0;0;1;0;0;;;;;1;1;0;0;0
12/06/2012;03:57:00;9;com vitima;34,7;BR-392/RS;Sul;Saida de Pista;0;0;0;1;0;0;;;;;0;1;0;0;0
12/06/2012;15:45:00;59;sem vitima;34,8;BR-392/RS;Norte;Colisao Traseira;1;0;2;0;0;0;;;;;2;0;0;0;0
12/06/2012;07:56:00;19;com vitima;170,2;BR-293/RS;Norte;Saida de Pista;0;0;2;0;0;0;;;;;0;1;1;0;0
13/06/2012;20:17:00;96;com vitima;18;BR-392/RS;Sul;Tombamento;2;0;0;0;0;0;;;;;1;0;3;0;0
13/06/2012;07:07:00;16;sem vitima;519,3;BR-116/RS;Sul;Abalr.Mesmo Sentido;0;0;2;0;0;0;;;;;1;0;0;0;0
13/06/2012;18:15:00;92;com vitima;576,7;BR-116/RS;Norte;Atropelamento de Animal;1;0;0;0;0;0;;;;;1;0;3;0;0
14/06/2012;19:41:00;94;sem vitima;34,8;BR-392/RS;Norte;Saida de Pista;0;0;2;0;0;0;;;;;1;0;0;0;0
15/06/2012;07:16:00;15;sem vitima;9,9;BR-392/RS;Sul;Saida de Pista;1;0;0;0;0;0;;;;;1;0;0;0;0
15/06/2012;13:28:00;47;com vitima;594,1;BR-116/RS;Norte;Saida de Pista;1;0;0;0;0;0;;;;;0;1;0;0;0
17/06/2012;17:54:00;47;sem vitima;406,6;BR-116/RS;Norte;Abalr.Mesmo Sentido;1;0;0;0;0;0;;;;;1;0;0;0;0
17/06/2012;20:47:00;69;com vitima;34,8;BR-392/RS;Sul;Colisao Traseira;0;0;0;1;0;0;;;;;0;2;0;0;0
18/06/2012;07:30:00;14;com vitima;1,8;BR-392/RS;Norte;Abalr.Sentido Oposto;1;0;0;0;0;0;;;;;2;2;0;0;0
18/06/2012;18:37:00;63;sem vitima;2,3;BR-392/RS;Sul;Colisao Traseira;2;0;0;0;0;0;;;;;4;0;0;0;0
18/06/2012;02:53:00;6;com vitima;426;BR-116/RS;Norte;Saida de Pista;0;0;2;0;0;0;;;;;1;0;1;0;0
18/06/2012;20:30:00;70;sem vitima;20,2;BR-392/RS;Sul;Saida de Pista;0;0;2;0;0;1;;;;;2;0;0;0;0
18/06/2012;21:30:00;76;sem vitima;30,8;BR-392/RS;Norte;Tombamento;1;0;0;0;0;0;;;;;1;0;0;0;0
18/06/2012;05:59:00;10;sem vitima;82,7;BR-392/RS;Sul;Saida de Pista;1;0;0;0;0;0;;;;;2;0;0;0;0
18/06/2012;13:56:00;45;com vitima;99,5;BR-392/RS;Sul;Tombamento;1;0;0;1;0;0;;;;;1;1;0;0;0
19/06/2012;07:27:00;11;com vitima;62,1;BR-392/RS;Sul;Colisao Traseira;0;0;1;0;0;1;;;;;1;2;0;0;0
20/06/2012;08:08:00;12;sem vitima;2,7;BR-392/RS;Sul;Outros tipos de acidente;1;0;2;0;0;0;;;;;3;0;0;0;0
20/06/2012;06:42:00;5;sem vitima;16;BR-392/RS;Norte;Atropelamento;2;0;0;0;0;0;;;;;2;0;0;0;0
20/06/2012;19:21:00;85;sem vitima;524,7;BR-116/RS;Sul;Atropelamento;0;0;2;0;0;0;;;;;3;0;0;0;0
20/06/2012;13:58:00;48;sem vitima;122,5;BR-392/RS;Norte;Atropelamento;1;0;2;0;0;0;;;;;6;0;0;0;0
21/06/2012;05:33:00;12;sem vitima;30,8;BR-392/RS;Norte;Saida de Pista;0;0;2;0;0;0;;;;;1;0;0;0;0
21/06/2012;07:44:00;18;sem vitima;519,9;BR-116/RS;Norte;Abalr.Transversal;0;0;1;0;1;0;;;;;33;0;0;0;0
22/06/2012;15:09:00;56;sem vitima;21,5;BR-392/RS;Norte;Tombamento;2;0;0;0;0;0;;;;;2;0;0;0;0
22/06/2012;14:35:00;54;sem vitima;56;BR-392/RS;Sul;Saida de Pista;0;0;2;0;0;0;;;;;1;0;0;0;0
22/06/2012;07:28:00;13;com vitima;144;BR-293/RS;Norte;Saida de Pista;0;0;0;0;2;0;;;;;21;1;1;2;0
23/06/2012;16:04:00;43;sem vitima;427,9;BR-116/RS;Norte;Colisao Traseira;2;0;0;0;0;0;;;;;5;0;0;0;0
23/06/2012;13:16:00;32;com vitima;526,8;BR-116/RS;Norte;Abalr.Transversal;2;0;0;0;0;1;;;;;3;0;3;0;0
24/06/2012;15:17:00;33;sem vitima;28;BR-293/RS;Norte;Saida de Pista;1;0;0;0;0;0;;;;;2;0;0;0;0
24/06/2012;14:53:00;30;com vitima;520,9;BR-116/RS;Norte;Abalr.Transversal;1;0;2;0;0;0;;;;;1;0;1;0;0
25/06/2012;06:50:00;8;com vitima;4,2;BR-392/RS;Norte;Abalr.Transversal;0;0;0;1;0;0;;;;;0;0;0;1;0
25/06/2012;18:48:00;64;com vitima;14,9;BR-293/RS;Norte;Abalr.Transversal;2;0;0;1;0;0;;;;;2;1;0;0;0
25/06/2012;15:14:00;46;sem vitima;517,3;BR-116/RS;Norte;Abalr.Transversal;0;0;1;0;0;0;;;;;1;0;0;0;0
25/06/2012;17:04:00;55;sem vitima;87,6;BR-392/RS;Sul;Abalr.Transversal;1;0;2;0;0;0;;;;;2;0;0;0;0
25/06/2012;05:33:00;7;com vitima;528,3;BR-116/RS;Sul;Colisao Traseira;0;0;0;2;0;0;;;;;0;2;0;0;0
26/06/2012;17:49:00;67;sem vitima;1,3;BR-392/RS;Norte;Atropelamento;1;0;0;0;0;0;;;;;2;0;0;0;0
26/06/2012;07:24:00;8;com vitima;5,1;BR-392/RS;Norte;Colisao Traseira;1;0;0;0;0;0;;;;;0;1;0;0;0
26/06/2012;18:37:00;70;sem vitima;8,5;BR-392/RS;Sul;Abalr.Transversal;2;0;1;0;0;0;;;;;5;0;0;0;0
26/06/2012;19:36:00;78;com vitima;430,5;BR-116/RS;Sul;Colisao com Objeto Fixo;1;0;0;0;0;0;;;;;2;1;0;0;0
27/06/2012;15:52:00;67;com vitima;65,5;BR-392/RS;Sul;Tombamento;1;0;0;0;0;0;;;;;0;2;0;1;0
27/06/2012;17:48:00;78;sem vitima;523,3;BR-116/RS;Norte;Abalr.Transversal;0;0;2;0;0;0;;;;;1;0;0;0;0
27/06/2012;12:34:00;48;sem vitima;526,3;BR-116/RS;Sul;Tombamento;1;0;0;0;0;0;;;;;2;0;0;0;0
27/06/2012;13:05:00;51;com vitima;526,3;BR-116/RS;Sul;Tombamento;0;0;0;2;0;0;;;;;1;0;1;0;0
27/06/2012;21:12:00;104;com vitima;567;BR-116/RS;Sul;Saida de Pista;0;0;1;0;0;0;;;;;2;1;0;0;0
28/06/2012;11:18:00;42;com vitima;4,9;BR-392/RS;Sul;Abalr.Transversal;1;0;0;0;0;0;;;;;0;2;0;0;0
28/06/2012;10:09:00;35;sem vitima;464,3;BR-116/RS;Norte;Colisao Traseira;0;0;2;0;0;0;;;;;1;0;0;0;0
29/06/2012;21:23:00;104;sem vitima;6,2;BR-392/RS;Norte;Colisao com Objeto Fixo;1;0;0;0;0;0;;;;;1;0;0;0;0
29/06/2012;19:56:00;94;sem vitima;464;BR-116/RS;Norte;Tombamento;0;0;2;0;0;0;;;;;1;0;0;0;0
29/06/2012;20:16:00;98;sem vitima;21,7;BR-392/RS;Sul;Saida de Pista;0;0;4;0;0;0;;;;;2;0;0;0;0
29/06/2012;19:58:00;95;sem vitima;523,9;BR-116/RS;Norte;Abalr.Transversal;1;0;0;0;0;0;;;;;1;0;0;0;0
29/06/2012;22:18:00;109;sem vitima;84,1;BR-392/RS;Sul;Tombamento;2;0;2;0;0;0;;;;;3;0;0;0;0
29/06/2012;00:55:00;3;sem vitima;197,9;BR-392/RS;Norte;Atropelamento de Animal;1;0;0;0;0;0;;;;;1;0;0;0;0
30/06/2012;18:36:00;58;com vitima;19,4;BR-392/RS;Sul;Atropelamento;0;0;0;1;0;0;;;;;0;1;1;0;0
30/06/2012;08:04:00;14;sem vitima;460,7;BR-116/RS;Sul;Colisao Frontal;2;0;0;0;0;0;;;;;4;0;0;0;0
30/06/2012;02:47:00;6;com vitima;477,8;BR-116/RS;Sul;Saida de Pista;0;0;0;1;0;0;;;;;0;1;0;0;0
30/06/2012;18:02:00;56;com vitima;514,5;BR-116/RS;Norte;Saida de Pista;0;0;0;0;1;0;;;;;11;0;1;0;0
30/06/2012;07:44:00;12;com vitima;520,2;BR-116/RS;Sul;Saida de Pista;0;0;1;1;0;0;;;;;1;0;1;0;0
30/06/2012;14:38:00;45;sem vitima;525,9;BR-116/RS;Sul;Abalr.Transversal;1;0;1;0;0;0;;;;;5;0;0;0;0
01/07/2012;06:38:00;15;com vitima;17,6;BR-293/RS;Norte;Saida de Pista;0;0;2;0;0;0;;;;;2;1;0;0;0
01/07/2012;05:27:00;11;sem vitima;465;BR-116/RS;Sul;Abalr.Transversal;0;0;2;0;0;0;;;;;1;0;0;0;0
01/07/2012;12:32:00;33;com vitima;32;BR-392/RS;Sul;Colisao Traseira;2;0;0;0;0;0;;;;;1;3;0;0;0
01/07/2012;18:31:00;56;sem vitima;490,8;BR-116/RS;Sul;Abalr.Transversal;0;0;1;0;0;0;;;;;1;0;0;0;0
02/07/2012;07:36:00;13;com vitima;38,5;BR-293/RS;Norte;Saida de Pista;0;0;0;1;0;0;;;;;0;0;0;0;1
02/07/2012;11:41:00;38;com vitima;483,7;BR-116/RS;Sul;Saida de Pista;0;0;0;1;0;0;;;;;0;1;1;0;0
02/07/2012;19:07:00;69;com vitima;88,2;BR-293/RS;Norte;Colisao Frontal;2;0;2;0;0;0;;;;;1;0;2;2;0
02/07/2012;00:28:00;1;com vitima;527,7;BR-116/RS;Norte;Abalr.Sentido Oposto;0;0;0;1;0;1;;;;;0;2;0;0;0
03/07/2012;15:19:00;55;com vitima;9,9;BR-392/RS;Norte;Abalr.Mesmo Sentido;1;0;0;0;0;0;;;;;0;1;0;0;0
03/07/2012;07:25:00;7;com vitima;80,7;BR-392/RS;Sul;Saida de Pista;0;0;0;1;0;0;;;;;0;0;1;0;0
03/07/2012;21:55:00;93;sem vitima;529,6;BR-116/RS;Sul;Abalr.Mesmo Sentido;2;0;0;0;0;0;;;;;5;0;0;0;0
03/07/2012;18:31:00;75;sem vitima;145,4;BR-392/RS;Sul;Saida de Pista;1;0;2;0;0;0;;;;;2;0;0;0;0
03/07/2012;19:48:00;87;sem vitima;634,3;BR-116/RS;Sul;Colisao Frontal;0;0;1;0;0;0;;;;;1;0;0;0;0
03/07/2012;21:48:00;90;sem vitima;634,3;BR-116/RS;Sul;Capotamento;1;0;0;0;0;0;;;;;3;0;0;0;0
04/07/2012;14:35:00;58;com vitima;141;BR-293/RS;Norte;Saida de Pista;1;0;1;0;0;0;;;;;1;1;0;0;0
04/07/2012;06:56:00;13;sem vitima;82;BR-392/RS;Sul;Saida de Pista;2;0;0;0;0;0;;;;;3;0;0;0;0
05/07/2012;21:14:00;103;sem vitima;13,7;BR-293/RS;Norte;Atropelamento;0;0;1;0;0;0;;;;;1;0;0;0;0
05/07/2012;20:06:00;101;com vitima;611,7;BR-116/RS;Sul;Atropelamento de Animal;1;0;0;1;0;0;;;;;0;2;0;0;0
06/07/2012;15:37:00;53;sem vitima;1,7;BR-392/RS;Sul;Abalr.Transversal;0;0;2;0;0;0;;;;;1;0;0;0;0
06/07/2012;17:26:00;71;sem vitima;23,9;BR-293/RS;Norte;Colisao Frontal;1;0;1;0;0;0;;;;;4;0;0;0;0
06/07/2012;10:12:00;28;sem vitima;28,2;BR-293/RS;Norte;Saida de Pista;1;0;2;0;0;0;;;;;4;0;0;0;0
06/07/2012;10:08:00;27;sem vitima;488,6;BR-116/RS;Sul;Abalr.Transversal;0;0;2;0;1;0;;;;;10;0;0;0;0
06/07/2012;13:29:00;40;sem vitima;71,3;BR-293/RS;Norte;Saida de Pista;2;0;0;0;0;0;;;;;2;0;0;0;0
06/07/2012;18:53:00;78;sem vitima;84,4;BR-392/RS;Sul;Colisao Frontal;1;0;0;0;0;0;;;;;1;0;0;0;0
06/07/2012;06:40:00;8;com vitima;526,4;BR-116/RS;Norte;Atropelamento;0;0;0;1;0;0;;;;;0;1;1;0;0
06/07/2012;21:32:00;95;sem vitima;129;BR-392/RS;Sul;Colisao Traseira;1;0;0;0;0;0;;;;;1;0;0;0;0
08/07/2012;06:25:00;4;sem vitima;89;BR-293/RS;Norte;Colisao com Objeto Fixo;1;0;0;0;0;0;;;;;2;0;0;0;0
08/07/2012;06:57:00;6;com vitima;65,5;BR-392/RS;Norte;Abalr.Transversal;0;0;1;1;0;0;;;;;2;0;2;0;0
08/07/2012;19:45:00;51;com vitima;145,1;BR-293/RS;Norte;Atropelamento de Animal;2;0;0;0;0;0;;;;;4;0;1;0;0
09/07/2012;18:54:00;74;sem vitima;18,1;BR-392/RS;Sul;Atropelamento;0;0;3;0;0;0;;;;;2;0;0;0;0
09/07/2012;08:25:00;26;sem vitima;31,5;BR-293/RS;Norte;Abalr.Mesmo Sentido;0;0;0;0;1;1;;;;;43;0;0;0;0
09/07/2012;07:09:00;15;com vitima;83,1;BR-392/RS;Norte;Abalr.Transversal;3;0;0;0;0;0;;;;;4;0;1;0;0
09/07/2012;11:45:00;47;com vitima;529,1;BR-116/RS;Norte;Abalr.Transversal;1;0;0;1;0;0;;;;;1;0;1;0;0
10/07/2012;10:22:00;24;sem vitima;464,7;BR-116/RS;Sul;Abalr.Transversal;1;0;2;0;0;0;;;;;2;0;0;0;0
10/07/2012;19:35:00;71;sem vitima;110,2;BR-392/RS;Sul;Colisao Traseira;1;0;0;0;0;0;;;;;4;0;0;0;0
11/07/2012;18:00:00;65;sem vitima;22,5;BR-392/RS;Sul;Abalr.Transversal;1;0;0;0;0;0;;;;;1;0;0;0;0
12/07/2012;15:54:00;53;sem vitima;3,9;BR-392/RS;Norte;Abalr.Transversal;1;0;0;0;0;0;;;;;4;0;0;0;0
12/07/2012;23:53:00;100;com vitima;616,1;BR-116/RS;Sul;Saida de Pista;1;0;0;1;0;0;;;;;1;1;0;0;0
13/07/2012;09:01:00;28;sem vitima;2,2;BR-604/RS;Sul;Abalr.Transversal;0;0;4;0;0;0;;;;;2;0;0;0;0
13/07/2012;00:54:00;1;sem vitima;512,2;BR-116/RS;Sul;Tombamento;0;0;3;0;0;0;;;;;2;0;0;0;0
13/07/2012;08:20:00;22;com vitima;79;BR-392/RS;Sul;Colisao Traseira;1;0;0;1;0;0;;;;;1;0;0;1;0
14/07/2012;11:01:00;28;sem vitima;17,8;BR-392/RS;Norte;Abalr.Mesmo Sentido;1;0;0;0;0;0;;;;;2;0;0;0;0
14/07/2012;10:19:00;21;sem vitima;530,1;BR-116/RS;Norte;Abalr.Transversal;2;0;0;0;0;0;;;;;8;0;0;0;0
14/07/2012;03:13:00;4;com vitima;176;BR-392/RS;Sul;Saida de Pista;1;0;0;1;0;0;;;;;1;0;1;0;0
15/07/2012;23:36:00;56;com vitima;34,6;BR-392/RS;Sul;Colisao com Objeto Fixo;1;0;2;0;0;0;;;;;1;0;0;1;1
16/07/2012;11:27:00;38;sem vitima;3;BR-392/RS;Sul;Tombamento;1;0;0;0;0;0;;;;;1;0;0;0;0
16/07/2012;01:20:00;4;com vitima;3,5;BR-392/RS;Norte;Atropelamento de Animal;2;0;0;0;0;0;;;;;1;1;0;0;0
16/07/2012;19:09:00;89;sem vitima;520,9;BR-116/RS;Norte;Abalr.Transversal;1;0;2;0;0;0;;;;;3;0;0;0;0
16/07/2012;07:29:00;15;com vitima;529,2;BR-116/RS;Sul;Abalr.Transversal;1;0;0;0;0;0;;;;;0;2;0;0;0
16/07/2012;06:47:00;13;sem vitima;641,4;BR-116/RS;Sul;Abalr.Sentido Oposto;0;0;1;0;0;0;;;;;2;0;0;0;0
17/07/2012;18:15:00;62;sem vitima;13,3;BR-293/RS;Norte;Abalr.Transversal;1;0;0;0;0;0;;;;;7;0;0;0;0
17/07/2012;15:03:00;45;com vitima;117,1;BR-392/RS;Norte;Abalr.Transversal;0;0;3;0;0;0;;;;;1;1;0;0;0
19/07/2012;06:52:00;11;sem vitima;401,2;BR-116/RS;Norte;Tombamento;0;0;1;0;0;0;;;;;2;0;0;0;0
19/07/2012;00:13:00;1;com vitima;432,8;BR-116/RS;Norte;Saida de Pista;2;0;0;0;0;1;;;;;0;5;0;0;0
19/07/2012;17:18:00;68;sem vitima;525,8;BR-116/RS;Sul;Abalr.Transversal;1;0;0;0;0;0;;;;;2;0;0;0;0
19/07/2012;06:57:00;12;sem vitima;529,2;BR-116/RS;Norte;Colisao Frontal;1;0;0;0;0;0;;;;;5;0;0;0;0
20/07/2012;22:22:00;113;sem vitima;157,3;BR-392/RS;Sul;Colisao Traseira;1;0;0;0;0;0;;;;;1;0;0;0;0
21/07/2012;09:09:00;21;sem vitima;16,1;BR-392/RS;Norte;Abalr.Transversal;1;0;0;0;0;0;;;;;1;0;0;0;0
22/07/2012;22:29:00;83;sem vitima;11,3;BR-293/RS;Norte;Tombamento;1;0;2;0;0;0;;;;;2;0;0;0;0
22/07/2012;23:00:00;86;sem vitima;17,9;BR-392/RS;Sul;Abalr.Transversal;1;0;0;0;1;0;;;;;3;0;0;0;0
22/07/2012;18:08:00;55;com vitima;71,5;BR-392/RS;Sul;Colisao Traseira;0;0;0;1;0;0;;;;;0;0;1;0;0
22/07/2012;17:59:00;51;sem vitima;526,8;BR-116/RS;Norte;Colisao Traseira;0;0;2;0;0;0;;;;;1;0;0;0;0
23/07/2012;00:42:00;1;sem vitima;2,9;BR-392/RS;Norte;Abalr.Transversal;0;0;2;0;0;0;;;;;1;0;0;0;0
23/07/2012;07:39:00;11;com vitima;188,2;BR-392/RS;Norte;Saida de Pista;1;0;0;1;0;0;;;;;3;0;1;0;0
24/07/2012;15:33:00;56;com vitima;42,4;BR-392/RS;Norte;Abalr.Transversal;0;0;0;1;0;0;;;;;0;1;0;0;0