data;horario;n_da_ocorrencia;tipo_de_ocorrencia;km;trecho;sentido;tipo_de_acidente;automovel;bicicleta;caminhao;moto;onibus;outros;tracao_animal;transporte_de_cargas_especiais;trator_maquinas;utilitarios;ilesos;levemente_feridos;moderadamente_feridos;gravemente_feridos;mortos
22/12/2012;23:43:00;96;com vitima;527,3;BR-116/RS;Norte;Colisao Frontal;0;0;1;1;0;0;;;;;1;0;0;2;0
23/12/2012;07:33:00;19;sem vitima;0,1;BR-604/RS;Sul;Colisao Traseira;0;0;1;0;0;0;;;;;1;0;0;0;0
23/12/2012;13:49:00;45;com vitima;18;BR-392/RS;Sul;Colisao Traseira;1;0;0;1;0;0;;;;;1;1;0;0;0
23/12/2012;08:25:00;24;com vitima;488,5;BR-116/RS;Sul;Saida de Pista;0;0;1;0;1;0;;;;;0;1;1;1;5
23/12/2012;22:03:00;92;sem vitima;69,4;BR-293/RS;Norte;Colisao Traseira;2;0;0;0;0;0;;;;;3;0;0;0;0
23/12/2012;11:47:00;39;sem vitima;516,9;BR-116/RS;Norte;Abalr.Transversal;0;0;1;0;0;0;;;;;1;0;0;0;0
24/12/2012;21:33:00;77;com vitima;485,5;BR-116/RS;Sul;Saida de Pista;1;0;0;1;0;0;;;;;2;0;2;0;0
24/12/2012;13:43:00;42;com vitima;61,3;BR-392/RS;Norte;Tombamento;1;0;1;0;0;0;;;;;2;0;1;0;1
24/12/2012;20:29:00;72;com vitima;66,7;BR-392/RS;Sul;Abalr.Transversal;0;0;0;1;0;0;;;;;0;1;1;0;0
24/12/2012;21:33:00;76;sem vitima;530,5;BR-116/RS;Sul;Atropelamento;1;0;1;0;0;0;;;;;2;0;0;0;0
25/12/2012;20:13:00;88;com vitima;66;BR-392/RS;Sul;Colisao Traseira;0;0;2;0;0;0;;;;;1;0;0;0;1
25/12/2012;18:54:00;73;sem vitima;73,3;BR-392/RS;Sul;Colisao Traseira;1;0;0;0;0;0;;;;;1;0;0;0;0
25/12/2012;20:19:00;90;sem vitima;73,9;BR-392/RS;Norte;Colisao Traseira;1;0;0;0;0;0;;;;;1;0;0;0;0
25/12/2012;19:39:00;80;sem vitima;74,4;BR-392/RS;Sul;Colisao Traseira;1;0;0;0;0;0;;;;;1;0;0;0;0
25/12/2012;19:50:00;85;sem vitima;74,8;BR-392/RS;Sul;Saida de Pista;0;0;0;0;0;1;;;;;1;0;0;0;0
25/12/2012;19:47:00;83;com vitima;169,5;BR-293/RS;Norte;Saida de Pista;1;0;0;1;0;0;;;;;0;1;1;0;0
25/12/2012;18:20:00;67;com vitima;633,7;BR-116/RS;Sul;Saida de Pista;1;0;0;0;0;0;;;;;2;0;1;0;0
26/12/2012;10:04:00;29;com vitima;430;BR-116/RS;Norte;Colisao Traseira;0;0;0;1;0;0;;;;;0;1;0;0;0
26/12/2012;10:02:00;28;com vitima;28,2;BR-293/RS;Norte;Saida de Pista;1;0;0;0;0;0;;;;;0;2;0;0;0
26/12/2012;11:47:00;43;com vitima;502;BR-116/RS;Norte;Saida de Pista;1;0;0;0;0;0;;;;;1;1;0;0;0
26/12/2012;07:49:00;18;com vitima;75;BR-293/RS;Norte;Saida de Pista;1;0;1;0;0;0;;;;;2;1;0;0;0
26/12/2012;08:25:00;23;com vitima;80,7;BR-293/RS;Norte;Saida de Pista;2;0;0;0;0;0;;;;;0;4;1;0;0
26/12/2012;10:06:00;30;com vitima;524,4;BR-116/RS;Norte;Abalr.Transversal;1;0;0;1;0;0;;;;;3;0;1;0;0
26/12/2012;10:31:00;32;sem vitima;151,9;BR-293/RS;Norte;Saida de Pista;2;0;0;0;0;0;;;;;6;0;0;0;0
26/12/2012;00:38:00;4;sem vitima;528,8;BR-116/RS;Norte;Colisao Traseira;0;0;1;0;0;0;;;;;1;0;0;0;0
26/12/2012;14:51:00;54;com vitima;192,5;BR-392/RS;Norte;Saida de Pista;1;0;0;2;0;0;;;;;1;2;0;0;0
26/12/2012;11:14:00;38;sem vitima;197,7;BR-392/RS;Sul;Saida de Pista;1;0;0;1;0;0;;;;;4;0;0;0;0
28/12/2012;08:37:00;22;com vitima;15,5;BR-293/RS;Norte;Colisao Traseira;0;0;1;0;0;0;;;;;0;1;0;0;0
28/12/2012;17:24:00;76;com vitima;494,8;BR-116/RS;Sul;Colisao Traseira;1;0;0;1;0;0;;;;;1;1;0;0;0
28/12/2012;20:24:00;91;sem vitima;501,7;BR-116/RS;Sul;Saida de Pista;0;0;1;0;0;0;;;;;1;0;0;0;0
29/12/2012;06:44:00;14;sem vitima;417,1;BR-116/RS;Norte;Saida de Pista;1;0;1;0;0;0;;;;;2;0;0;0;0
29/12/2012;22:04:00;104;com vitima;566,3;BR-116/RS;Sul;Saida de Pista;1;0;0;1;0;0;;;;;1;0;1;0;0
30/12/2012;09:25:00;20;sem vitima;411,1;BR-116/RS;Sul;Saida de Pista;1;0;0;0;0;1;;;;;4;0;0;0;0
31/12/2012;18:23:00;56;sem vitima;445,6;BR-116/RS;Sul;Tombamento;1;0;0;1;0;0;;;;;6;0;0;0;0
31/12/2012;09:47:00;20;sem vitima;510,8;BR-116/RS;Norte;Abalr.Transversal;1;0;1;0;0;0;;;;;3;0;0;0;0
01/01/2013;15:05:00;49;sem vitima;26,3;BR-392/RS;Norte;Abalr.Transversal;1;0;0;0;0;0;;;;;1;0;0;0;0
01/01/2013;19:14:00;75;com vitima;47,2;BR-293/RS;Norte;Ablr.Sentido Oposto;2;0;0;0;0;0;;;;;2;2;1;0;0
01/01/2013;22:39:00;98;com vitima;613,5;BR-116/RS;Norte;Saida de Pista;1;0;0;1;0;0;;;;;2;1;0;0;0
02/01/2013;11:09:00;40;com vitima;37,7;BR-293/RS;Norte;Saida de Pista;2;0;0;0;0;0;;;;;1;2;0;0;0
02/01/2013;12:22:00;52;sem vitima;66,8;BR-392/RS;Sul;Abalr.Transversal;1;0;0;0;0;0;;;;;2;0;0;0;0
02/01/2013;16:08:00;69;sem vitima;93,7;BR-392/RS;Norte;Colisao Traseira;1;0;1;0;0;0;;;;;5;0;0;0;0
02/01/2013;20:15:00;84;com vitima;590;BR-116/RS;Sul;Abalr.Sentido Oposto;2;0;0;0;0;0;;;;;1;0;4;1;0
05/01/2013;02:06:00;2;sem vitima;608,1;BR-116/RS;Sul;Atropelamento de Animal;2;0;0;0;0;0;;;;;5;0;0;0;0
05/01/2013;19:13:00;73;com vitima;426,8;BR-116/RS;Norte;Abalr.Transversal;1;0;0;2;0;0;;;;;3;2;0;0;0
05/01/2013;22:14:00;94;com vitima;25,1;BR-392/RS;Norte;Colisao Traseira;0;0;1;1;0;0;;;;;1;0;0;1;0
05/01/2013;22:37:00;95;sem vitima;22,8;BR-392/RS;Norte;Atropelamento;2;0;0;0;0;0;;;;;2;0;0;0;0
06/01/2013;03:35:00;9;com vitima;48,3;BR-293/RS;Norte;Saida de Pista;0;0;1;0;0;0;;;;;0;1;0;0;0
06/01/2013;05:20:00;13;sem vitima;1,7;BR-392/RS;Sul;Tombamento;1;0;0;0;0;0;;;;;1;0;0;0;0
06/01/2013;17:41:00;59;com vitima;31,1;BR-293/RS;Norte;Abalr.Transversal;1;0;1;0;0;0;;;;;1;1;0;0;0
06/01/2013;18:38:00;62;com vitima;91,6;BR-392/RS;Sul;Saida de Pista;1;0;0;0;0;0;;;;;0;1;0;0;0
06/01/2013;22:49:00;83;com vitima;526,4;BR-116/RS;Norte;Abalr.Transversal;1;0;0;1;0;0;;;;;1;1;0;0;0
07/01/2013;07:08:00;14;sem vitima;20,5;BR-392/RS;Sul;Abalr.Transversal;1;0;0;0;0;0;;;;;5;0;0;0;0
07/01/2013;15:22:00;61;com vitima;19,5;BR-392/RS;Sul;Colisao Traseira;1;0;0;0;0;0;;;;;0;1;1;0;0
07/01/2013;17:01:00;67;sem vitima;119,8;BR-392/RS;Sul;Saida de Pista;1;0;0;0;0;0;;;;;2;0;0;0;0
08/01/2013;00:53:00;2;sem vitima;526,5;BR-116/RS;Sul;Saida de Pista;0;0;1;0;0;0;;;;;1;0;0;0;0
08/01/2013;04:27:00;11;com vitima;460;BR-116/RS;Sul;Atropelamento;1;0;0;1;0;0;;;;;1;1;0;0;0
08/01/2013;04:56:00;12;com vitima;501,8;BR-116/RS;Sul;Saida de Pista;1;0;0;0;0;0;;;;;0;0;1;0;0
08/01/2013;08:30:00;15;com vitima;122;BR-392/RS;Norte;Saida de Pista;1;0;0;0;0;0;;;;;0;3;0;0;0
09/01/2013;22:02:00;82;sem vitima;526,5;BR-116/RS;Sul;Saida de Pista;1;0;1;0;0;0;;;;;3;0;0;0;0
10/01/2013;11:06:00;34;sem vitima;12;BR-392/RS;Norte;Saida de Pista;1;0;0;0;0;0;;;;;1;0;0;0;0
11/01/2013;02:33:00;5;sem vitima;18,7;BR-392/RS;Sul;Saida de Pista;0;0;0;1;0;0;;;;;1;0;0;0;0
11/01/2013;23:27:00;100;sem vitima;441;BR-116/RS;Sul;Saida de Pista;2;0;0;0;0;0;;;;;8;0;0;0;0
12/01/2013;07:59:00;19;sem vitima;66,9;BR-392/RS;Sul;Abalr.Transversal;1;0;0;0;0;0;;;;;1;0;0;0;0
12/01/2013;08:18:00;20;sem vitima;510,5;BR-116/RS;Norte;Colisao Traseira;1;0;0;0;0;0;;;;;1;0;0;0;0
13/01/2013;12:21:00;27;com vitima;2,6;BR-392/RS;Norte;Colisao Traseira;2;0;0;0;0;0;;;;;2;1;0;0;0
13/01/2013;15:17:00;40;com vitima;54,5;BR-392/RS;Sul;Saida de Pista;2;0;0;0;0;0;;;;;2;1;0;0;0
13/01/2013;22:46:00;76;com vitima;124,6;BR-293/RS;Norte;Tombamento;2;0;0;0;0;0;;;;;1;3;2;0;0
15/01/2013;11:45:00;40;sem vitima;61,6;BR-392/RS;Norte;Saida de Pista;2;0;0;0;0;0;;;;;8;0;0;0;0
15/01/2013;12:02:00;42;com vitima;67,9;BR-293/RS;Norte;Saida de Pista;0;0;1;1;0;0;;;;;2;0;0;1;0
15/01/2013;21:44:00;94;com vitima;14,6;BR-392/RS;Sul;Atropelamento;1;0;1;0;0;0;;;;;1;0;1;1;1
16/01/2013;14:48:00;59;sem vitima;537,3;BR-116/RS;Sul;Abalr.Transversal;0;0;1;0;0;0;;;;;1;0;0;0;0
17/01/2013;07:27:00;22;sem vitima;9,1;BR-392/RS;Norte;Abalr.Transversal;1;0;1;0;0;0;;;;;2;0;0;0;0
17/01/2013;11:00:00;47;com vitima;12,5;BR-392/RS;Sul;Colisao Frontal;1;0;0;0;1;0;;;;;45;1;0;0;0
17/01/2013;11:45:00;55;com vitima;78,3;BR-392/RS;Sul;Abalr.Mesmo Sentido;0;0;0;2;0;0;;;;;0;1;1;0;0
17/01/2013;11:58:00;56;com vitima;2;BR-604/RS;Sul;Colisao Traseira;0;0;2;0;0;0;;;;;2;0;1;0;0
17/01/2013;12:00:00;57;com vitima;14,9;BR-293/RS;Norte;Abalr.Transversal;0;0;0;1;0;0;;;;;0;1;0;0;0
17/01/2013;15:23:00;69;sem vitima;38,6;BR-392/RS;Sul;Abalr.Mesmo Sentido;2;0;0;0;0;0;;;;;6;0;0;0;0
18/01/2013;19:44:00;83;com vitima;526,2;BR-116/RS;Sul;Colisao Traseira;1;0;0;1;0;0;;;;;1;0;1;0;0
18/01/2013;21:45:00;101;sem vitima;43,8;BR-392/RS;Norte;Abalr.Transversal;1;0;0;0;0;0;;;;;1;0;0;0;0
19/01/2013;01:12:00;3;sem vitima;427;BR-116/RS;Sul;Saida de Pista;1;0;0;0;0;0;;;;;2;0;0;0;0
19/01/2013;05:38:00;14;com vitima;529,7;BR-116/RS;Norte;Saida de Pista;2;0;0;0;0;0;;;;;4;0;1;0;0
19/01/2013;07:20:00;18;sem vitima;6,9;BR-392/RS;Sul;Colisao Traseira;0;0;1;0;0;0;;;;;1;0;0;0;0
19/01/2013;22:09:00;80;com vitima;83,6;BR-392/RS;Sul;Saida de Pista;2;0;0;0;0;0;;;;;2;0;1;0;0
19/01/2013;22:25:00;81;sem vitima;557,8;BR-116/RS;Sul;Abalr.Transversal;1;0;0;0;0;0;;;;;1;0;0;0;0
19/01/2013;22:45:00;84;com vitima;519,7;BR-116/RS;Sul;Abalr.Transversal;0;0;0;1;0;0;;;;;0;1;0;0;1
20/01/2013;08:25:00;12;sem vitima;97;BR-392/RS;Norte;Colisao Traseira;1;0;1;0;0;0;;;;;3;0;0;0;0
20/01/2013;17:25:00;51;com vitima;15,5;BR-293/RS;Norte;Abalr.Transversal;1;0;0;1;0;0;;;;;2;0;1;0;0
21/01/2013;08:01:00;20;sem vitima;55,2;BR-392/RS;Sul;Saida de Pista;4;0;0;0;0;0;;;;;5;0;0;0;0
21/01/2013;08:51:00;26;com vitima;511,4;BR-116/RS;Sul;Colisao Traseira;2;0;1;0;0;0;;;;;1;4;0;0;0
21/01/2013;19:58:00;92;com vitima;523,9;BR-116/RS;Sul;Abalr.Transversal;0;0;3;0;0;0;;;;;2;1;0;0;0
22/01/2013;07:06:00;19;com vitima;119,7;BR-392/RS;Norte;Colisao Frontal;1;0;0;1;0;0;;;;;1;1;0;0;0
22/01/2013;08:47:00;26;sem vitima;631;BR-116/RS;Sul;Saida de Pista;0;0;1;0;0;0;;;;;1;0;0;0;0
23/01/2013;06:17:00;13;sem vitima;61;BR-392/RS;Sul;Saida de Pista;0;0;2;0;0;0;;;;;2;0;0;0;0
23/01/2013;10:27:00;38;com vitima;182,5;BR-392/RS;Sul;Colis�o Ojeto Fixo;0;0;0;1;0;0;;;;;0;0;1;0;0
23/01/2013;13:01:00;42;com vitima;115,4;BR-392/RS;Norte;Atropelamento de Animal;1;0;2;0;0;0;;;;;2;2;0;0;0
23/01/2013;21:41:00;82;com vitima;400,9;BR-116/RS;Norte;Colisao Traseira;1;0;0;1;0;0;;;;;1;1;0;0;0
24/01/2013;07:52:00;19;com vitima;3;BR-392/RS;Norte;Abalr. Transversal;1;0;0;1;0;0;;;;;2;0;1;0;0
24/01/2013;15:06:00;54;sem vitima;31,6;BR-293/RS;Norte;Saida de Pista;1;0;0;1;0;0;;;;;3;0;0;0;0
25/01/2013;05:02:00;12;com vitima;11,3;BR-293/RS;Norte;Colisao com Objeto Fixo;0;0;1;0;0;0;;;;;1;0;0;0;1
25/01/2013;09:22:00;30;sem vitima;468,2;BR-116/RS;Norte;Saida de Pista;2;0;0;0;0;0;;;;;6;0;0;0;0
25/01/2013;14:05:00;55;com vitima;427,3;BR-116/RS;Sul;Abalr.Transversal;2;0;0;0;0;0;;;;;4;4;0;0;0
26/01/2013;11:19:00;30;com vitima;637,7;BR-116/RS;Sul;Colisao Frontal;1;0;0;1;0;0;;;;;1;0;2;0;0
26/01/2013;18:24:00;62;sem vitima;118,5;BR-392/RS;Sul;Colisao com Objeto Fixo;0;0;2;0;0;0;;;;;2;0;0;0;0
27/01/2013;20:38:00;69;sem vitima;17;BR-392/RS;Norte;Tombamento;0;0;2;0;0;0;;;;;2;0;0;0;0
28/01/2013;06:58:00;14;com vitima;9;BR-392/RS;Norte;Colisao Traseira;1;1;0;0;0;0;;;;;1;0;1;0;0
29/01/2013;01:22:00;4;com vitima;11,3;BR-392/RS;Sul;Atropelamento de Animal;1;0;1;0;0;0;;;;;1;0;0;1;0
29/01/2013;17:52:00;89;com vitima;8,9;BR-392/RS;Sul;Colisao Traseira;1;0;0;1;0;0;;;;;1;0;0;2;0
29/01/2013;19:41:00;106;sem vitima;425,5;BR-116/RS;Sul;Colisao Traseira;1;0;1;0;0;0;;;;;3;0;0;0;0
30/01/2013;06:02:00;11;sem vitima;0,1;BR-604/RS;Sul;Abalr. Transversal;0;0;1;0;0;0;;;;;1;0;0;0;0
01/02/2013;00:30:00;4;sem vitima;4,2;BR-392/RS;Norte;Atropelamento de animal;1;0;2;0;0;0;;;;;5;0;0;0;0
01/02/2013;17:02:00;80;com vitima;435,5;BR-116/RS;Norte;Saida de Pista;1;0;0;0;0;0;;;;;0;0;1;0;0
01/02/2013;17:28:00;88;com vitima;515,1;BR-116/RS;Norte;Colisao Traseira;0;0;2;0;0;0;;;;;0;2;0;0;0
01/02/2013;11:24:00;51;com vitima;524,9;BR-116/RS;Sul;Colisao Traseira;1;0;0;0;0;0;;;;;0;2;0;0;0
02/02/2013;10:07:00;30;com vitima;27;BR-392/RS;Norte;Abalr.Mesmo Sentido;1;0;1;0;0;0;;;;;0;1;0;1;0
02/02/2013;10:37:00;34;sem vitima;529,2;BR-116/RS;Norte;Abalr.Mesmo Sentido;1;0;0;0;0;0;;;;;3;0;0;0;0
02/02/2013;07:38:00;13;com vitima;638,3;BR-116/RS;Sul;Atropelamento de Animal;0;0;0;1;1;0;;;;;10;1;0;0;0
03/02/2013;19:13:00;54;sem vitima;14,7;BR-293/RS;Norte;Abalr.Transversal;1;0;0;0;0;0;;;;;1;0;0;0;0
03/02/2013;12:12:00;23;com vitima;29,6;BR-392/RS;Sul;Atropelamento;2;0;0;0;0;0;;;;;6;1;1;0;0
03/02/2013;16:19:00;32;com vitima;107,3;BR-392/RS;Sul;Abalr.Transversal;1;0;0;0;0;0;;;;;3;1;0;0;0
04/02/2013;01:21:00;7;sem vitima;18,4;BR-392/RS;Norte;Atropelamento de Animal;1;0;0;0;0;0;;;;;2;0;0;0;0
04/02/2013;21:38:00;98;sem vitima;28,5;BR-293/RS;Norte;Saida de Pista;1;0;0;0;0;0;;;;;3;0;0;0;0
05/02/2013;09:04:00;24;com vitima;413;BR-116/RS;Sul;Saida de Pista;1;0;1;0;0;0;;;;;0;0;1;1;0
05/02/2013;03:34:00;10;sem vitima;62,4;BR-392/RS;Norte;Saida de Pista;0;0;1;0;0;0;;;;;2;0;0;0;0
05/02/2013;21:07:00;83;sem vitima;520,9;BR-116/RS;Norte;Abalr.Transversal;0;0;0;1;0;0;;;;;2;0;0;0;0
06/02/2013;10:00:00;34;com vitima;82,4;BR-392/RS;Sul;Saida de Pista;1;1;0;0;0;0;;;;;1;1;0;0;0
06/02/2013;11:53:00;48;com vitima;529,6;BR-116/RS;Sul;Abalr.Transversal;0;0;0;1;0;0;;;;;0;2;0;0;0
07/02/2013;04:22:00;12;sem vitima;65,6;BR-392/RS;Norte;Abalr.Transversal;2;0;0;0;0;0;;;;;2;0;0;0;0
07/02/2013;11:55:00;51;com vitima;526,4;BR-116/RS;Sul;Saida de Pista;2;0;0;1;0;0;;;;;3;1;0;0;0
08/02/2013;18:09:00;83;sem vitima;428;BR-116/RS;Sul;Colisao Traseira;1;0;0;0;0;0;;;;;1;0;0;0;0
08/02/2013;21:12:00;99;com vitima;9;BR-392/RS;Sul;Abalr.Transversal;1;0;1;0;0;0;;;;;1;3;1;0;0
08/02/2013;19:11:00;87;sem vitima;18,8;BR-392/RS;Norte;Outros Tipos de Acidente;0;0;1;0;0;0;;;;;1;0;0;0;0
08/02/2013;05:48:00;19;com vitima;123,2;BR-293/RS;Norte;Saida de Pista;1;0;0;1;0;0;;;;;1;2;0;0;0
08/02/2013;21:14:00;100;sem vitima;520,9;BR-116/RS;Sul;Abalr.Transversal;2;0;0;0;0;0;;;;;3;0;0;0;0
09/02/2013;12:29:00;58;sem vitima;60,4;BR-392/RS;Sul;Colisao Traseira;1;0;0;0;0;1;;;;;5;0;0;0;0
09/02/2013;10:21:00;46;sem vitima;526,6;BR-116/RS;Sul;Saida de Pista;2;0;0;0;0;0;;;;;4;0;0;0;0
09/02/2013;11:36:00;55;com vitima;530,4;BR-116/RS;Norte;Atropelamento;1;0;0;1;0;0;;;;;2;1;0;0;0
09/02/2013;14:10:00;68;sem vitima;554,7;BR-116/RS;Sul;Abalr.Sentido Oposto;2;0;0;0;0;0;;;;;5;0;0;0;0
09/02/2013;01:01:00;5;sem vitima;119,7;BR-392/RS;Sul;Capotamento;1;0;1;0;0;0;;;;;4;0;0;0;0
10/02/2013;02:16:00;10;sem vitima;12,2;BR-392/RS;Sul;Capotamento;2;0;0;0;0;0;;;;;2;0;0;0;0
10/02/2013;06:07:00;16;com vitima;37;BR-392/RS;Sul;Outros tipos de acidente;0;0;1;1;0;0;;;;;1;1;0;0;0
10/02/2013;14:02:00;56;com vitima;59,9;BR-392/RS;Norte;Colisao com Objeto Fixo;0;1;1;0;0;0;;;;;1;0;0;1;0
10/02/2013;17:17:00;69;sem vitima;105,2;BR-392/RS;Norte;Abalr.Transversal;0;0;0;1;1;0;;;;;17;0;0;0;0
10/02/2013;19:05:00;75;sem vitima;563,4;BR-116/RS;Sul;Abalr.Transversal;0;0;2;0;0;0;;;;;2;0;0;0;0
11/02/2013;20:30:00;89;com vitima;7,2;BR-392/RS;Norte;Tombamento;0;0;0;1;0;0;1;;;;1;1;0;0;0
11/02/2013;18:57:00;82;com vitima;24,6;BR-293/RS;Norte;Tombamento;1;0;0;0;0;0;;;;;0;0;2;0;0
11/02/2013;19:56:00;87;sem vitima;102,2;BR-392/RS;Sul;Saida de Pista;1;0;0;0;1;0;;;;;2;0;0;0;0
12/02/2013;14:29:00;58;sem vitima;514;BR-116/RS;Norte;Colisao Traseira;0;0;1;0;0;0;;;;;1;0;0;0;0
12/02/2013;09:10:00;27;sem vitima;120,9;BR-293/RS;Norte;Saida de Pista;0;0;1;0;0;0;;;;;1;0;0;0;0
13/02/2013;06:52:00;13;com vitima;14,9;BR-293/RS;Norte;Atropelamento;1;0;1;1;0;0;;;;;4;1;1;0;0
13/02/2013;10:56:00;46;sem vitima;181,9;BR-392/RS;Norte;Saida de Pista;1;0;0;0;1;0;;;;;2;0;0;0;0
14/02/2013;11:12:00;54;com vitima;522,4;BR-116/RS;Norte;Colisao Traseira;2;0;1;0;0;0;;;;;4;0;1;0;0
14/02/2013;08:10:00;19;com vitima;523,5;BR-116/RS;Norte;Colisao Traseira;1;0;1;0;0;0;;;;;1;0;0;1;0
14/02/2013;15:42:00;84;com vitima;181,9;BR-392/RS;Norte;Saida de Pista;1;0;1;0;0;0;;;;;1;0;1;1;0
15/02/2013;17:04:00;72;sem vitima;5,7;BR-392/RS;Norte;Tombamento;0;0;3;0;0;0;;;;;4;0;0;0;0
15/02/2013;10:17:00;34;sem vitima;63,6;BR-392/RS;Norte;Saida de Pista;0;0;1;1;0;0;;;;;3;0;0;0;0
16/02/2013;06:40:00;18;com vitima;2,6;BR-392/RS;Sul;Colisao com Objeto Fixo;0;0;0;1;0;0;;;;;0;1;0;0;0
16/02/2013;18:00:00;71;sem vitima;46,7;BR-392/RS;Sul;Saida de Pista;1;0;0;0;0;0;;;;;1;0;0;0;0
16/02/2013;15:51:00;63;com vitima;506,1;BR-116/RS;Norte;Saida de Pista;0;0;1;1;0;0;;;;;1;0;0;0;1
17/02/2013;10:03:00;20;com vitima;18,4;BR-392/RS;Norte;Abalr.Transversal;1;0;1;0;0;0;;;;;1;0;1;1;0
18/02/2013;14:52:00;42;sem vitima;523,7;BR-116/RS;Sul;Colisao Traseira;2;0;0;0;0;0;;;;;2;0;0;0;0
19/02/2013;13:59:00;49;sem vitima;28,2;BR-293/RS;Norte;Saida de Pista;3;0;0;0;0;0;;;;;3;0;0;0;0
19/02/2013;12:04:00;44;com vitima;466,8;BR-116/RS;Norte;Saida de Pista;0;0;0;1;0;0;;;;;0;0;1;0;0
19/02/2013;01:34:00;6;com vitima;98,5;BR-293/RS;Norte;Atropelamento de animal;1;0;0;0;0;0;;;;;0;1;0;0;0
19/02/2013;20:20:00;76;com vitima;520,9;BR-116/RS;Norte;Abalr.Transversal;1;0;0;0;0;0;;;;;0;1;0;0;0
20/02/2013;12:00:00;47;sem vitima;74,2;BR-293/RS;Norte;Saida de Pista;1;0;0;0;0;0;;;;;1;0;0;0;0
21/02/2013;11:36:00;41;com vitima;21,7;BR-392/RS;Norte;Abalr.Mesmo Sentido;1;0;0;0;0;0;;;;;3;2;0;0;0
21/02/2013;11:26:00;40;com vitima;501,5;BR-116/RS;Sul;Saida de Pista;1;0;0;1;0;0;;;;;1;0;1;0;0
22/02/2013;19:12:00;84;sem vitima;62,1;BR-392/RS;Norte;Colisao Traseira;0;0;3;0;0;0;;;;;3;0;0;0;0
22/02/2013;21:41:00;103;sem vitima;594,1;BR-116/RS;Sul;Saida de Pista;2;0;0;0;0;0;;;;;2;0;0;0;0
23/02/2013;13:14:00;69;com vitima;1,4;BR-392/RS;Norte;Abalr.Mesmo Sentido;0;1;0;1;0;0;;;;;0;0;2;0;0
24/02/2013;12:15:00;40;com vitima;49,9;BR-293/RS;Norte;Abalr.Transversal;0;0;0;2;0;0;;;;;1;1;0;0;0
24/02/2013;05:34:00;10;sem vitima;102;BR-392/RS;Norte;Saida de Pista;0;0;2;0;0;0;;;;;2;0;0;0;0
25/02/2013;06:47:00;12;com vitima;20;BR-392/RS;Sul;Saida de Pista;0;0;1;1;0;0;;;;;1;0;1;0;0
25/02/2013;08:02:00;16;com vitima;29;BR-392/RS;Sul;Tombamento;1;0;0;1;0;0;;;;;2;0;1;0;0
25/02/2013;19:23:00;77;com vitima;59,1;BR-392/RS;Sul;Colisao com Objeto Fixo;1;0;0;1;0;0;;;;;4;1;0;0;0
25/02/2013;19:07:00;73;sem vitima;61;BR-392/RS;Norte;Saida de Pista;2;0;0;0;0;0;;;;;2;0;0;0;0
26/02/2013;08:24:00;30;com vitima;71,5;BR-392/RS;Sul;Saida de Pista;1;0;1;0;0;0;;;;;1;1;2;1;0
27/02/2013;08:08:00;20;com vitima;7,2;BR-392/RS;Sul;Abalr.Transversal;0;0;0;2;0;0;;;;;0;1;1;0;0
27/02/2013;06:21:00;12;sem vitima;32,7;BR-392/RS;Sul;Tombamento;1;0;1;0;0;0;;;;;2;0;0;0;0
27/02/2013;19:39:00;90;sem vitima;530,1;BR-116/RS;Norte;Abalr.Transversal;2;0;0;0;0;0;;;;;5;0;0;0;0
27/02/2013;20:19:00;92;com vitima;530,3;BR-116/RS;Norte;Colisao Traseira;0;0;1;1;0;0;;;;;1;0;1;0;0
28/02/2013;03:40:00;12;com vitima;110,2;BR-392/RS;Norte;Colisao com Objeto Fixo;0;0;0;1;0;0;;;;;0;1;0;0;0
01/03/2013;00:10:00;4;com vitima;466,5;BR-116/RS;Norte;Saida de Pista;0;0;0;1;0;0;;;;;0;0;1;0;0
01/03/2013;07:00:00;16;sem vitima;31,8;BR-392/RS;Norte;Tombamento;1;0;0;0;0;0;;;;;1;0;0;0;0
01/03/2013;22:55:00;101;sem vitima;65,4;BR-392/RS;Norte;Abalr.Transversal;0;0;1;0;0;1;;;;;2;0;0;0;0
01/03/2013;14:55:00;58;sem vitima;529,58;BR-116/RS;Sul;Abal.mesmo sentido;0;0;1;0;0;0;;;;;1;0;0;0;0
01/03/2013;04:45:00;9;com vitima;198,6;BR-392/RS;Sul;Tombamento;2;0;0;0;0;0;;;;;2;3;0;0;0
02/03/2013;02:11:00;5;sem vitima;418;BR-116/RS;Norte;Atropelamento de Animal;1;0;0;0;0;0;;;;;1;0;0;0;0
02/03/2013;09:04:00;31;sem vitima;468;BR-116/RS;Sul;Saida de Pista;0;0;1;0;0;0;;;;;1;0;0;0;0
02/03/2013;01:18:00;3;sem vitima;490,4;BR-116/RS;Sul;Saida de Pista;0;0;2;0;0;0;;;;;2;0;0;0;0
02/03/2013;17:02:00;85;sem vitima;510,2;BR-116/RS;Norte;Colisao com Objeto Fixo;1;0;0;0;0;0;;;;;1;0;0;0;0
02/03/2013;18:26:00;89;sem vitima;76,2;BR-392/RS;Sul;Tombamento;1;0;0;1;0;0;;;;;3;0;0;0;0
03/03/2013;04:59:00;16;sem vitima;6,8;BR-392/RS;Sul;Saida de Pista;0;0;1;0;0;0;;;;;1;0;0;0;0