data;horario;n_da_ocorrencia;tipo_de_ocorrencia;km;trecho;sentido;tipo_de_acidente;automovel;bicicleta;caminhao;moto;onibus;outros;tracao_animal;transporte_de_cargas_especiais;trator_maquinas;utilitarios;ilesos;levemente_feridos;moderadamente_feridos;gravemente_feridos;mortos
03/03/2013;15:56:00;61;sem vitima;430,4;BR-116/RS;Norte;Colisao Traseira;1;0;0;0;1;0;;;;;2;0;0;0;0
03/03/2013;19:32:00;85;sem vitima;71,3;BR-392/RS;Sul;Colisao Traseira;0;0;1;0;0;0;;;;;1;0;0;0;0
03/03/2013;17:56:00;71;com vitima;528;BR-116/RS;Norte;Abalr.Transversal;1;0;0;0;0;0;;;;;0;0;1;0;0
03/03/2013;18:06:00;72;com vitima;169,2;BR-392/RS;Norte;Saida de Pista;1;0;0;1;0;0;;;;;4;0;1;1;0
04/03/2013;21:59:00;83;com vitima;14,8;BR-392/RS;Norte;Atropelamento de Animal;1;0;0;0;0;0;;;;;4;0;1;0;0
04/03/2013;16:17:00;61;com vitima;26,4;BR-392/RS;Norte;Abalr.Transversal;2;0;0;0;0;0;;;;;3;3;0;1;0
04/03/2013;23:04:00;88;sem vitima;89,5;BR-293/RS;Norte;Tombamento;1;0;1;0;0;0;;;;;4;0;0;0;0
04/03/2013;10:22:00;34;sem vitima;522,9;BR-116/RS;Sul;Abalr.Transversal;1;0;0;0;0;0;;;;;4;0;0;0;0
06/03/2013;12:31:00;44;com vitima;519,3;BR-116/RS;Norte;Colisao Traseira;1;0;0;1;0;0;;;;;1;0;1;0;0
06/03/2013;17:40:00;74;com vitima;529,2;BR-116/RS;Sul;Abalr.Transversal;2;0;0;0;0;0;;;;;1;0;2;0;0
07/03/2013;08:11:00;19;sem vitima;4,8;BR-392/RS;Norte;Colisao Traseira;0;0;2;0;0;0;;;;;2;0;0;0;0
07/03/2013;19:50:00;77;com vitima;29,8;BR-293/RS;Norte;Outros tipos de acidente;1;0;0;1;0;0;;;;;1;0;1;0;0
07/03/2013;16:57:00;58;sem vitima;54,3;BR-392/RS;Norte;Saida de Pista;1;0;0;0;0;0;;;;;1;0;0;0;0
07/03/2013;18:07:00;65;sem vitima;526,3;BR-116/RS;Sul;Colisao Traseira;2;0;0;0;0;0;;;;;6;0;0;0;0
08/03/2013;12:36:00;53;sem vitima;1,4;BR-392/RS;Norte;Abalr.Transversal;1;0;0;0;0;0;;;;;4;0;0;0;0
08/03/2013;16:35:00;83;com vitima;484,5;BR-116/RS;Sul;Colisao Traseira;3;0;0;0;0;0;;;;;9;0;1;0;0
08/03/2013;16:58:00;84;sem vitima;116,9;BR-293/RS;Norte;Capotamento;1;0;0;0;0;0;;;;;2;0;0;0;0
09/03/2013;08:18:00;18;com vitima;44,2;BR-392/RS;Sul;Saida de Pista;0;0;0;1;0;0;;;;;0;1;0;0;0
09/03/2013;08:26:00;19;com vitima;153,5;BR-293/RS;Norte;Saida de Pista;1;0;0;1;0;0;;;;;1;0;1;0;0
09/03/2013;16:28:00;61;com vitima;121,2;BR-392/RS;Sul;Saida de Pista;0;0;1;1;0;0;;;;;1;1;0;0;0
09/03/2013;18:51:00;74;com vitima;569,2;BR-116/RS;Norte;Saida de Pista;1;0;1;1;0;0;;;;;1;3;0;0;0
10/03/2013;07:58:00;16;com vitima;444,5;BR-116/RS;Norte;Saida de Pista;0;1;0;1;0;0;;;;;1;1;0;0;0
10/03/2013;22:18:00;103;com vitima;42;BR-392/RS;Norte;Saida de Pista;1;0;0;0;0;0;;;;;2;0;1;0;0
11/03/2013;20:02:00;91;sem vitima;413,4;BR-116/RS;Sul;Saida de Pista;0;0;1;0;0;0;;;;;1;0;0;0;0
11/03/2013;15:55:00;66;sem vitima;15,7;BR-293/RS;Norte;Abalr.Transversal;0;0;1;0;0;0;;;;;1;0;0;0;0
11/03/2013;21:42:00;101;sem vitima;40,3;BR-392/RS;Sul;Saida de Pista;0;0;1;0;0;0;;;;;1;0;0;0;0
11/03/2013;07:29:00;23;sem vitima;515,8;BR-116/RS;Sul;Colisao Traseira;1;0;1;0;0;0;;;;;2;0;0;0;0
11/03/2013;11:14:00;45;com vitima;80,9;BR-392/RS;Sul;Colisao Frontal;1;0;0;1;0;0;;;;;3;1;0;0;0
11/03/2013;18:09:00;77;sem vitima;530,1;BR-116/RS;Sul;Abalr.Transversal;0;0;2;0;0;0;;;;;2;0;0;0;0
11/03/2013;22:44:00;102;sem vitima;568,8;BR-116/RS;Sul;Saida de Pista;1;0;0;0;0;0;;;;;3;0;0;0;0
11/03/2013;10:09:00;37;com vitima;159,1;BR-392/RS;Sul;Saida de Pista;0;0;0;1;0;0;;;;;0;0;1;0;0
12/03/2013;07:14:00;19;sem vitima;12,1;BR-392/RS;Sul;Abalr.Transversal;0;0;1;0;0;0;;;;;1;0;0;0;0
12/03/2013;05:40:00;16;sem vitima;458,8;BR-116/RS;Norte;Saida de Pista;1;0;0;0;0;0;;;;;1;0;0;0;0
12/03/2013;16:30:00;62;com vitima;41,4;BR-392/RS;Sul;Saida de Pista;1;0;0;0;0;0;;;;;0;1;0;0;0
12/03/2013;08:40:00;32;sem vitima;91,3;BR-293/RS;Norte;Saida de Pista;1;0;1;0;0;0;;;;;4;0;0;0;0
12/03/2013;07:33:00;22;sem vitima;526,8;BR-116/RS;Norte;Abalr.Transversal;2;0;0;0;0;0;;;;;8;0;0;0;0
12/03/2013;15:32:00;58;sem vitima;101,1;BR-392/RS;Sul;Colisao Traseira;0;0;1;0;0;0;;;;;1;0;0;0;0
13/03/2013;17:23:00;74;sem vitima;417;BR-116/RS;Sul;Saida de Pista;0;0;1;0;0;0;;;;;1;0;0;0;0
13/03/2013;09:24:00;21;sem vitima;56,3;BR-392/RS;Norte;Tombamento;1;0;1;0;0;0;;;;;2;0;0;0;0
14/03/2013;14:47:00;54;sem vitima;517;BR-116/RS;Sul;Abalr.Mesmo Sentido;0;0;1;0;0;0;;;;;1;0;0;0;0
14/03/2013;19:16:00;84;sem vitima;117,8;BR-293/RS;Norte;Colisao Traseira;2;0;1;0;0;0;;;;;3;0;0;0;0
14/03/2013;12:30:00;41;sem vitima;115;BR-392/RS;Norte;Saida de Pista;0;0;1;0;0;0;;;;;1;0;0;0;0
15/03/2013;18:59:00;72;com vitima;485,8;BR-116/RS;Norte;Abalr.Transversal;0;0;1;0;0;0;;;;;0;0;1;0;0
15/03/2013;11:00:00;33;sem vitima;63,5;BR-293/RS;Norte;Colisao Traseira;2;0;0;0;0;0;;;;;3;0;0;0;0
15/03/2013;17:07:00;58;com vitima;520,8;BR-116/RS;Norte;Colisao Traseira;0;0;0;0;1;0;;;;;1;0;1;0;0
16/03/2013;04:59:00;15;sem vitima;125,4;BR-392/RS;Sul;Colisao Traseira;2;0;1;0;0;0;;;;;5;0;0;0;0
16/03/2013;16:23:00;63;com vitima;194;BR-392/RS;Sul;Tombamento;0;1;1;0;0;0;;;;;1;0;1;0;0
17/03/2013;03:15:00;8;com vitima;400,7;BR-116/RS;Norte;Saida de Pista;0;0;0;1;0;0;;;;;1;0;2;0;0
17/03/2013;23:24:00;67;sem vitima;451,8;BR-116/RS;Sul;Saida de Pista;0;0;1;0;0;0;;;;;1;0;0;0;0
17/03/2013;20:46:00;61;com vitima;137,2;BR-293/RS;Norte;Abalr.Transversal;1;1;0;0;0;0;;;;;1;1;0;0;0
19/03/2013;04:28:00;10;com vitima;14,6;BR-392/RS;Sul;Atropelamento de Animal;0;0;1;0;0;0;;;;;0;1;0;0;0
19/03/2013;19:40:00;74;com vitima;40,1;BR-293/RS;Norte;Colisao Traseira;1;0;0;0;0;0;;;;;0;0;1;1;0
20/03/2013;08:08:00;15;com vitima;430,3;BR-116/RS;Sul;Colisao com Objeto Fixo;0;0;0;1;0;0;;;;;0;1;0;0;1
20/03/2013;08:42:00;20;com vitima;35;BR-293/RS;Norte;Saida de Pista;1;0;0;1;0;0;;;;;1;0;1;1;0
20/03/2013;18:27:00;65;sem vitima;57,6;BR-392/RS;Sul;Saida de Pista;3;0;0;0;0;0;;;;;4;0;0;0;0
21/03/2013;06:57:00;19;com vitima;3,4;BR-392/RS;Sul;Abalr.Transversal;2;0;0;0;0;0;;;;;2;0;1;0;0
21/03/2013;11:38:00;42;sem vitima;478,8;BR-116/RS;Norte;Outros tipos de acidente;1;0;0;0;0;0;;;;;2;0;0;0;0
21/03/2013;19:51:00;69;com vitima;2;BR-604/RS;Sul;Atropelamento de Animal;0;0;1;1;0;0;;;;;2;0;0;1;0
21/03/2013;17:55:00;59;com vitima;169,9;BR-293/RS;Norte;Saida de Pista;0;0;0;1;1;0;;;;;1;0;0;1;0
22/03/2013;09:33:00;26;com vitima;194,2;BR-392/RS;Norte;Tombamento;0;0;1;1;0;0;;;;;1;0;1;0;0
23/03/2013;22:06:00;92;sem vitima;437;BR-116/RS;Norte;Abalr.Mesmo Sentido;2;0;1;0;0;0;;;;;4;0;0;0;0
23/03/2013;23:09:00;94;com vitima;26;BR-392/RS;Sul;Tombamento;2;0;0;1;0;0;;;;;3;0;0;0;1
23/03/2013;17:05:00;66;sem vitima;485,8;BR-116/RS;Norte;Abalr.Transversal;1;0;0;0;1;0;;;;;9;0;0;0;0
23/03/2013;23:12:00;96;com vitima;41;BR-392/RS;Norte;Saida de Pista;1;0;0;0;0;0;;;;;1;0;1;0;0
24/03/2013;19:21:00;64;com vitima;35;BR-392/RS;Sul;Atropelamento de Animal;1;0;0;1;0;0;;;;;1;0;1;0;0
24/03/2013;23:38:00;82;com vitima;88,2;BR-392/RS;Sul;Saida de Pista;0;0;0;1;0;0;;;;;0;1;0;0;0
25/03/2013;08:05:00;17;com vitima;65,6;BR-392/RS;Norte;Colisao Traseira;0;0;0;1;0;0;;;;;0;2;0;0;0
25/03/2013;10:13:00;33;com vitima;72,2;BR-392/RS;Sul;Colisao Traseira;0;0;0;1;0;0;;;;;0;1;1;0;0
25/03/2013;07:51:00;16;com vitima;564,5;BR-116/RS;Norte;Abalr.Transversal;0;0;0;1;0;0;;;;;0;1;0;0;0
26/03/2013;11:58:00;49;com vitima;475,3;BR-116/RS;Sul;Saida de Pista;1;0;1;0;0;0;;;;;1;1;0;0;0
26/03/2013;08:52:00;23;sem vitima;28,1;BR-392/RS;Norte;Abalr.Mesmo Sentido;1;0;0;0;0;0;;;;;1;0;0;0;0
26/03/2013;18:07:00;79;sem vitima;581,1;BR-116/RS;Norte;Colisao Traseira;2;0;0;0;0;0;;;;;5;0;0;0;0
26/03/2013;21:56:00;96;com vitima;140;BR-392/RS;Norte;Saida de Pista;1;0;0;1;0;0;;;;;1;2;0;0;0
27/03/2013;00:47:00;5;sem vitima;519,6;BR-116/RS;Sul;Saida de Pista;0;0;1;0;0;0;;;;;1;0;0;0;0
27/03/2013;03:47:00;13;com vitima;90,8;BR-392/RS;Norte;Saida de Pista;0;0;0;1;0;0;;;;;0;0;1;0;0
28/03/2013;21:54:00;85;sem vitima;416,1;BR-116/RS;Norte;Saida de Pista;2;0;0;0;0;0;;;;;2;0;0;0;0
28/03/2013;07:27:00;10;sem vitima;14,7;BR-392/RS;Sul;Tombamento;1;0;0;0;0;0;;;;;3;0;0;0;0
28/03/2013;16:33:00;48;sem vitima;24,4;BR-392/RS;Norte;Saida de Pista;1;0;0;0;0;0;;;;;2;0;0;0;0
28/03/2013;19:32:00;68;com vitima;521;BR-116/RS;Norte;Abalr.Transversal;0;0;1;0;0;0;;;;;1;1;0;0;0
28/03/2013;15:20:00;42;sem vitima;87,6;BR-392/RS;Norte;Abalr.Transversal;0;0;1;0;0;0;;;;;1;0;0;0;0
29/03/2013;21:10:00;83;sem vitima;14;BR-293/RS;Norte;Abalr. Transversal;1;0;0;0;0;0;;;;;2;0;0;0;0
29/03/2013;14:59:00;51;com vitima;14,5;BR-392/RS;Sul;Tombamento;1;0;1;0;0;0;;;;;0;2;0;0;0
29/03/2013;11:16:00;33;com vitima;19,2;BR-392/RS;Sul;Abalr. Mesmo sentido;1;0;0;1;0;0;;;;;2;1;0;0;0
30/03/2013;19:20:00;66;com vitima;28,9;BR-293/RS;Norte;Atropelamento de Animal;1;0;0;0;0;0;;;;;0;0;1;0;1
30/03/2013;08:53:00;18;com vitima;52,3;BR-392/RS;Sul;Colisao Traseira;0;0;0;1;0;0;;;;;0;1;0;0;1
31/03/2013;08:45:00;14;sem vitima;429,1;BR-116/RS;Sul;Tombamento;1;0;1;0;0;0;;;;;5;0;0;0;0
31/03/2013;06:26:00;11;com vitima;481,6;BR-116/RS;Sul;Saida de Pista;1;0;0;0;0;0;;;;;0;0;1;0;0
31/03/2013;04:59:00;7;sem vitima;64,5;BR-392/RS;Norte;Colisao Frontal;2;0;0;0;0;0;;;;;5;0;0;0;0
31/03/2013;18:58:00;75;com vitima;3;BR-604/RS;Sul;Abalr.Transversal;2;0;0;0;0;0;;;;;3;2;0;0;0
31/03/2013;18:36:00;65;com vitima;73,4;BR-392/RS;Sul;Colisao Traseira;2;0;0;0;0;0;;;;;3;0;2;0;0
02/04/2013;07:52:00;21;sem vitima;510,3;BR-116/RS;Sul;Colisao com Objeto Fixo;1;0;0;0;0;0;;;;;1;0;0;0;0
02/04/2013;09:43:00;31;sem vitima;523,5;BR-116/RS;Sul;Abalr.Transversal;1;0;1;0;0;0;;;;;3;0;0;0;0
02/04/2013;18:13:00;82;com vitima;520,9;BR-116/RS;Norte;Abalr.Transversal;2;0;0;0;0;0;;;;;3;1;1;0;0
03/04/2013;04:58:00;8;sem vitima;471,9;BR-116/RS;Norte;Saida de Pista;2;0;0;0;0;0;;;;;3;0;0;0;0
03/04/2013;10:40:00;30;com vitima;568,6;BR-116/RS;Norte;Saida de Pista;0;0;1;0;0;0;;;;;0;1;0;0;0
03/04/2013;13:17:00;42;com vitima;100,9;BR-392/RS;Norte;Colisao Traseira;0;0;0;1;0;0;;;;;0;2;0;0;0
03/04/2013;19:31:00;92;sem vitima;435,4;BR-116/RS;Norte;Saida de Pista;1;0;1;0;0;0;;;;;4;0;0;0;0
03/04/2013;20:11:00;98;sem vitima;457,6;BR-116/RS;Norte;Saida de Pista;0;0;1;0;0;0;;;;;2;0;0;0;0
03/04/2013;22:12:00;109;sem vitima;511,5;BR-116/RS;Sul;Colisao Traseira;0;0;1;0;0;0;;;;;1;0;0;0;0
04/04/2013;07:21:00;19;com vitima;41,5;BR-392/RS;Sul;Saida de Pista;1;0;0;0;0;0;;;;;1;1;0;0;0
04/04/2013;10:16:00;35;sem vitima;524,3;BR-116/RS;Sul;Colisao Traseira;0;0;1;0;0;0;;;;;1;0;0;0;0
04/04/2013;17:42:00;69;com vitima;117,6;BR-392/RS;Norte;Abal.sent.oposto;0;0;2;0;0;0;;;;;0;0;1;1;0
04/04/2013;19:42:00;85;sem vitima;8,9;BR-392/RS;Norte;Tombamento;1;0;0;0;0;0;;;;;1;0;0;0;0
04/04/2013;21:06:00;94;com vitima;18,3;BR-392/RS;Sul;Saida de Pista;1;0;1;0;0;0;;;;;1;0;1;0;0
05/04/2013;04:50:00;8;sem vitima;526,4;BR-116/RS;Sul;Saida de Pista;1;0;0;0;0;0;;;;;1;0;0;0;0
05/04/2013;12:49:00;55;sem vitima;530,8;BR-116/RS;Sul;Abalr.Transversal;1;0;1;0;0;0;;;;;2;0;0;0;0
05/04/2013;14:04:00;62;com vitima;67;BR-392/RS;Sul;Abalr.Transversal;1;0;0;0;0;0;;;;;0;1;0;0;0
05/04/2013;14:16:00;63;com vitima;557,6;BR-116/RS;Norte;Saida de Pista;1;0;0;0;0;0;;;;;0;5;0;0;0
05/04/2013;17:08:00;77;sem vitima;71,5;BR-392/RS;Norte;Abalr.Transversal;1;0;0;0;0;0;;;;;2;0;0;0;0
05/04/2013;19:10:00;90;sem vitima;19,9;BR-392/RS;Sul;Saida de Pista;0;0;1;0;0;0;;;;;1;0;0;0;0
05/04/2013;19:21:00;91;sem vitima;26,3;BR-392/RS;Norte;Tombamento;2;0;0;0;0;0;;;;;8;0;0;0;0
06/04/2013;04:31:00;10;com vitima;68,4;BR-392/RS;Norte;Saida de Pista;2;0;0;0;0;0;;;;;2;1;0;0;0
06/04/2013;12:20:00;44;sem vitima;8,8;BR-392/RS;Sul;Colisao Traseira;1;0;0;0;0;0;;;;;1;0;0;0;0
06/04/2013;16:31:00;62;sem vitima;452,5;BR-116/RS;Sul;Tombamento;2;0;0;0;0;0;;;;;2;0;0;0;0
06/04/2013;18:55:00;80;com vitima;105,6;BR-392/RS;Sul;Colisao Traseira;1;0;0;0;0;0;;;;;0;1;0;0;0
07/04/2013;03:22:00;9;sem vitima;26,1;BR-392/RS;Sul;Saida de Pista;0;0;2;0;0;0;;;;;2;0;0;0;0
07/04/2013;10:48:00;26;sem vitima;87,9;BR-392/RS;Norte;Colisao Traseira;2;0;0;0;0;0;;;;;3;0;0;0;0
07/04/2013;14:57:00;43;com vitima;530,1;BR-116/RS;Norte;Abalr.Transversal;1;0;1;0;0;0;;;;;3;2;0;0;0
07/04/2013;19:13:00;63;com vitima;26;BR-392/RS;Norte;Saida de Pista;0;0;0;1;1;0;;;;;1;0;0;1;0
08/04/2013;03:45:00;15;sem vitima;67;BR-392/RS;Norte;Abalr.Transversal;1;0;0;0;0;0;;;;;2;0;0;0;0
08/04/2013;06:21:00;19;sem vitima;65,8;BR-392/RS;Norte;Colisao Traseira;1;0;0;1;0;0;;;;;2;0;0;0;0
08/04/2013;06:29:00;20;com vitima;54,4;BR-293/RS;Norte;Atropelamento de Animal;1;0;0;1;0;0;;;;;1;1;0;0;0
08/04/2013;06:53:00;23;com vitima;3;BR-392/RS;Sul;Abalr.Transversal;3;0;1;0;0;0;;;;;2;2;1;0;2
08/04/2013;11:59:00;54;com vitima;5,1;BR-392/RS;Sul;Abalr.Transversal;1;0;1;0;0;0;;;;;2;0;1;0;0
08/04/2013;17:15:00;79;sem vitima;189,2;BR-392/RS;Sul;Abalr.Transversal;1;0;1;0;0;0;;;;;5;0;0;0;0
08/04/2013;17:47:00;83;com vitima;8,9;BR-392/RS;Norte;Colisao Traseira;1;0;0;1;0;0;;;;;1;0;1;0;0
09/04/2013;03:20:00;7;sem vitima;547,8;BR-116/RS;Sul;Atropelamento de Animal;1;0;1;0;0;0;;;;;2;0;0;0;0
09/04/2013;08:31:00;20;sem vitima;15,8;BR-392/RS;Sul;Abalr.Mesmo Sentido;1;0;0;0;1;0;;;;;2;0;0;0;0
09/04/2013;12:44:00;48;sem vitima;2,1;BR-392/RS;Sul;Colisao Traseira;2;0;0;0;0;0;;;;;2;0;0;0;0
09/04/2013;15:40:00;65;sem vitima;82,8;BR-392/RS;Sul;Saida de Pista;0;0;0;1;0;0;;;;;1;0;0;0;0
09/04/2013;20:23:00;99;sem vitima;530,1;BR-116/RS;Norte;Abalr.Transversal;2;0;0;0;0;0;;;;;2;0;0;0;0
10/04/2013;17:43:00;72;com vitima;10;BR-392/RS;Sul;Colisao Traseira;1;0;0;1;0;0;;;;;4;2;0;0;0
10/04/2013;18:52:00;78;sem vitima;1;BR-604/RS;Sul;Colisao Traseira;2;0;0;0;0;0;;;;;6;0;0;0;0
10/04/2013;19:48:00;84;com vitima;120,2;BR-392/RS;Sul;Colisao Traseira;2;0;0;0;0;0;;;;;5;1;0;0;0
11/04/2013;06:26:00;8;com vitima;4,8;BR-392/RS;Sul;Saida de Pista;1;0;0;0;0;0;;;;;0;0;2;0;0
11/04/2013;07:31:00;11;com vitima;5,1;BR-392/RS;Norte;Abalr.Transversal;2;0;0;0;0;0;;;;;1;1;3;0;0
11/04/2013;07:49:00;13;com vitima;4,3;BR-392/RS;Norte;Abalr.Transversal;1;0;0;0;0;0;;;;;1;0;1;0;0
11/04/2013;19:30:00;84;com vitima;131,9;BR-392/RS;Norte;Saida de Pista;1;0;0;0;0;0;;;;;0;0;1;0;0
11/04/2013;21:20:00;95;com vitima;3;BR-604/RS;Sul;Colisao com Objeto Fixo;0;1;1;0;0;0;;;;;1;0;0;0;1
12/04/2013;04:12:00;11;sem vitima;8,9;BR-392/RS;Norte;Tombamento;3;0;1;0;0;0;;;;;9;0;0;0;0
12/04/2013;08:57:00;25;com vitima;516,9;BR-116/RS;Norte;Abalr.Transversal;1;0;0;0;0;0;;;;;0;0;1;0;0
12/04/2013;16:30:00;72;com vitima;101;BR-392/RS;Norte;Saida de Pista;3;0;0;0;0;0;;;;;5;0;1;0;0
12/04/2013;16:43:00;73;com vitima;95,9;BR-392/RS;Norte;Outros tipos de acidente;1;0;0;1;0;0;;;;;1;0;1;0;0
13/04/2013;16:04:00;65;sem vitima;115,6;BR-392/RS;Norte;Colisao Traseira;1;0;1;0;0;0;;;;;3;0;0;0;0
13/04/2013;18:14:00;76;com vitima;529,7;BR-116/RS;Norte;Abalr.Transversal;1;0;0;0;0;1;;;;;0;0;0;1;1
13/04/2013;19:49:00;86;sem vitima;25,8;BR-392/RS;Norte;Atropelamento;1;0;0;1;0;0;;;;;2;0;0;0;0
13/04/2013;20:34:00;89;com vitima;526,2;BR-116/RS;Sul;Tombamento;2;0;0;0;0;0;;;;;1;0;1;0;0
14/04/2013;01:25:00;5;sem vitima;510,6;BR-116/RS;Sul;Abalr.Transversal;1;0;0;0;0;0;;;;;1;0;0;0;0
14/04/2013;09:06:00;28;sem vitima;123,5;BR-392/RS;Sul;Colisao com Objeto Fixo;0;0;1;0;0;0;;;;;1;0;0;0;0
14/04/2013;11:27:00;41;sem vitima;45;BR-392/RS;Norte;Abalr.Mesmo Sentido;1;0;0;1;0;0;;;;;2;0;0;0;0
14/04/2013;18:53:00;77;sem vitima;21,5;BR-293/RS;Norte;Atropelamento de Animal;1;0;1;0;0;0;;;;;2;0;0;0;0
14/04/2013;19:03:00;79;com vitima;71,8;BR-392/RS;Norte;Colisao Traseira;1;0;0;1;0;0;;;;;2;1;0;0;0
14/04/2013;19:49:00;83;com vitima;37,9;BR-392/RS;Norte;Atropelamento;1;0;0;0;0;0;;;;;0;1;2;0;0
15/04/2013;08:56:00;23;com vitima;32,1;BR-293/RS;Norte;Atropelamento;0;0;0;1;0;0;;;;;0;0;2;0;0
15/04/2013;19:22:00;81;com vitima;644,9;BR-116/RS;Norte;Atropelamento de Animal;1;0;0;0;0;0;;;;;0;1;0;0;0
15/04/2013;20:28:00;86;com vitima;544,8;BR-116/RS;Norte;Atropelamento de Animal;1;0;0;0;0;0;;;;;0;0;1;0;1
16/04/2013;04:19:00;10;sem vitima;417,9;BR-116/RS;Norte;Atropelamento de Animal;2;0;0;0;0;0;;;;;7;0;0;0;0
16/04/2013;16:31:00;83;com vitima;403,9;BR-116/RS;Sul;Abalr.sentido oposto;1;0;0;0;0;1;;;;;0;3;0;0;0
16/04/2013;16:33:00;84;sem vitima;66,5;BR-392/RS;Sul;Abalr.Transversal;0;0;1;0;0;0;;;;;1;0;0;0;0
16/04/2013;19:06:00;95;sem vitima;19,5;BR-392/RS;Sul;Atropelamento;2;0;0;0;0;0;;;;;2;0;0;0;0
16/04/2013;22:53:00;111;sem vitima;117,3;BR-392/RS;Sul;Saida de Pista;2;0;0;0;0;0;;;;;2;0;0;0;0
17/04/2013;15:08:00;67;sem vitima;468,6;BR-116/RS;Sul;Colisao Traseira;1;0;1;0;0;0;;;;;3;0;0;0;0
17/04/2013;18:32:00;77;sem vitima;50,3;BR-392/RS;Norte;Saida de Pista;1;0;0;0;0;0;;;;;2;0;0;0;0
18/04/2013;01:01:00;2;com vitima;18,9;BR-392/RS;Sul;Abalr.Transversal;2;0;0;0;0;0;;;;;1;1;0;0;0
18/04/2013;01:31:00;3;sem vitima;464,9;BR-116/RS;Sul;Colisao Traseira;0;0;2;0;0;0;;;;;2;0;0;0;0
18/04/2013;05:57:00;9;sem vitima;136,5;BR-392/RS;Norte;Colisao Traseira;0;0;1;0;0;0;;;;;1;0;0;0;0
19/04/2013;07:38:00;15;sem vitima;6;BR-392/RS;Sul;Colisao Traseira;1;0;1;0;0;0;;;;;2;0;0;0;0
19/04/2013;13:23:00;51;sem vitima;6,8;BR-392/RS;Sul;Colisao Traseira;1;0;1;0;0;0;;;;;2;0;0;0;0
19/04/2013;15:27:00;60;sem vitima;66,1;BR-293/RS;Norte;Colisao Traseira;2;0;1;0;0;0;;;;;4;0;0;0;0
19/04/2013;16:57:00;70;sem vitima;589,5;BR-116/RS;Norte;Colisao Traseira;0;0;1;0;0;0;;;;;1;0;0;0;0
19/04/2013;19:24:00;86;sem vitima;62,5;BR-293/RS;Norte;Saida de Pista;1;0;1;0;0;0;;;;;4;0;0;0;0
19/04/2013;23:38:00;102;sem vitima;411,5;BR-116/RS;Norte;Saida de Pista;1;0;0;0;0;0;;;;;1;0;0;0;0
20/04/2013;06:27:00;15;com vitima;66,9;BR-392/RS;Sul;Abalr.Transversal;2;0;0;0;0;0;;;;;5;0;1;0;0
20/04/2013;09:14:00;23;sem vitima;609,8;BR-116/RS;Sul;Colisao Traseira;2;0;0;0;0;0;;;;;6;0;0;0;0
20/04/2013;12:11:00;40;com vitima;471,6;BR-116/RS;Norte;Saida de Pista;1;0;0;0;0;0;;;;;1;1;0;0;0
20/04/2013;15:02:00;63;sem vitima;67;BR-392/RS;Sul;Abalr.Transversal;1;0;1;0;0;0;;;;;2;0;0;0;0
20/04/2013;18:43:00;88;com vitima;481,6;BR-116/RS;Norte;Colisao Traseira;0;0;1;1;0;0;;;;;1;0;2;0;0
20/04/2013;20:45:00;103;com vitima;10,2;BR-392/RS;Sul;Tombamento;1;0;0;1;0;0;;;;;2;0;2;0;0
21/04/2013;09:04:00;28;com vitima;438,8;BR-116/RS;Sul;Outros tipos de acidente;1;0;1;0;0;0;;;;;0;1;2;0;0
21/04/2013;12:27:00;39;sem vitima;111,9;BR-392/RS;Sul;Colisao Traseira;2;0;0;0;0;0;;;;;6;0;0;0;0
21/04/2013;17:19:00;68;sem vitima;156,9;BR-392/RS;Norte;Abalr.Mesmo Sentido;0;0;1;0;0;0;;;;;1;0;0;0;0
21/04/2013;17:44:00;71;sem vitima;596,2;BR-116/RS;Norte;Colisao Traseira;1;0;0;0;0;0;;;;;1;0;0;0;0
21/04/2013;19:45:00;86;com vitima;93,6;BR-392/RS;Sul;Colisao Frontal;1;0;0;0;0;0;;;;;1;1;0;0;0
22/04/2013;06:55:00;18;com vitima;445,7;BR-116/RS;Sul;Abalr. Sentido oposto;1;0;1;0;0;0;;;;;1;0;0;1;0
22/04/2013;08:15:00;26;sem vitima;447,3;BR-116/RS;Norte;Abalr. Mesmo Sentido;1;0;0;0;0;0;;;;;3;0;0;0;0
22/04/2013;08:33:00;30;sem vitima;447,3;BR-116/RS;Norte;Colisao Traseira;0;0;0;0;1;0;;;;;25;0;0;0;0
22/04/2013;12:59:00;59;com vitima;512,3;BR-116/RS;Sul;Colisao Traseira;1;0;0;0;0;0;;;;;0;3;0;1;0
22/04/2013;17:19:00;96;com vitima;26;BR-392/RS;Sul;Tombamento;1;0;0;0;0;0;;;;;0;0;1;0;0
23/04/2013;06:37:00;15;sem vitima;4,3;BR-392/RS;Norte;abalr. Transversal;1;0;0;0;0;0;;;;;1;0;0;0;0
24/04/2013;09:51:00;36;com vitima;2,2;BR-392/RS;Norte;Abalr.Mesmo Sentido;0;0;1;0;0;0;;;;;0;0;1;0;0
24/04/2013;15:15:00;61;sem vitima;568;BR-116/RS;Norte;Saida de Pista;0;0;1;1;0;0;;;;;3;0;0;0;0
24/04/2013;18:33:00;80;sem vitima;52,3;BR-392/RS;Norte;Colisao Traseira;1;0;1;0;0;0;;;;;3;0;0;0;0