data;horario;n_da_ocorrencia;tipo_de_ocorrencia;km;trecho;sentido;tipo_de_acidente;automovel;bicicleta;caminhao;moto;onibus;outros;tracao_animal;transporte_de_cargas_especiais;trator_maquinas;utilitarios;ilesos;levemente_feridos;moderadamente_feridos;gravemente_feridos;mortos
25/04/2013;14:39:00;66;sem vitima;28;BR-293/RS;Norte;Colisao Frontal;1;0;1;0;0;0;;;;;4;0;0;0;0
25/04/2013;23:35:00;119;sem vitima;407,6;BR-116/RS;Norte;Saida de Pista;0;0;1;0;0;0;;;;;1;0;0;0;0
26/04/2013;06:10:00;18;com vitima;42;BR-392/RS;Sul;Colisao com Objeto Fixo;1;0;1;0;0;0;;;;;1;0;1;1;0
26/04/2013;16:24:00;74;sem vitima;510,9;BR-116/RS;Sul;Colisao Traseira;2;0;0;0;0;0;;;;;2;0;0;0;0
26/04/2013;18:55:00;96;sem vitima;60,5;BR-392/RS;Sul;Colisao Traseira;1;0;0;0;0;0;;;;;3;0;0;0;0
26/04/2013;20:54:00;108;sem vitima;654,8;BR-116/RS;Norte;Atropelamento de Animal;1;0;0;0;0;0;;;;;1;0;0;0;0
26/04/2013;23:29:00;118;sem vitima;5,5;BR-392/RS;Norte;Saida de Pista;1;0;0;0;1;0;;;;;5;0;0;0;0
27/04/2013;07:05:00;14;sem vitima;53;BR-392/RS;Sul;Tombamento;1;0;0;0;0;0;;;;;1;0;0;0;0
27/04/2013;08:20:00;20;sem vitima;7,6;BR-392/RS;Norte;Tombamento;1;0;1;0;0;0;;;;;2;0;0;0;0
27/04/2013;09:24:00;26;sem vitima;513,7;BR-116/RS;Norte;Abalr.Transversal;1;0;0;0;0;0;;;;;1;0;0;0;0
28/04/2013;01:07:00;3;sem vitima;1,6;BR-392/RS;Norte;Saida de Pista;1;0;0;0;0;0;;;;;3;0;0;0;0
28/04/2013;05:28:00;14;sem vitima;92,8;BR-392/RS;Sul;Saida de Pista;0;0;0;1;0;0;;;;;2;0;0;0;0
28/04/2013;06:03:00;16;com vitima;592,3;BR-116/RS;Norte;Saida de Pista;2;0;0;0;0;0;;;;;0;0;2;0;0
28/04/2013;06:56:00;18;sem vitima;403,3;BR-116/RS;Norte;Saida de Pista;1;0;1;0;0;0;;;;;3;0;0;0;0
28/04/2013;16:25:00;50;sem vitima;472,1;BR-116/RS;Norte;Saida de Pista;1;0;1;0;0;0;;;;;4;0;0;0;0
28/04/2013;19:36:00;78;com vitima;8,9;BR-392/RS;Norte;Abalr. Sentido oposto;0;0;0;1;0;0;;;;;0;0;1;0;0
28/04/2013;22:30:00;89;sem vitima;53;BR-392/RS;Norte;Saida de Pista;0;0;2;0;0;0;;;;;2;0;0;0;0
28/04/2013;22:40:00;91;com vitima;511;BR-116/RS;Sul;Colisao Traseira;0;0;1;1;0;0;;;;;1;0;1;0;0
29/04/2013;08:25:00;26;sem vitima;567,2;BR-116/RS;Sul;Saida de Pista;1;0;0;0;0;0;;;;;2;0;0;0;0
29/04/2013;08:43:00;28;com vitima;30,7;BR-392/RS;Sul;Saida de Pista;0;0;1;1;0;0;;;;;1;1;0;0;0
29/04/2013;19:12:00;83;sem vitima;72,3;BR-392/RS;Norte;Abalr.Transversal;0;0;1;0;1;0;;;;;3;0;0;0;0
29/04/2013;20:29:00;91;sem vitima;44,7;BR-392/RS;Sul;Saida de Pista;1;0;1;0;0;0;;;;;4;0;0;0;0
30/04/2013;11:53:00;43;sem vitima;17;BR-392/RS;Sul;Saida de Pista;1;0;1;0;0;0;;;;;2;0;0;0;0
30/04/2013;17:27:00;72;sem vitima;526,5;BR-116/RS;Norte;Abalr.Transversal;1;0;1;0;0;0;;;;;3;0;0;0;0
30/04/2013;17:39:00;73;sem vitima;33;BR-392/RS;Norte;Abalr.Mesmo Sentido;1;0;0;0;1;0;;;;;2;0;0;0;0
30/04/2013;18:03:00;76;com vitima;541;BR-116/RS;Sul;Abalr.Transversal;1;0;0;1;0;0;;;;;1;1;0;0;0
30/04/2013;20:23:00;94;com vitima;596,6;BR-116/RS;Norte;Atropelamento de Animal;1;0;0;0;0;0;;;;;0;2;0;0;0
01/05/2013;07:04:00;16;sem vitima;4,3;BR-392/RS;Norte;Saida de Pista;1;0;0;0;0;0;;;;;2;0;0;0;0
01/05/2013;19:23:00;80;com vitima;80,8;BR-392/RS;Sul;Abalr.Mesmo Sentido;1;0;1;0;0;0;;;;;2;1;0;0;0
02/05/2013;13:12:00;39;com vitima;62,7;BR-293/RS;Norte;Colisao Traseira;1;0;0;0;0;0;;;;;0;0;1;0;0
02/05/2013;19:04:00;76;sem vitima;514,5;BR-116/RS;Norte;Abalr.Sentido Oposto;2;0;0;0;0;0;;;;;4;0;0;0;0
03/05/2013;05:38:00;10;com vitima;7,5;BR-392/RS;Sul;Saida de Pista;2;0;0;0;0;0;;;;;1;0;1;0;0
03/05/2013;13:47:00;43;sem vitima;512,6;BR-116/RS;Sul;Saida de Pista;1;0;0;0;1;0;;;;;2;0;0;0;0
03/05/2013;18:15:00;72;sem vitima;521;BR-116/RS;Norte;Tombamento;1;0;1;0;0;0;;;;;3;0;0;0;0
04/05/2013;05:30:00;15;com vitima;61,7;BR-392/RS;Norte;Atropelamento de Animal;1;0;0;0;0;0;;;;;1;0;1;0;0
04/05/2013;08:57:00;27;com vitima;66,9;BR-392/RS;Sul;Abalr.Transversal;1;0;2;0;0;0;;;;;2;1;0;0;0
04/05/2013;19:04:00;88;com vitima;15,6;BR-293/RS;Norte;Abalr.Transversal;2;0;0;0;0;0;;;;;5;0;0;1;0
05/05/2013;13:23:00;38;com vitima;81,8;BR-293/RS;Norte;Saida de Pista;1;0;0;0;0;0;;;;;0;0;1;1;0
05/05/2013;18:43:00;72;sem vitima;89,5;BR-392/RS;Norte;Abalr.Transversal;1;0;1;0;0;0;;;;;2;0;0;0;0
06/05/2013;07:35:00;16;sem vitima;526,4;BR-116/RS;Norte;Abalr.Transversal;1;0;0;0;0;0;;;;;2;0;0;0;0
06/05/2013;17:46:00;78;sem vitima;1,2;BR-392/RS;Sul;Abalr.Transversal;1;0;0;0;0;0;;;;;4;0;0;0;0
07/05/2013;14:10:00;65;com vitima;19,8;BR-392/RS;Sul;Abalr.Mesmo Sentido;2;0;1;0;0;0;;;;;3;2;0;0;0
07/05/2013;16:42:00;80;sem vitima;91,9;BR-293/RS;Norte;Abalr.Transversal;1;0;1;0;0;0;;;;;2;0;0;0;0
07/05/2013;19:22:00;100;sem vitima;511,7;BR-116/RS;Norte;Colisao Traseira;1;0;0;0;1;0;;;;;2;0;0;0;0
08/05/2013;10:35:00;41;com vitima;408,2;BR-116/RS;Sul;Colisao Traseira;3;0;0;0;0;0;;;;;4;0;1;0;0
08/05/2013;19:09:00;87;sem vitima;99,4;BR-293/RS;Norte;Colisao Traseira;1;0;0;0;0;0;;;;;1;0;0;0;0
08/05/2013;19:23:00;90;com vitima;48;BR-392/RS;Sul;Colisao Traseira;1;0;0;1;0;0;;;;;2;0;2;0;0
08/05/2013;22:18:00;103;com vitima;18,8;BR-392/RS;Norte;Atropelamento de Animal;2;0;0;0;0;0;;;;;1;0;1;0;0
09/05/2013;08:36:00;18;com vitima;52,3;BR-392/RS;Sul;Colisao Traseira;1;0;0;0;0;0;;;;;4;0;1;0;0
09/05/2013;09:58:00;23;sem vitima;123,4;BR-392/RS;Norte;Abalr.Transversal;1;0;0;0;0;0;;;;;9;0;0;0;0
09/05/2013;14:03:00;50;com vitima;433,7;BR-116/RS;Sul;Abalr.Sentido Oposto;1;0;0;0;0;0;;;;;0;2;0;0;0
09/05/2013;18:28:00;75;com vitima;492,2;BR-116/RS;Sul;Colisao Traseira;1;0;0;0;0;0;;;;;0;0;0;1;0
10/05/2013;01:14:00;3;sem vitima;6,7;BR-392/RS;Norte;Saida de Pista;0;0;0;0;1;0;;;;;20;0;0;0;0
10/05/2013;06:53:00;16;com vitima;7,3;BR-392/RS;Norte;Abalr.Transversal;1;0;0;0;0;0;;;;;1;0;1;0;0
10/05/2013;07:54:00;20;com vitima;524,8;BR-116/RS;Norte;Colisao Traseira;2;0;0;0;0;0;;;;;3;1;0;0;0
10/05/2013;08:28:00;24;com vitima;78,7;BR-392/RS;Sul;Abalr.Transversal;0;0;1;0;0;0;;;;;0;1;0;0;0
10/05/2013;14:21:00;59;sem vitima;454,6;BR-116/RS;Norte;Abalr.Transversal;1;0;0;0;0;0;;;;;1;0;0;0;0
10/05/2013;18:45:00;99;com vitima;18,1;BR-392/RS;Norte;Atropelamento;1;0;0;0;0;0;;;;;0;0;3;0;0
10/05/2013;21:17:00;122;com vitima;59,1;BR-392/RS;Norte;Colisao com Objeto Fixo;1;0;0;0;0;0;;;;;0;2;1;0;0
11/05/2013;06:22:00;14;com vitima;474;BR-116/RS;Norte;Saida de Pista;0;0;1;1;0;0;;;;;1;0;0;1;0
11/05/2013;15:20:00;71;com vitima;656,6;BR-116/RS;Sul;Saida de Pista;1;0;1;0;0;0;;;;;1;0;1;0;0
11/05/2013;21:11:00;109;sem vitima;473,8;BR-116/RS;Sul;Saida de Pista;2;0;0;0;0;0;;;;;5;0;0;0;0
12/05/2013;03:55:00;11;com vitima;14,9;BR-293/RS;Norte;Colisao Frontal;0;0;0;1;0;0;;;;;0;0;1;0;0
12/05/2013;07:58:00;15;sem vitima;30,1;BR-293/RS;Norte;Tombamento;1;0;0;1;0;0;;;;;5;0;0;0;0
12/05/2013;08:30:00;18;com vitima;96,1;BR-392/RS;Norte;Saida de Pista;1;0;0;1;0;0;;;;;2;0;1;0;0
12/05/2013;18:40:00;70;com vitima;485,9;BR-116/RS;Sul;Colisao Frontal;1;1;0;0;0;0;;;;;1;0;0;1;0
13/05/2013;06:44:00;15;com vitima;1;BR-392/RS;Sul;Atropelamento de Animal;1;0;0;0;0;0;;;;;0;0;0;1;0
13/05/2013;07:50:00;17;sem vitima;43,9;BR-392/RS;Sul;Colisao Traseira;1;0;0;0;0;0;;;;;2;0;0;0;0
14/05/2013;06:33:00;15;com vitima;9,5;BR-392/RS;Sul;Abalr.Mesmo Sentido;2;0;0;0;0;0;;;;;2;1;0;0;0
14/05/2013;21:18:00;86;sem vitima;53,6;BR-392/RS;Sul;Colisao Traseira;0;0;1;0;0;0;;;;;2;0;0;0;0
16/05/2013;11:21:00;47;com vitima;66,5;BR-392/RS;Sul;Outros Tipos de Acidente;1;0;0;0;0;0;;;;;0;0;1;0;0
16/05/2013;18:20:00;85;com vitima;7,6;BR-392/RS;Norte;Colisao Traseira;1;0;0;0;1;0;;;;;1;0;1;0;0
16/05/2013;18:44:00;91;com vitima;42,5;BR-392/RS;Sul;Colisao Traseira;0;0;0;1;0;0;;;;;0;0;1;0;0
17/05/2013;08:52:00;17;sem vitima;18,4;BR-392/RS;Norte;Colisao Traseira;1;0;0;0;0;0;;;;;1;0;0;0;0
17/05/2013;16:05:00;67;sem vitima;105,3;BR-392/RS;Norte;Colisao Traseira;2;0;0;0;0;0;;;;;4;0;0;0;0
17/05/2013;16:17:00;68;com vitima;71,4;BR-392/RS;Sul;Colisao Traseira;1;0;0;0;0;0;;;;;1;1;0;0;0
17/05/2013;18:21:00;82;sem vitima;19,9;BR-392/RS;Norte;Abalr.Transversal;1;0;0;1;0;0;;;;;4;0;0;0;0
18/05/2013;20:51:00;100;sem vitima;423,8;BR-116/RS;Sul;Atropelamento de Animal;1;0;0;0;1;0;;;;;44;0;0;0;0
19/05/2013;05:45:00;12;sem vitima;526,8;BR-116/RS;Sul;Saida de Pista;2;0;1;0;0;1;;;;;5;0;0;0;0
19/05/2013;09:31:00;19;sem vitima;61;BR-392/RS;Sul;Saida de Pista;1;0;0;0;0;0;;;;;1;0;0;0;0
19/05/2013;15:44:00;46;com vitima;15,1;BR-293/RS;Norte;Saida de Pista;0;0;1;1;0;0;;;;;1;0;1;0;0
19/05/2013;22:38:00;96;sem vitima;11,3;BR-293/RS;Norte;Colisao com Objeto Fixo;2;0;0;0;0;0;;;;;7;0;0;0;0
21/05/2013;05:59:00;13;sem vitima;7;BR-392/RS;Sul;Saida de Pista;0;0;1;0;0;0;;;;;1;0;0;0;0
21/05/2013;07:24:00;18;com vitima;5;BR-392/RS;Norte;Abalr.Transversal;1;0;0;0;0;0;;;;;0;1;0;0;0
21/05/2013;11:12:00;47;sem vitima;479,9;BR-116/RS;Sul;Colisao Traseira;2;0;0;0;0;0;;;;;4;0;0;0;0
21/05/2013;20:18:00;98;sem vitima;1,9;BR-604/RS;Sul;Colisao Traseira;1;0;1;0;0;0;;;;;4;0;0;0;0
21/05/2013;23:56:00;118;sem vitima;651,3;BR-116/RS;Sul;Atropelamento de Animal;2;0;0;0;0;0;;;;;5;0;0;0;0
23/05/2013;02:45:00;5;sem vitima;526,8;BR-116/RS;Sul;Saida de Pista;2;0;0;0;0;0;;;;;3;0;0;0;0
23/05/2013;18:20:00;81;com vitima;40,8;BR-392/RS;Sul;Atropelamento;2;0;0;0;0;0;;;;;0;5;1;0;0
24/05/2013;12:19:00;54;com vitima;481,6;BR-116/RS;Sul;Colisao Traseira;2;0;0;0;0;0;;;;;0;0;0;2;1
24/05/2013;15:20:00;66;sem vitima;64,8;BR-392/RS;Sul;Colisao Traseira;2;0;0;0;0;0;;;;;2;0;0;0;0
24/05/2013;15:30:00;67;com vitima;526,4;BR-116/RS;Sul;Tombamento;0;0;1;0;0;0;;;;;0;0;1;0;0
24/05/2013;17:20:00;79;com vitima;526,6;BR-116/RS;Norte;Colisao Traseira;1;0;1;0;0;0;;;;;1;0;1;0;0
24/05/2013;18:02:00;85;com vitima;132,9;BR-392/RS;Norte;Saida de Pista;0;0;1;0;0;0;;;;;1;1;0;0;0
25/05/2013;00:22:00;4;sem vitima;5,5;BR-392/RS;Sul;Saida de Pista;1;0;1;0;0;0;;;;;2;0;0;0;0
25/05/2013;02:15:00;13;com vitima;112,5;BR-293/RS;Norte;Atropelamento de Animal;1;0;0;0;0;0;;;;;0;1;0;1;0
25/05/2013;03:32:00;18;sem vitima;12,9;BR-392/RS;Sul;Abalr.Transversal;1;0;0;0;0;0;;;;;1;0;0;0;0
25/05/2013;16:43:00;76;com vitima;527;BR-116/RS;Sul;Colisao Frontal;0;0;0;1;0;0;;;;;0;1;0;0;0
25/05/2013;17:17:00;82;sem vitima;2,6;BR-392/RS;Sul;Colisao Traseira;1;0;0;0;0;0;;;;;2;0;0;0;0
25/05/2013;18:34:00;89;com vitima;530,1;BR-116/RS;Sul;Abalr.Transversal;1;0;2;0;0;0;;;;;2;0;0;1;0
25/05/2013;18:44:00;90;sem vitima;87,5;BR-392/RS;Sul;Tombamento;1;0;0;0;0;0;;;;;1;0;0;0;0
26/05/2013;18:44:00;74;sem vitima;101,1;BR-392/RS;Norte;Saida de Pista;2;0;0;0;0;0;;;;;4;0;0;0;0
27/05/2013;06:20:00;13;sem vitima;97,9;BR-293/RS;Norte;Saida de Pista;1;0;0;0;0;0;;;;;1;0;0;0;0
27/05/2013;07:37:00;17;com vitima;113,4;BR-392/RS;Norte;Colisao Frontal;0;0;0;1;0;0;;;;;0;1;0;0;0
27/05/2013;14:38:00;51;com vitima;12,4;BR-293/RS;Norte;Abalr.Sentido Oposto;1;0;0;0;0;0;;;;;0;0;1;0;0
27/05/2013;15:36:00;56;sem vitima;447,3;BR-116/RS;Norte;Abalr.Transversal;1;0;1;0;0;0;;;;;4;0;0;0;0
28/05/2013;13:38:00;54;sem vitima;431,6;BR-116/RS;Norte;Colisao Traseira;1;0;0;0;0;0;;;;;1;0;0;0;0
28/05/2013;22:38:00;108;sem vitima;78,4;BR-392/RS;Norte;Abalr.Sentido Oposto;2;0;0;0;0;0;;;;;5;0;0;0;0
29/05/2013;05:30:00;10;com vitima;99,5;BR-392/RS;Sul;Tombamento;1;0;1;0;0;0;;;;;1;0;1;0;0
29/05/2013;10:23:00;30;sem vitima;180,7;BR-392/RS;Sul;Saida de Pista;0;0;1;0;0;0;;;;;1;0;0;0;0
29/05/2013;13:10:00;48;com vitima;510,9;BR-116/RS;Sul;Colisao Frontal;0;0;0;1;0;0;;;;;0;1;0;0;0
29/05/2013;22:08:00;111;sem vitima;10,1;BR-392/RS;Sul;Outros tipos de acidente;2;0;0;0;0;0;;;;;5;0;0;0;0
29/05/2013;22:46:00;117;com vitima;193,3;BR-392/RS;Norte;Saida de Pista;1;0;0;0;1;0;;;;;4;2;0;0;0
30/05/2013;03:12:00;10;sem vitima;102,7;BR-392/RS;Norte;Colisao Traseira;2;0;0;0;0;0;;;;;3;0;0;0;0
30/05/2013;10:54:00;32;com vitima;140,3;BR-392/RS;Sul;Abalr.Transversal;1;0;0;0;0;0;;;;;0;2;0;1;0
30/05/2013;16:33:00;55;com vitima;429,1;BR-116/RS;Norte;Abalr.Transversal;1;0;0;0;0;0;;;;;1;0;1;0;0
30/05/2013;16:39:00;56;sem vitima;52,3;BR-392/RS;Norte;Colisao Traseira;1;0;0;0;0;0;;;;;4;0;0;0;0
30/05/2013;17:26:00;62;com vitima;510,3;BR-116/RS;Sul;Tombamento;0;0;0;1;0;0;;;;;0;0;1;0;0
30/05/2013;23:42:00;92;sem vitima;475,3;BR-116/RS;Sul;Saida de Pista;1;0;0;0;0;0;;;;;1;0;0;0;0
01/06/2013;20:35:00;80;com vitima;490,3;BR-116/RS;Norte;Atropelamento de animal;1;0;0;0;0;0;;;;;2;2;0;0;0
01/06/2013;12:01:00;40;sem vitima;500,5;BR-116/RS;Sul;Saida de Pista;1;0;0;0;0;0;;;;;1;0;0;0;0
01/06/2013;18:48:00;72;com vitima;97,6;BR-392/RS;Norte;Abalr.Mesmo Sentido;2;0;1;0;0;0;;;;;0;4;0;0;1
01/06/2013;16:41:00;65;com vitima;557,7;BR-116/RS;Sul;Colisao Frontal;1;0;0;0;0;0;;;;;0;3;0;0;0
02/06/2013;17:34:00;65;sem vitima;458,2;BR-116/RS;Sul;Colisao Traseira;1;0;1;0;0;0;;;;;2;0;0;0;0
02/06/2013;19:03:00;74;com vitima;486,2;BR-116/RS;Sul;Abalr.Transversal;0;0;1;0;0;0;;;;;0;0;1;0;0
02/06/2013;08:25:00;14;sem vitima;121,5;BR-293/RS;Norte;Saida de Pista;1;0;1;0;0;0;;;;;5;0;0;0;0
02/06/2013;15:38:00;55;sem vitima;524;BR-116/RS;Norte;Abalr.Mesmo Sentido;1;0;0;0;0;0;;;;;3;0;0;0;0
03/06/2013;18:16:00;84;sem vitima;7,2;BR-392/RS;Norte;Abalr.Transversal;1;0;1;0;0;0;;;;;2;0;0;0;0
03/06/2013;12:47:00;45;sem vitima;37;BR-293/RS;Norte;Colisao Traseira;1;0;0;0;0;0;;;;;2;0;0;0;0
03/06/2013;14:12:00;57;sem vitima;92,9;BR-392/RS;Sul;Colisao Traseira;0;0;1;0;0;0;;;;;1;0;0;0;0
03/06/2013;15:58:00;70;com vitima;93,6;BR-392/RS;Sul;Colisao Traseira;1;0;0;0;0;0;;;;;0;2;0;0;0
04/06/2013;19:21:00;88;com vitima;404,5;BR-116/RS;Sul;Saida de Pista;1;1;0;0;0;0;;;;;5;1;0;0;0
04/06/2013;04:04:00;11;com vitima;65,5;BR-392/RS;Norte;Abalr.Transversal;0;0;0;1;0;0;;;;;0;0;1;0;1
04/06/2013;05:02:00;12;com vitima;73,9;BR-392/RS;Sul;Atropelamento de animal;1;0;0;0;1;0;;;;;28;1;1;0;0
04/06/2013;05:30:00;15;sem vitima;73,9;BR-392/RS;Norte;Atropelamento de animal;1;0;0;0;0;0;;;;;5;0;0;0;0
06/06/2013;12:23:00;51;com vitima;10,1;BR-392/RS;Norte;Abalr.Mesmo Sentido;1;0;0;0;0;0;;;;;0;1;0;0;0
06/06/2013;12:27:00;53;com vitima;40;BR-293/RS;Norte;Colisao Frontal;1;0;0;1;0;0;;;;;1;1;0;0;0
06/06/2013;14:08:00;62;com vitima;112,5;BR-392/RS;Sul;Saida de Pista;2;0;0;0;0;0;;;;;0;0;3;0;0
06/06/2013;04:37:00;10;sem vitima;192,5;BR-392/RS;Sul;Saida de Pista;2;0;0;0;0;0;;;;;3;0;0;0;0
07/06/2013;17:13:00;70;sem vitima;410,9;BR-116/RS;Norte;Saida de Pista;1;0;1;0;0;0;;;;;2;0;0;0;0
07/06/2013;18:35:00;80;com vitima;19,7;BR-392/RS;Sul;Tombamento;1;0;0;0;0;0;;;;;1;0;1;0;0
07/06/2013;15:07:00;54;sem vitima;139,4;BR-293/RS;Norte;Colisao Traseira;1;0;0;0;0;1;;;;;2;0;0;0;0
07/06/2013;19:31:00;86;sem vitima;155;BR-293/RS;Norte;Atropelamento de animal;1;0;0;0;0;0;;;;;1;0;0;0;0
08/06/2013;13:21:00;67;com vitima;10,2;BR-392/RS;Norte;Saida de Pista;0;0;0;1;1;0;;;;;37;0;0;0;1
08/06/2013;15:55:00;87;sem vitima;26,7;BR-392/RS;Sul;Abalr.Mesmo Sentido;1;0;1;0;0;0;;;;;2;0;0;0;0
08/06/2013;16:53:00;94;sem vitima;475,6;BR-116/RS;Sul;Tombamento;2;0;0;0;0;0;;;;;3;0;0;0;0
08/06/2013;12:54:00;65;com vitima;510,9;BR-116/RS;Sul;Colisao Traseira;0;0;1;0;0;0;;;;;1;0;0;0;1
08/06/2013;18:33:00;103;sem vitima;3,6;BR-604/RS;Sul;Colisao Traseira;2;0;0;0;0;0;;;;;2;0;0;0;0
09/06/2013;19:44:00;90;com vitima;47,5;BR-392/RS;Sul;Capotamento;1;0;0;1;0;0;;;;;1;1;0;0;0
09/06/2013;19:37:00;88;sem vitima;62;BR-392/RS;Sul;Abalr.Transversal;2;0;0;0;0;0;;;;;5;0;0;0;0
09/06/2013;18:33:00;76;com vitima;73,3;BR-392/RS;Sul;Colisao Traseira;1;0;0;1;0;0;;;;;1;0;1;0;0
10/06/2013;01:49:00;2;com vitima;38,2;BR-392/RS;Sul;Saida de Pista;1;0;0;0;0;0;;;;;0;1;1;1;0
10/06/2013;15:10:00;64;sem vitima;516,9;BR-116/RS;Norte;Abalr.Transversal;0;0;1;0;0;0;;;;;3;0;0;0;0
10/06/2013;18:54:00;88;sem vitima;519,4;BR-116/RS;Norte;Abalr.Transversal;1;0;0;0;1;0;;;;;19;0;0;0;0
10/06/2013;20:38:00;99;com vitima;68;BR-392/RS;Norte;Colisao Traseira;1;0;0;0;1;0;;;;;1;0;1;0;0
10/06/2013;18:29:00;86;sem vitima;524,2;BR-116/RS;Norte;Abalr.Transversal;0;0;1;0;0;0;;;;;1;0;0;0;0
11/06/2013;05:12:00;11;sem vitima;3,6;BR-392/RS;Sul;Saida de Pista;1;0;0;1;0;0;;;;;6;0;0;0;0
11/06/2013;19:10:00;91;com vitima;43;BR-392/RS;Sul;Saida de Pista;1;0;1;0;0;0;;;;;1;0;1;0;0
11/06/2013;08:13:00;23;sem vitima;2,2;BR-604/RS;Sul;Abalr.Transversal;1;0;0;0;0;0;;;;;1;0;0;0;0
12/06/2013;19:23:00;87;sem vitima;1,3;BR-392/RS;Norte;Abalr.Transversal;0;0;0;0;1;0;;;;;1;0;0;0;0
12/06/2013;18:58:00;84;com vitima;23,1;BR-392/RS;Norte;Atropelamento;2;0;0;0;0;0;;;;;0;1;1;0;0
13/06/2013;08:34:00;17;com vitima;611,7;BR-116/RS;Sul;Abalr.Transversal;1;0;1;1;0;0;;;;;3;1;0;0;0
14/06/2013;18:06:00;102;com vitima;84;BR-392/RS;Sul;Saida de Pista;0;0;0;1;0;0;;;;;0;1;0;0;0
15/06/2013;09:37:00;33;com vitima;1,7;BR-392/RS;Norte;Colisao Frontal;1;0;1;0;0;0;;;;;2;2;0;0;0
15/06/2013;07:45:00;25;com vitima;521;BR-116/RS;Sul;Colisao Traseira;1;0;0;1;0;0;;;;;1;1;0;0;0
15/06/2013;23:25:00;104;sem vitima;109,2;BR-392/RS;Norte;Colisao Traseira;1;0;0;0;0;0;1;;;;5;0;0;0;0
16/06/2013;20:11:00;87;sem vitima;1;BR-392/RS;Norte;Saida de Pista;0;0;1;0;0;0;;;;;1;0;0;0;0
16/06/2013;21:11:00;92;com vitima;2,9;BR-392/RS;Norte;Abalr.Transversal;0;0;0;1;0;0;;;;;0;0;1;0;0
16/06/2013;09:33:00;23;com vitima;19,4;BR-392/RS;Norte;Colisao Traseira;1;0;0;1;0;0;;;;;1;0;1;0;0
16/06/2013;23:00:00;96;com vitima;54,6;BR-293/RS;Norte;Saida de Pista;1;0;0;1;0;0;;;;;1;0;1;0;0
16/06/2013;17:58:00;74;sem vitima;60,5;BR-392/RS;Sul;Colisao Traseira;0;0;2;0;0;0;;;;;2;0;0;0;0
16/06/2013;16:30:00;64;sem vitima;524,3;BR-116/RS;Sul;Colisao Traseira;1;0;1;0;0;0;;;;;3;0;0;0;0
16/06/2013;10:53:00;32;sem vitima;577,9;BR-116/RS;Sul;Saida de Pista;2;0;0;0;0;0;;;;;7;0;0;0;0
17/06/2013;06:01:00;8;sem vitima;13,4;BR-293/RS;Norte;Colisao Frontal;2;0;0;0;0;0;;;;;6;0;0;0;0
17/06/2013;12:01:00;37;com vitima;417,9;BR-116/RS;Sul;Colisao Traseira;0;0;0;1;0;0;;;;;0;1;0;0;0
18/06/2013;23:13:00;92;com vitima;454,9;BR-116/RS;Sul;Colisao Traseira;1;0;0;1;0;0;;;;;3;0;1;0;0
18/06/2013;18:45:00;78;sem vitima;550,6;BR-116/RS;Norte;Saida de Pista;1;0;1;0;0;0;;;;;2;0;0;0;0
19/06/2013;10:28:00;31;com vitima;49,4;BR-293/RS;Norte;Abalr.Transversal;1;0;0;0;0;0;;;;;2;2;1;0;0
20/06/2013;19:56:00;87;com vitima;1,6;BR-392/RS;Norte;Saida de Pista;0;0;2;0;0;0;;;;;1;0;1;0;0
20/06/2013;18:04:00;68;sem vitima;429;BR-116/RS;Norte;Abalr.Transversal;2;0;0;0;0;0;;;;;5;0;0;0;0
20/06/2013;11:45:00;38;sem vitima;30,5;BR-392/RS;Norte;Tombamento;0;0;1;0;0;0;;;;;1;0;0;0;0
20/06/2013;08:54:00;22;sem vitima;530,1;BR-116/RS;Norte;Abalr.Transversal;1;0;0;0;0;0;;;;;1;0;0;0;0
20/06/2013;16:56:00;64;com vitima;114,1;BR-392/RS;Norte;Saida de Pista;2;0;1;0;0;0;;;;;2;1;0;0;0
21/06/2013;13:53:00;61;sem vitima;109;BR-392/RS;Norte;Abalr.Sentido Oposto;0;0;2;0;0;0;;;;;3;0;0;0;0
21/06/2013;13:17:00;59;com vitima;122,3;BR-392/RS;Sul;Abalr.Transversal;1;0;0;0;0;0;;;;;0;0;1;0;0
21/06/2013;08:07:00;23;sem vitima;591,3;BR-116/RS;Sul;Abalr.Transversal;1;0;0;1;0;0;;;;;2;0;0;0;0
22/06/2013;08:17:00;26;sem vitima;419,4;BR-116/RS;Norte;Saida de Pista;1;0;1;0;0;0;;;;;4;0;0;0;0
22/06/2013;19:40:00;90;sem vitima;18;BR-392/RS;Sul;Abalr.Transversal;1;0;1;0;0;0;;;;;2;0;0;0;0
22/06/2013;22:56:00;101;sem vitima;22,3;BR-293/RS;Norte;Abalr.Transversal;2;0;0;0;0;0;;;;;6;0;0;0;0
22/06/2013;18:23:00;84;com vitima;518,8;BR-116/RS;Norte;Atropelamento de animal;1;0;0;1;0;0;;;;;1;0;1;0;0
22/06/2013;19:40:00;91;sem vitima;523,5;BR-116/RS;Norte;Abalr.Transversal;1;0;0;0;0;0;;;;;4;0;0;0;0
22/06/2013;08:13:00;24;com vitima;607,8;BR-116/RS;Norte;Saida de Pista;0;0;0;1;0;0;;;;;0;1;0;0;0