data;horario;n_da_ocorrencia;tipo_de_ocorrencia;km;trecho;sentido;tipo_de_acidente;automovel;bicicleta;caminhao;moto;onibus;outros;tracao_animal;transporte_de_cargas_especiais;trator_maquinas;utilitarios;ilesos;levemente_feridos;moderadamente_feridos;gravemente_feridos;mortos
24/06/2013;17:51:00;88;com vitima;25,1;BR-293/RS;Norte;Colisao Traseira;1;0;0;0;0;0;;;;;0;0;2;0;0
24/06/2013;17:34:00;87;sem vitima;24,9;BR-392/RS;Norte;Abalr.Transversal;2;0;0;0;0;0;;;;;5;0;0;0;0
24/06/2013;00:11:00;3;com vitima;122;BR-293/RS;Norte;Atropelamento de animal;1;0;0;1;0;0;;;;;2;1;0;0;0
24/06/2013;17:31:00;86;com vitima;520;BR-116/RS;Norte;Tombamento;0;0;0;1;0;0;;;;;0;0;1;0;0
24/06/2013;23:14:00;123;com vitima;163,8;BR-293/RS;Norte;Saida de Pista;1;0;0;0;0;0;;;;;2;1;0;0;0
24/06/2013;22:40:00;119;sem vitima;99,5;BR-392/RS;Sul;Saida de Pista;0;0;1;0;0;0;;;;;1;0;0;0;0
24/06/2013;14:59:00;61;com vitima;123;BR-392/RS;Norte;Saida de Pista;1;0;0;0;1;0;;;;;6;0;2;1;3
24/06/2013;06:29:00;13;sem vitima;168,8;BR-392/RS;Sul;Colisao Traseira;1;0;1;0;0;0;;;;;3;0;0;0;0
25/06/2013;16:47:00;66;sem vitima;405,2;BR-116/RS;Norte;Colisao Traseira;2;0;0;0;0;0;;;;;3;0;0;0;0
25/06/2013;21:18:00;101;com vitima;514,4;BR-116/RS;Sul;Abalr.Transversal;0;0;0;1;0;0;;;;;0;1;0;0;0
25/06/2013;20:26:00;98;com vitima;567,9;BR-116/RS;Sul;Saida de Pista;0;0;1;1;0;0;;;;;2;1;0;0;0
26/06/2013;05:34:00;10;com vitima;485,2;BR-116/RS;Norte;Atropelamento de animal;1;0;1;0;0;0;;;;;1;0;0;0;2
26/06/2013;16:11:00;71;sem vitima;65,5;BR-392/RS;Sul;Abalr.Transversal;0;0;2;0;0;0;;;;;4;0;0;0;0
26/06/2013;08:41:00;20;sem vitima;66,9;BR-392/RS;Sul;Colisao Traseira;0;0;1;0;0;0;;;;;1;0;0;0;0
26/06/2013;18:53:00;81;sem vitima;71,4;BR-392/RS;Sul;Colisao Traseira;1;0;1;0;0;0;;;;;3;0;0;0;0
26/06/2013;05:01:00;7;com vitima;523,6;BR-116/RS;Norte;Abalr. Transversal;1;0;0;1;0;0;;;;;1;1;0;0;0
27/06/2013;17:40:00;80;sem vitima;1;BR-392/RS;Sul;Atropelamento;1;0;1;0;0;0;;;;;3;0;0;0;0
27/06/2013;19:21:00;96;com vitima;4,3;BR-392/RS;Norte;Tombamento;1;0;0;0;0;0;;;;;0;1;0;0;0
27/06/2013;18:59:00;93;sem vitima;58,9;BR-392/RS;Norte;Colisao Traseira;1;0;0;0;0;0;;;;;1;0;0;0;0
27/06/2013;17:13:00;78;com vitima;63,3;BR-392/RS;Norte;Colisao Traseira;0;0;0;2;0;0;;;;;1;0;1;1;0
28/06/2013;15:17:00;52;com vitima;55,9;BR-392/RS;Sul;Tombamento;0;0;0;1;0;0;;;;;0;0;2;0;0
29/06/2013;21:38:00;67;com vitima;24,4;BR-392/RS;Norte;Colisao Traseira;2;0;0;0;0;0;;;;;0;7;0;0;0
29/06/2013;18:20:00;60;com vitima;39,5;BR-392/RS;Norte;Saida de Pista;0;0;0;1;0;0;;;;;0;1;1;0;0
29/06/2013;01:49:00;5;com vitima;64,4;BR-392/RS;Sul;Colisao Frontal;1;0;0;1;0;0;;;;;2;1;0;0;0
29/06/2013;21:44:00;69;com vitima;519,3;BR-116/RS;Norte;Colisao objeto fixo;1;0;0;0;0;0;;;;;1;2;0;0;0
30/06/2013;04:29:00;7;sem vitima;62,6;BR-293/RS;Norte;Saida de Pista;2;0;0;0;0;0;;;;;3;0;0;0;0
30/06/2013;17:21:00;53;com vitima;511,6;BR-116/RS;Norte;Colisao Traseira;0;0;3;0;0;0;;;;;3;2;0;0;0
30/06/2013;17:12:00;52;sem vitima;563,5;BR-116/RS;Sul;Abalr. Transversal;1;0;0;0;0;0;;;;;1;0;0;0;0
01/07/2013;12:01:00;39;com vitima;407,9;BR-116/RS;Norte;Outros tipos de acidente;0;0;1;0;0;0;;;;;1;1;0;0;0
01/07/2013;07:45:00;16;com vitima;430,4;BR-116/RS;Sul;Colisao Traseira;0;0;0;1;0;0;;;;;0;0;1;0;0
01/07/2013;14:34:00;50;sem vitima;485,8;BR-116/RS;Sul;Abalr.Transversal;1;0;0;0;0;0;;;;;2;0;0;0;0
02/07/2013;08:33:00;13;com vitima;2,2;BR-604/RS;Sul;Abalr.Transversal;0;0;0;1;0;0;;;;;0;0;1;0;0
03/07/2013;18:50:00;73;sem vitima;134,7;BR-392/RS;Norte;Colisao Traseira;0;0;0;1;0;0;;;;;1;0;0;0;0
04/07/2013;19:55:00;105;sem vitima;6,8;BR-392/RS;Sul;Colisao Traseira;1;0;0;0;0;0;;;;;1;0;0;0;0
04/07/2013;18:41:00;96;com vitima;427;BR-116/RS;Sul;Saida de Pista;0;0;1;0;0;0;;;;;1;0;0;1;0
04/07/2013;06:50:00;11;sem vitima;61,9;BR-392/RS;Norte;Tombamento;1;0;0;0;0;0;;;;;1;0;0;0;0
04/07/2013;08:36:00;27;sem vitima;524,3;BR-116/RS;Sul;Abalr.Transversal;1;0;0;0;0;0;;;;;1;0;0;0;0
04/07/2013;18:07:00;92;sem vitima;525,8;BR-116/RS;Sul;Colisao Traseira;1;0;0;0;0;0;;;;;1;0;0;0;0
04/07/2013;20:06:00;107;com vitima;526,6;BR-116/RS;Norte;Saida de Pista;1;0;0;0;0;0;;;;;0;0;0;1;0
04/07/2013;12:21:00;56;com vitima;113,5;BR-392/RS;Norte;Abalr.Transversal;3;0;0;0;0;0;;;;;4;0;3;1;1
05/07/2013;08:19:00;24;com vitima;3,9;BR-392/RS;Norte;Colisao Traseira;2;0;0;0;0;0;;;;;3;0;1;0;0
05/07/2013;00:08:00;1;com vitima;422,3;BR-116/RS;Sul;Saida de Pista;1;0;1;0;0;0;;;;;2;1;0;0;0
05/07/2013;14:54:00;57;com vitima;427,5;BR-116/RS;Norte;Abalr.Transversal;1;0;1;0;0;0;;;;;1;1;0;0;0
05/07/2013;12:39:00;46;sem vitima;15,7;BR-392/RS;Norte;Saida de Pista;0;0;1;0;0;1;;;;;2;0;0;0;0
05/07/2013;18:46:00;75;com vitima;30,7;BR-392/RS;Sul;Colisao Traseira;1;0;0;1;0;0;;;;;3;1;0;0;0
05/07/2013;06:31:00;13;com vitima;184,7;BR-392/RS;Sul;Saida de Pista;0;0;0;2;0;0;;;;;0;2;0;0;0
06/07/2013;22:11:00;110;com vitima;417,4;BR-116/RS;Norte;Saida de Pista;1;0;1;0;0;0;;;;;0;4;0;0;0
06/07/2013;22:10:00;109;com vitima;61,1;BR-392/RS;Norte;Saida de Pista;0;0;0;0;0;1;;;;;0;0;0;1;0
06/07/2013;20:09:00;98;sem vitima;551,9;BR-116/RS;Norte;Saida de Pista;1;0;0;1;0;0;;;;;2;0;0;0;0
06/07/2013;07:50:00;24;sem vitima;571,6;BR-116/RS;Sul;Tombamento;0;0;2;0;0;0;;;;;3;0;0;0;0
07/07/2013;13:45:00;52;sem vitima;401,4;BR-116/RS;Sul;Saida de Pista;1;0;0;0;0;0;;;;;1;0;0;0;0
07/07/2013;12:57:00;50;sem vitima;428,3;BR-116/RS;Sul;Colisao Traseira;1;0;0;0;0;0;;;;;2;0;0;0;0
07/07/2013;00:48:00;6;com vitima;12,8;BR-392/RS;Sul;Abalr.Transversal;1;0;0;0;0;0;;;;;0;0;1;0;0
07/07/2013;16:49:00;66;com vitima;485,6;BR-116/RS;Norte;Saida de Pista;1;0;0;1;0;0;;;;;1;2;0;0;0
07/07/2013;07:21:00;25;com vitima;521;BR-116/RS;Norte;Atropelamento;1;0;0;1;0;0;;;;;0;2;0;0;0
07/07/2013;01:36:00;9;com vitima;171;BR-293/RS;Norte;Saida de Pista;0;0;0;2;0;0;;;;;0;0;2;0;0
07/07/2013;08:24:00;30;com vitima;538,5;BR-116/RS;Sul;Saida de Pista;1;0;0;0;0;0;;;;;0;1;0;0;0
08/07/2013;15:21:00;55;sem vitima;4,5;BR-392/RS;Norte;Abalr.Transversal;2;0;0;0;0;0;;;;;2;0;0;0;0
08/07/2013;09:26:00;22;sem vitima;422,2;BR-116/RS;Norte;Abalr.Transversal;0;0;1;0;0;0;;;;;1;0;0;0;0
08/07/2013;10:45:00;29;com vitima;422,8;BR-116/RS;Norte;Colisao Traseira;1;0;0;0;0;0;;;;;0;0;0;0;1
08/07/2013;20:53:00;93;sem vitima;8,9;BR-392/RS;Sul;Tombamento;2;0;0;0;0;0;;;;;7;0;0;0;0
08/07/2013;20:54:00;94;com vitima;121,7;BR-293/RS;Norte;Atropelamento de Animal;2;0;0;0;0;0;;;;;0;0;5;0;1
08/07/2013;22:51:00;105;com vitima;616,4;BR-116/RS;Sul;Atropelamento de Animal;0;0;1;0;0;0;;;;;0;0;1;0;0
09/07/2013;18:10:00;111;com vitima;38,5;BR-392/RS;Norte;Saida de Pista;1;0;1;0;0;0;;;;;1;0;1;0;0
09/07/2013;19:25:00;125;com vitima;511,7;BR-116/RS;Norte;Colisao Traseira;0;0;1;0;0;0;;;;;0;1;0;0;0
09/07/2013;18:15:00;114;com vitima;106,3;BR-392/RS;Sul;Colisao Frontal;2;0;0;0;0;0;;;;;4;2;0;0;0
09/07/2013;06:10:00;22;com vitima;586,4;BR-116/RS;Sul;Saida de Pista;1;0;0;1;0;0;;;;;1;1;0;0;0
10/07/2013;18:13:00;66;com vitima;485,7;BR-116/RS;Norte;Abalr.Transversal;1;0;0;0;0;0;;;;;2;1;0;0;0
10/07/2013;12:34:00;44;com vitima;59,9;BR-392/RS;Norte;Outros tipos de acidente;1;0;0;0;0;0;;;;;0;1;0;0;0
10/07/2013;07:37:00;18;com vitima;525;BR-116/RS;Norte;Outros tipos de acidente;1;0;0;1;0;0;;;;;4;0;2;0;0
10/07/2013;18:03:00;65;com vitima;124,9;BR-392/RS;Sul;Abalr.Transversal;1;0;0;1;0;0;;;;;1;0;1;0;0
11/07/2013;19:13:00;56;sem vitima;34,2;BR-392/RS;Sul;Atropelamento de Animal;1;0;0;0;0;0;;;;;1;0;0;0;0
11/07/2013;17:58:00;48;com vitima;506,4;BR-116/RS;Sul;Saida de Pista;0;0;0;1;0;0;;;;;0;1;0;0;0
12/07/2013;13:18:00;64;sem vitima;1;BR-392/RS;Sul;Colisao Traseira;1;0;0;0;0;1;;;;;2;0;0;0;0
12/07/2013;13:48:00;65;com vitima;417,9;BR-116/RS;Norte;Colisao Traseira;1;0;0;0;0;0;;;;;0;0;0;1;0
12/07/2013;07:18:00;17;sem vitima;8,9;BR-392/RS;Sul;Colisao Traseira;1;0;1;0;0;0;;;;;2;0;0;0;0
12/07/2013;13:01:00;62;com vitima;516,7;BR-116/RS;Sul;Colisao com Objeto Fixo;1;0;0;0;0;0;;;;;0;0;0;1;0
12/07/2013;21:42:00;115;com vitima;66,8;BR-392/RS;Norte;Abalr.Transversal;1;0;0;0;0;0;;;;;2;2;0;0;0
12/07/2013;08:02:00;22;com vitima;96,8;BR-392/RS;Norte;Saida de Pista;1;0;0;0;0;0;;;;;1;1;0;0;0
13/07/2013;08:12:00;19;sem vitima;124,3;BR-293/RS;Norte;Saida de Pista;1;0;0;0;0;0;;;;;1;0;0;0;0
14/07/2013;23:26:00;95;sem vitima;13,2;BR-293/RS;Norte;Saida de Pista;0;0;1;1;0;0;;;;;2;0;0;0;0
14/07/2013;16:31:00;64;sem vitima;427,7;BR-116/RS;Sul;Abalr.Transversal;1;0;1;0;0;0;;;;;2;0;0;0;0
15/07/2013;07:30:00;10;com vitima;457,9;BR-116/RS;Norte;Saida de Pista;0;0;0;1;0;0;;;;;0;2;0;0;0
15/07/2013;19:25:00;75;com vitima;67,7;BR-293/RS;Norte;Atropelamento de Animal;1;0;0;0;0;0;;;;;0;0;1;0;0
16/07/2013;21:37:00;101;sem vitima;649,9;BR-116/RS;Sul;Outros tipos de acidente;1;0;0;0;0;0;;;;;2;0;0;0;0
17/07/2013;19:26:00;99;com vitima;421,5;BR-116/RS;Norte;Atropelamento de Animal;1;0;1;0;0;0;;;;;1;0;2;1;0
17/07/2013;08:03:00;21;com vitima;6,4;BR-392/RS;Norte;Colisao Traseira;1;0;0;0;0;0;;;;;0;0;1;0;0
17/07/2013;16:34:00;72;com vitima;511;BR-116/RS;Sul;Colisao Traseira;1;0;0;0;0;0;;;;;0;1;0;0;0
17/07/2013;12:23:00;45;sem vitima;516,9;BR-116/RS;Norte;Abalr.Transversal;0;0;1;0;0;0;;;;;1;0;0;0;0
17/07/2013;21:04:00;112;com vitima;544,9;BR-116/RS;Norte;Saida de Pista;0;0;1;0;0;0;;;;;0;0;1;0;0
18/07/2013;16:52:00;58;com vitima;427,8;BR-116/RS;Norte;Colisao Traseira;2;0;0;0;0;0;;;;;0;0;1;3;0
18/07/2013;13:59:00;43;com vitima;17,8;BR-392/RS;Sul;Colisao Traseira;1;0;1;0;0;0;;;;;1;0;1;0;0
18/07/2013;20:23:00;89;sem vitima;595,7;BR-116/RS;Sul;Atropelamento de Animal;1;0;0;0;0;0;;;;;1;0;0;0;0
18/07/2013;20:25:00;90;com vitima;595,7;BR-116/RS;Norte;Atropelamento de Animal;2;0;0;0;0;0;;;;;0;4;1;0;0
19/07/2013;19:13:00;88;sem vitima;24,4;BR-392/RS;Sul;Abalr.Transversal;1;0;0;0;0;0;;;;;3;0;0;0;0
19/07/2013;01:15:00;1;com vitima;564,9;BR-116/RS;Norte;Saida de Pista;1;0;0;1;0;0;;;;;0;1;1;0;0
19/07/2013;10:08:00;28;com vitima;628,7;BR-116/RS;Sul;Saida de Pista;1;0;0;0;0;0;;;;;1;1;0;0;0
20/07/2013;01:09:00;4;sem vitima;13;BR-293/RS;Norte;Atropelamento de Animal;1;0;0;0;1;0;;;;;2;0;0;0;0
20/07/2013;07:44:00;26;sem vitima;27,3;BR-392/RS;Norte;Abalr.Transversal;1;0;0;0;0;0;;;;;1;0;0;0;0
20/07/2013;04:07:00;16;sem vitima;35,6;BR-392/RS;Sul;Saida de Pista;1;0;0;0;0;0;;;;;1;0;0;0;0
20/07/2013;05:53:00;20;com vitima;500,7;BR-116/RS;Norte;Saida de Pista;1;0;0;0;0;0;;;;;0;1;0;0;0
20/07/2013;12:41:00;43;com vitima;46,2;BR-392/RS;Norte;Saida de Pista;1;0;0;0;0;0;;;;;1;1;0;0;0
20/07/2013;20:38:00;83;sem vitima;504;BR-116/RS;Norte;Saida de Pista;1;0;0;0;0;0;;;;;5;0;0;0;0
20/07/2013;19:44:00;79;sem vitima;66,5;BR-392/RS;Norte;Abalr.Transversal;1;0;0;0;0;0;;;;;2;0;0;0;0
20/07/2013;05:47:00;19;sem vitima;80,8;BR-392/RS;Norte;Saida de Pista;1;0;0;0;1;0;;;;;2;0;0;0;0
20/07/2013;16:14:00;58;sem vitima;108,2;BR-392/RS;Sul;Saida de Pista;0;0;2;0;0;0;;;;;4;0;0;0;0
20/07/2013;17:36:00;67;com vitima;568,3;BR-116/RS;Norte;Abalr.Mesmo Sentido;0;0;2;0;0;0;;;;;1;1;0;0;0
20/07/2013;18:34:00;72;sem vitima;579,1;BR-116/RS;Norte;Atropelamento de Animal;1;0;1;0;0;0;;;;;4;0;0;0;0
21/07/2013;16:47:00;51;com vitima;24,5;BR-392/RS;Norte;Abalr.Transversal;1;0;0;0;0;0;;;;;0;1;0;0;0
21/07/2013;04:02:00;10;com vitima;35,9;BR-392/RS;Norte;Saida de Pista;0;1;1;0;0;0;;;;;1;0;1;0;0
21/07/2013;22:17:00;74;sem vitima;56;BR-392/RS;Sul;Saida de Pista;2;0;0;0;0;0;;;;;5;0;0;0;0
21/07/2013;18:44:00;61;com vitima;112,6;BR-392/RS;Sul;Abalr.Transversal;0;0;1;1;0;0;;;;;1;2;0;0;0
22/07/2013;19:20:00;82;com vitima;511,8;BR-116/RS;Sul;Abalr.Transversal;0;0;1;1;0;0;;;;;2;1;0;0;0
22/07/2013;15:48:00;63;com vitima;525,3;BR-116/RS;Norte;Colisao Traseira;1;0;0;1;0;0;;;;;1;0;1;0;0
22/07/2013;16:29:00;67;com vitima;525,3;BR-116/RS;Sul;Saida de Pista;1;0;0;0;0;0;;;;;0;1;0;0;0
22/07/2013;06:40:00;20;sem vitima;526,3;BR-116/RS;Norte;Colisao Frontal;2;0;0;0;0;0;;;;;2;0;0;0;0
23/07/2013;23:04:00;102;com vitima;427,6;BR-116/RS;Sul;Abalr.Transversal;1;0;0;0;0;0;;;;;0;1;0;0;0
23/07/2013;10:05:00;25;com vitima;119,8;BR-392/RS;Sul;Abal. Sentido Oposto;0;0;0;1;0;0;;;;;0;1;0;0;0
24/07/2013;06:26:00;14;com vitima;2,5;BR-392/RS;Sul;Colisao Traseira;1;0;0;0;0;0;;;;;1;1;0;0;0
24/07/2013;19:24:00;84;sem vitima;12,6;BR-293/RS;Norte;Saida de Pista;1;0;0;0;0;0;;;;;1;0;0;0;0
24/07/2013;10:45:00;35;com vitima;412,4;BR-116/RS;Norte;Colisao Traseira;1;0;0;0;0;0;;;;;0;0;1;0;0
24/07/2013;00:28:00;2;com vitima;26,7;BR-392/RS;Sul;Tombamento;0;0;1;1;0;0;;;;;1;0;0;1;1
24/07/2013;06:41:00;15;sem vitima;59,1;BR-392/RS;Sul;Saida de Pista;1;0;0;0;0;0;;;;;1;0;0;0;0
24/07/2013;04:55:00;10;sem vitima;73,4;BR-392/RS;Sul;Atropelamento de Animal;1;0;0;0;0;0;;;;;2;0;0;0;0
25/07/2013;16:52:00;71;com vitima;420;BR-116/RS;Norte;Abalr.Sentido Oposto;1;0;0;0;0;0;;;;;0;4;0;0;0
25/07/2013;18:26:00;80;com vitima;424,5;BR-116/RS;Sul;Saida de Pista;1;0;0;1;0;0;;;;;3;0;2;0;0
25/07/2013;14:04:00;59;com vitima;426,6;BR-116/RS;Norte;Abalr.Transversal;1;0;0;0;0;0;;;;;0;1;0;0;0
25/07/2013;20:16:00;98;com vitima;40,7;BR-392/RS;Norte;Atropelamento;1;0;0;0;0;0;;;;;0;2;0;0;0
25/07/2013;12:44:00;54;com vitima;44;BR-392/RS;Norte;Colisao Traseira;0;0;1;1;0;0;;;;;1;0;1;0;0
26/07/2013;13:40:00;55;com vitima;416,8;BR-116/RS;Sul;Colisao Traseira;1;0;0;0;0;0;;;;;3;1;0;0;0
26/07/2013;16:20:00;72;com vitima;470,8;BR-116/RS;Norte;Outros tipos de acidente;0;0;0;1;0;0;;;;;0;1;0;0;0
26/07/2013;18:52:00;87;sem vitima;63,7;BR-293/RS;Norte;Abalr.Mesmo Sentido;2;0;0;0;0;0;;;;;2;0;0;0;0
26/07/2013;16:48:00;75;com vitima;66,2;BR-392/RS;Sul;Colisao Traseira;1;0;0;0;0;0;;;;;0;2;0;0;0
26/07/2013;17:16:00;80;sem vitima;120,7;BR-392/RS;Norte;Abalr.Transversal;1;0;0;0;0;0;;;;;1;0;0;0;0
27/07/2013;19:35:00;90;com vitima;417,4;BR-116/RS;Sul;Abalr.Transversal;2;0;0;0;0;0;;;;;2;1;0;0;0
27/07/2013;17:23:00;74;sem vitima;29,2;BR-392/RS;Norte;Abalr.Mesmo Sentido;1;0;0;0;0;0;;;;;1;0;0;0;0
27/07/2013;06:01:00;15;com vitima;31,1;BR-392/RS;Sul;Colisao Traseira;0;0;1;0;0;0;;;;;0;1;0;0;0
28/07/2013;04:34:00;7;sem vitima;7;BR-392/RS;Norte;Colisao com Objeto Fixo;2;0;0;0;0;0;;;;;4;0;0;0;0
28/07/2013;15:19:00;44;sem vitima;42;BR-392/RS;Sul;Abalr.Mesmo Sentido;0;0;1;0;0;0;;;;;1;0;0;0;0
29/07/2013;07:35:00;10;com vitima;3;BR-604/RS;Sul;Abalr.Transversal;0;0;0;1;0;0;;;;;0;1;0;0;0
30/07/2013;15:36:00;59;com vitima;76,3;BR-392/RS;Sul;Abalr.Transversal;1;0;1;0;0;0;;;;;1;0;0;1;0
30/07/2013;16:32:00;63;sem vitima;77;BR-392/RS;Sul;Colisao Traseira;1;0;0;0;0;0;;;;;2;0;0;0;0
31/07/2013;20:12:00;86;com vitima;6,3;BR-392/RS;Sul;Colisao Frontal;1;0;0;1;0;0;;;;;1;1;0;0;0
31/07/2013;08:28:00;14;com vitima;83,8;BR-293/RS;Norte;Abalr.Sentido Oposto;2;0;0;0;0;0;;;;;6;2;0;0;0
31/07/2013;07:02:00;9;com vitima;515,6;BR-116/RS;Norte;Abalr. Transversal;1;0;0;1;0;0;;;;;3;1;0;0;0
31/07/2013;07:48:00;11;com vitima;172,6;BR-392/RS;Sul;Abalr.Sentido Oposto;1;0;1;0;0;0;;;;;3;1;0;0;0
01/08/2013;07:13:00;15;sem vitima;4,3;BR-392/RS;Norte;Colisao Traseira;0;0;2;0;0;0;;;;;2;0;0;0;0
01/08/2013;21:35:00;105;com vitima;436;BR-116/RS;Sul;Atropelamento de Animal;0;0;1;0;0;0;;;;;1;1;0;0;0
01/08/2013;09:31:00;24;com vitima;150,3;BR-392/RS;Sul;Tombamento;1;0;0;1;0;0;;;;;2;1;1;0;0
02/08/2013;09:31:00;31;sem vitima;475;BR-116/RS;Norte;Saida de Pista;2;0;0;0;0;0;;;;;6;0;0;0;0
02/08/2013;05:27:00;10;sem vitima;61,9;BR-392/RS;Norte;Atropelamento de Animal;1;0;0;0;0;0;;;;;1;0;0;0;0
02/08/2013;15:15:00;70;sem vitima;102,7;BR-293/RS;Norte;Colisao Traseira;2;0;0;0;0;0;;;;;4;0;0;0;0
02/08/2013;06:36:00;11;com vitima;100,1;BR-392/RS;Norte;Saida de Pista;0;0;0;1;0;0;;;;;0;0;1;0;0
02/08/2013;12:14:00;52;com vitima;119,5;BR-392/RS;Norte;Saida de Pista;0;0;0;1;0;0;;;;;1;1;0;0;0
02/08/2013;20:31:00;101;com vitima;123,3;BR-392/RS;Norte;Abalr.Transversal;1;0;0;0;0;0;;;;;0;1;0;0;0
03/08/2013;10:08:00;31;sem vitima;42,3;BR-392/RS;Sul;Colisao Traseira;1;0;0;1;0;0;;;;;6;0;0;0;0
03/08/2013;17:25:00;74;sem vitima;521,7;BR-116/RS;Norte;Tombamento;0;0;1;0;0;0;;;;;1;0;0;0;0
04/08/2013;17:06:00;54;sem vitima;16,8;BR-392/RS;Sul;Colisao com Objeto Fixo;2;0;0;0;0;0;;;;;2;0;0;0;0
04/08/2013;11:52:00;33;sem vitima;116,5;BR-293/RS;Norte;Abalr.Sentido Oposto;0;0;1;0;0;0;;;;;1;0;0;0;0
04/08/2013;02:51:00;7;sem vitima;574,2;BR-116/RS;Sul;Saida de Pista;0;0;2;0;0;0;;;;;2;0;0;0;0
05/08/2013;06:19:00;16;sem vitima;1,6;BR-392/RS;Norte;Colisao Frontal;1;0;0;0;0;0;;;;;1;0;0;0;0
05/08/2013;16:19:00;72;com vitima;427,6;BR-116/RS;Sul;Abalr.Transversal;2;0;0;0;0;0;;;;;1;1;0;0;0
07/08/2013;13:17:00;50;sem vitima;432,7;BR-116/RS;Norte;Saida de Pista;1;0;0;0;1;0;;;;;2;0;0;0;0
07/08/2013;19:05:00;79;sem vitima;16,7;BR-293/RS;Norte;Atropelamento de Animal;1;0;0;0;0;0;;;;;4;0;0;0;0
07/08/2013;06:00:00;15;com vitima;52,2;BR-392/RS;Norte;Tombamento;2;0;0;0;0;0;;;;;0;2;0;0;0
07/08/2013;01:31:00;5;sem vitima;186,5;BR-392/RS;Norte;Saida de Pista;1;0;1;0;0;0;;;;;4;0;0;0;0
08/08/2013;08:22:00;23;sem vitima;0,8;BR-604/RS;Sul;Colisao Traseira;2;0;0;0;0;0;;;;;4;0;0;0;0
08/08/2013;18:10:00;73;sem vitima;76,3;BR-392/RS;Sul;Abalr.Transversal;0;0;2;0;0;0;;;;;3;0;0;0;0
09/08/2013;08:17:00;23;sem vitima;107,2;BR-392/RS;Norte;Abalr.Transversal;1;0;1;0;0;0;;;;;3;0;0;0;0
10/08/2013;06:48:00;17;sem vitima;9,5;BR-392/RS;Norte;Tombamento;0;0;2;0;0;0;;;;;3;0;0;0;0
10/08/2013;02:27:00;6;sem vitima;436,5;BR-116/RS;Norte;Saida de Pista;1;0;1;0;0;0;;;;;2;0;0;0;0
10/08/2013;07:16:00;21;com vitima;553,7;BR-116/RS;Norte;Saida de Pista;1;0;0;0;0;0;;;;;1;0;0;0;1
11/08/2013;20:30:00;78;sem vitima;424,9;BR-116/RS;Norte;Abalr.Transversal;0;0;1;0;0;0;;;;;1;0;0;0;0
11/08/2013;15:40:00;46;sem vitima;9,4;BR-392/RS;Norte;Abalr.Transversal;1;0;1;0;0;0;;;;;4;0;0;0;0
11/08/2013;15:21:00;43;com vitima;71,5;BR-392/RS;Sul;Colisao Traseira;1;0;0;1;0;0;;;;;1;1;0;0;0
13/08/2013;08:42:00;31;com vitima;101,4;BR-392/RS;Norte;Tombamento;1;0;0;1;0;0;;;;;1;2;0;0;0
14/08/2013;17:31:00;86;com vitima;114,4;BR-392/RS;Norte;Abalr.Transversal;0;0;0;1;0;0;;;;;0;2;0;0;0
15/08/2013;19:52:00;102;com vitima;3;BR-392/RS;Norte;Outros tipos de acidente;0;0;1;0;0;0;;;;;0;1;0;1;0
15/08/2013;10:10:00;28;com vitima;19,1;BR-392/RS;Norte;Colisao Traseira;1;0;0;0;0;0;;;;;0;2;0;0;0
15/08/2013;10:31:00;30;com vitima;489,1;BR-116/RS;Sul;Colisao Traseira;1;0;0;0;0;0;;;;;0;1;0;0;0
16/08/2013;08:07:00;19;com vitima;445,5;BR-116/RS;Norte;Saida de Pista;2;0;0;0;0;0;;;;;2;1;0;0;0
16/08/2013;23:49:00;118;sem vitima;499,3;BR-116/RS;Sul;Saida de Pista;1;0;0;0;0;0;;;;;1;0;0;0;0
16/08/2013;18:16:00;85;sem vitima;528,5;BR-116/RS;Sul;Abalr.Transversal;1;0;0;0;0;0;;;;;2;0;0;0;0
17/08/2013;22:37:00;104;sem vitima;401,1;BR-116/RS;Norte;Abalr.Sentido Oposto;1;0;0;0;0;0;;;;;1;0;0;0;0
17/08/2013;20:19:00;96;sem vitima;13,5;BR-293/RS;Norte;Atropelamento;0;0;1;0;0;0;;;;;1;0;0;0;0
18/08/2013;09:56:00;22;sem vitima;103,7;BR-392/RS;Sul;Abalr.Mesmo Sentido;1;0;0;0;0;0;;;;;1;0;0;0;0
18/08/2013;05:37:00;13;sem vitima;115;BR-392/RS;Sul;Tombamento;1;0;1;0;0;0;;;;;2;0;0;0;0
19/08/2013;19:00:00;97;com vitima;494,4;BR-116/RS;Norte;Saida de Pista;1;0;1;0;0;0;;;;;1;0;0;1;0
19/08/2013;21:44:00;111;com vitima;41,9;BR-392/RS;Sul;Colisao com Objeto Fixo;0;0;0;1;0;0;;;;;0;0;1;1;0
19/08/2013;14:36:00;62;com vitima;509,2;BR-116/RS;Norte;Abalr.Transversal;0;0;1;0;0;0;;;;;0;0;1;0;0
19/08/2013;10:47:00;40;sem vitima;61,1;BR-392/RS;Sul;Saida de Pista;0;0;2;0;0;0;;;;;2;0;0;0;0