data;horario;n_da_ocorrencia;tipo_de_ocorrencia;km;trecho;sentido;tipo_de_acidente;automovel;bicicleta;caminhao;moto;onibus;outros;tracao_animal;transporte_de_cargas_especiais;trator_maquinas;utilitarios;ilesos;levemente_feridos;moderadamente_feridos;gravemente_feridos;mortos
19/08/2013;19:37:00;101;com vitima;62,3;BR-392/RS;Sul;Colisao Frontal;0;0;0;1;0;0;;;;;1;0;1;0;0
20/08/2013;11:55:00;46;com vitima;13,8;BR-293/RS;Norte;Atropelamento;0;0;0;1;0;0;;;;;0;0;1;0;0
20/08/2013;13:00:00;55;sem vitima;472,9;BR-116/RS;Norte;Abalr.Mesmo Sentido;1;0;0;0;0;0;;;;;1;0;0;0;0
20/08/2013;09:00:00;22;com vitima;516,9;BR-116/RS;Norte;Abalr.Transversal;1;0;0;0;0;0;;;;;0;3;2;0;0
20/08/2013;06:02:00;11;sem vitima;526,5;BR-116/RS;Sul;Saida de Pista;1;0;0;0;0;0;;;;;4;0;0;0;0
20/08/2013;19:18:00;85;com vitima;535,7;BR-116/RS;Norte;Saida de Pista;1;0;0;1;0;0;;;;;1;0;1;0;0
21/08/2013;20:08:00;92;sem vitima;0,1;BR-392/RS;Norte;Abalr.Transversal;1;0;1;0;0;0;;;;;2;0;0;0;0
21/08/2013;00:55:00;4;com vitima;5,8;BR-392/RS;Norte;Saida de Pista;1;0;0;1;0;0;;;;;3;0;1;0;0
22/08/2013;10:33:00;29;com vitima;12,8;BR-392/RS;Sul;Abalr.Transversal;1;0;1;0;0;0;;;;;0;2;1;0;0
22/08/2013;18:45:00;78;com vitima;27,5;BR-392/RS;Norte;Abalr.Transversal;2;0;0;0;0;0;;;;;1;3;0;0;0
22/08/2013;02:34:00;3;sem vitima;504;BR-116/RS;Norte;Saida de Pista;1;0;0;1;0;0;;;;;2;0;0;0;0
22/08/2013;04:03:00;6;sem vitima;657;BR-116/RS;Sul;Saida de Pista;0;0;1;0;1;0;;;;;32;0;0;0;0
23/08/2013;08:44:00;22;com vitima;5,1;BR-392/RS;Norte;Abalr.Transversal;1;0;0;1;0;0;;;;;1;1;0;0;0
23/08/2013;18:29:00;82;com vitima;0,6;BR-604/RS;Sul;Colisao Traseira;0;0;0;1;0;0;;;;;1;1;0;0;0
24/08/2013;16:47:00;52;sem vitima;508,6;BR-116/RS;Norte;Abalr.Transversal;1;0;1;0;0;0;;;;;2;0;0;0;0
25/08/2013;04:44:00;9;sem vitima;37,8;BR-293/RS;Norte;Saida de Pista;0;0;1;0;1;0;;;;;14;0;0;0;0
25/08/2013;03:27:00;7;sem vitima;484,7;BR-116/RS;Norte;Saida de Pista;1;0;0;0;0;0;;;;;1;0;0;0;0
25/08/2013;07:29:00;13;sem vitima;499,1;BR-116/RS;Norte;Capotamento;0;0;1;0;1;0;;;;;22;0;0;0;0
25/08/2013;13:24:00;39;sem vitima;519,3;BR-116/RS;Sul;Abalr.Transversal;2;0;0;0;0;0;;;;;7;0;0;0;0
25/08/2013;17:52:00;62;com vitima;133,7;BR-392/RS;Norte;Abalr.Transversal;1;0;0;0;0;0;;;;;1;0;1;0;0
25/08/2013;16:15:00;53;com vitima;193,3;BR-392/RS;Norte;Tombamento;2;0;0;0;0;0;;;;;1;2;2;0;0
27/08/2013;16:32:00;54;sem vitima;401;BR-116/RS;Sul;Colisao Traseira;1;0;0;0;0;0;;;;;1;0;0;0;0
27/08/2013;20:43:00;82;com vitima;428;BR-116/RS;Sul;Colisao Traseira;0;0;0;1;0;0;;;;;1;1;0;0;0
27/08/2013;14:33:00;43;sem vitima;50,4;BR-392/RS;Sul;Saida de Pista;1;0;0;0;0;0;;;;;1;0;0;0;0
27/08/2013;23:19:00;100;com vitima;74;BR-392/RS;Sul;Atropelamento de Animal;1;0;1;0;0;0;;;;;1;1;1;0;0
27/08/2013;09:08:00;17;com vitima;524;BR-116/RS;Sul;Abalr.Mesmo Sentido;1;0;0;1;0;0;;;;;1;1;0;0;0
27/08/2013;15:08:00;46;com vitima;90,3;BR-392/RS;Norte;Atropelamento;0;0;1;0;0;0;;;;;0;1;0;0;0
27/08/2013;09:45:00;23;sem vitima;526,9;BR-116/RS;Norte;Outros Tipos de Acidente;0;0;1;0;0;0;;;;;1;0;0;0;0
28/08/2013;21:09:00;111;com vitima;62;BR-392/RS;Sul;Tombamento;0;0;0;1;1;0;;;;;1;1;0;0;0
28/08/2013;19:14:00;96;sem vitima;95,8;BR-392/RS;Norte;Colisao com Objeto Fixo;1;0;1;0;0;0;;;;;3;0;0;0;0
29/08/2013;07:35:00;11;com vitima;527,2;BR-116/RS;Sul;Saida de Pista;0;0;0;1;0;0;;;;;0;1;0;0;0
29/08/2013;12:33:00;47;sem vitima;122,3;BR-392/RS;Norte;Abalr.Transversal;1;0;0;0;0;0;;;;;2;0;0;0;0
30/08/2013;18:58:00;83;sem vitima;37,9;BR-293/RS;Norte;Colisao Traseira;1;0;0;0;0;0;;;;;1;0;0;0;0
30/08/2013;20:31:00;97;com vitima;60,8;BR-392/RS;Norte;Outros Tipos de Acidente;2;0;0;0;0;0;;;;;3;4;0;0;0
30/08/2013;07:31:00;15;com vitima;2,3;BR-604/RS;Sul;Abalr.Transversal;1;0;0;0;0;0;;;;;0;2;1;0;0
30/08/2013;18:48:00;81;com vitima;75,4;BR-392/RS;Norte;Colisao Frontal;2;0;0;0;0;0;;;;;3;0;2;2;0
30/08/2013;23:17:00;109;com vitima;99,3;BR-392/RS;Sul;Colisao Traseira;1;0;0;1;0;0;;;;;1;1;1;0;0
31/08/2013;05:02:00;12;sem vitima;651,7;BR-116/RS;Norte;Saida de Pista;1;0;0;0;0;0;;;;;1;0;0;0;0
01/09/2013;15:55:00;47;sem vitima;402,8;BR-116/RS;Sul;Saida de Pista;1;0;0;0;0;0;;;;;1;0;0;0;0
01/09/2013;22:58:00;77;com vitima;451,3;BR-116/RS;Norte;Saida de Pista;0;0;1;0;0;0;;;;;0;1;0;0;0
02/09/2013;11:39:00;39;com vitima;459;BR-116/RS;Norte;Abalr.Transversal;1;0;1;0;0;0;;;;;1;1;0;0;0
02/09/2013;17:40:00;67;com vitima;526,5;BR-116/RS;Norte;Abalr.Transversal;0;0;1;0;0;0;;;;;0;1;0;0;0
02/09/2013;22:06:00;97;com vitima;193,8;BR-392/RS;Sul;Saida de Pista;1;0;0;1;0;0;;;;;1;0;1;0;0
03/09/2013;20:48:00;85;sem vitima;1,5;BR-604/RS;Sul;Atropelamento de Animal;1;0;1;0;0;0;;;;;4;0;0;0;0
03/09/2013;09:24:00;26;com vitima;627,3;BR-116/RS;Sul;Saida de Pista;1;0;0;1;0;0;;;;;1;0;0;1;0
04/09/2013;19:37:00;74;com vitima;510,3;BR-116/RS;Norte;Colisao Traseira;0;1;0;1;0;0;;;;;2;0;1;0;0
05/09/2013;03:55:00;9;sem vitima;514,3;BR-116/RS;Norte;Atropelamento de Animal;2;0;0;0;0;0;;;;;2;0;0;0;0
05/09/2013;14:18:00;58;com vitima;68;BR-392/RS;Sul;Saida de Pista;0;0;1;1;0;0;;;;;1;0;1;0;0
05/09/2013;14:02:00;55;sem vitima;68,2;BR-392/RS;Norte;Abalr.Mesmo Sentido;0;0;1;0;1;0;;;;;43;0;0;0;0
05/09/2013;16:29:00;69;sem vitima;130,5;BR-293/RS;Norte;Saida de Pista;1;0;0;0;0;0;;;;;1;0;0;0;0
05/09/2013;14:16:00;57;com vitima;526,4;BR-116/RS;Norte;Abalr.Transversal;1;0;0;1;0;0;;;;;2;1;0;0;0
06/09/2013;21:07:00;128;sem vitima;73,9;BR-293/RS;Norte;Abalr.Sentido Oposto;0;0;1;0;0;0;;;;;1;0;0;0;0
07/09/2013;18:53:00;68;sem vitima;20,2;BR-392/RS;Sul;Colisao Traseira;1;0;1;0;0;0;;;;;6;0;0;0;0
07/09/2013;15:44:00;55;com vitima;2,3;BR-604/RS;Sul;Abalr.Transversal;0;0;0;1;0;0;;;;;0;0;2;0;0
08/09/2013;17:37:00;54;sem vitima;533;BR-116/RS;Norte;Colisao Traseira;1;0;0;0;0;0;;;;;2;0;0;0;0
08/09/2013;10:22:00;23;com vitima;558;BR-116/RS;Sul;Saida de Pista;1;0;0;1;0;0;;;;;1;0;1;0;0
08/09/2013;07:53:00;14;sem vitima;570,7;BR-116/RS;Norte;Saida de Pista;2;0;0;0;0;0;;;;;4;0;0;0;0
09/09/2013;13:58:00;50;com vitima;1,3;BR-392/RS;Norte;Tombamento;1;0;0;1;0;0;;;;;0;1;1;0;0
09/09/2013;00:44:00;1;com vitima;591,7;BR-116/RS;Sul;Atropelamento de Animal;2;0;0;0;0;0;;;;;0;2;0;0;0
10/09/2013;01:31:00;5;sem vitima;55,1;BR-392/RS;Norte;Colisao Traseira;0;0;2;0;0;0;;;;;2;0;0;0;0
11/09/2013;07:07:00;13;com vitima;479;BR-116/RS;Norte;Abalr.Mesmo Sentido;0;0;0;1;0;0;;;;;0;2;0;0;0
11/09/2013;11:59:00;49;sem vitima;519,3;BR-116/RS;Sul;Colisao Traseira;1;0;1;0;0;0;;;;;2;0;0;0;0
11/09/2013;08:39:00;25;com vitima;79;BR-392/RS;Norte;Colisao Traseira;1;0;0;1;0;0;;;;;1;0;0;0;1
12/09/2013;13:15:00;51;com vitima;404,5;BR-116/RS;Sul;Colisao Traseira;0;1;0;1;0;0;;;;;0;0;2;0;0
12/09/2013;07:29:00;16;com vitima;4,8;BR-392/RS;Norte;Colisao Traseira;1;0;0;1;0;0;;;;;1;0;0;1;0
12/09/2013;19:47:00;98;com vitima;67,7;BR-392/RS;Sul;Atropelamento de Animal;0;0;1;0;0;0;;;;;0;1;0;0;0
12/09/2013;10:53:00;41;sem vitima;524,3;BR-116/RS;Sul;Abalr.Transversal;2;0;0;0;0;0;;;;;5;0;0;0;0
12/09/2013;11:25:00;44;sem vitima;524,7;BR-116/RS;Norte;Colisao Traseira;0;0;1;0;0;0;;;;;1;0;0;0;0
12/09/2013;19:16:00;93;com vitima;102,7;BR-392/RS;Norte;Atropelamento;1;0;1;0;0;0;;;;;1;1;0;0;0
13/09/2013;05:06:00;15;com vitima;494,9;BR-116/RS;Sul;Colisao Traseira;0;0;0;1;0;0;;;;;0;1;0;0;0
13/09/2013;10:33:00;41;sem vitima;42,5;BR-392/RS;Norte;Colisao Traseira;3;0;1;1;0;0;;;;;5;0;0;0;0
13/09/2013;23:10:00;131;sem vitima;499,5;BR-116/RS;Sul;Atropelamento de Animal;1;0;0;1;1;0;;;;;3;0;0;0;0
13/09/2013;15:57:00;78;sem vitima;516,9;BR-116/RS;Sul;Colisao Traseira;2;0;0;0;0;0;;;;;3;0;0;0;0
13/09/2013;17:42:00;88;sem vitima;116,9;BR-392/RS;Norte;Abalr.Mesmo Sentido;1;0;0;0;0;0;;;;;1;0;0;0;0
14/09/2013;05:18:00;9;sem vitima;523,3;BR-116/RS;Sul;Atropelamento;0;0;1;0;1;0;;;;;2;0;0;0;0
14/09/2013;00:59:00;2;com vitima;117,3;BR-392/RS;Norte;Saida de Pista;0;1;1;0;1;0;;;;;2;2;0;0;0
15/09/2013;14:40:00;39;sem vitima;471,9;BR-116/RS;Norte;Saida de Pista;1;0;0;0;0;0;;;;;1;0;0;0;0
15/09/2013;11:29:00;28;sem vitima;32;BR-392/RS;Sul;Capotamento;1;0;0;0;0;0;;;;;5;0;0;0;0
15/09/2013;15:27:00;45;sem vitima;84,2;BR-392/RS;Sul;Saida de Pista;1;0;0;0;0;1;;;;;18;0;0;0;0
15/09/2013;15:55:00;46;sem vitima;107,8;BR-392/RS;Sul;Saida de Pista;3;0;0;0;0;0;;;;;3;0;0;0;0
15/09/2013;03:56:00;13;sem vitima;123,7;BR-392/RS;Norte;Colisao Frontal;1;0;0;0;1;0;;;;;2;0;0;0;0
15/09/2013;13:21:00;35;sem vitima;149,8;BR-392/RS;Sul;Saida de Pista;2;0;0;0;0;0;;;;;2;0;0;0;0
16/09/2013;18:38:00;59;com vitima;529,5;BR-116/RS;Norte;Saida de Pista;0;1;1;0;0;0;;;;;0;0;2;0;1
17/09/2013;07:37:00;14;sem vitima;529,2;BR-116/RS;Sul;Abalr.Transversal;1;0;0;0;0;0;;;;;1;0;0;0;0
18/09/2013;02:57:00;5;sem vitima;410,4;BR-116/RS;Norte;Saida de Pista;2;0;1;0;0;0;;;;;3;0;0;0;0
18/09/2013;20:55:00;75;com vitima;64;BR-392/RS;Norte;Saida de Pista;0;0;1;1;0;0;;;;;1;0;1;0;0
19/09/2013;16:08:00;76;com vitima;14,2;BR-293/RS;Norte;Atropelamento de Animal;1;0;0;1;0;0;;;;;1;0;0;0;1
19/09/2013;07:46:00;30;sem vitima;14,5;BR-392/RS;Sul;Abalr.Mesmo Sentido;2;0;0;0;0;0;;;;;6;0;0;0;0
19/09/2013;16:32:00;80;sem vitima;447,3;BR-116/RS;Norte;Abalr.Transversal;0;0;1;0;0;0;;;;;1;0;0;0;0
19/09/2013;08:22:00;34;com vitima;523,5;BR-116/RS;Norte;Colisao Traseira;2;0;0;0;0;0;;;;;1;2;0;0;1
19/09/2013;18:19:00;90;com vitima;524,4;BR-116/RS;Sul;Abalr.Transversal;0;0;1;0;0;0;;;;;0;0;1;0;0
19/09/2013;18:26:00;92;sem vitima;164,5;BR-293/RS;Norte;Saida de Pista;1;0;0;0;0;0;;;;;1;0;0;0;0
20/09/2013;21:59:00;99;com vitima;34,4;BR-392/RS;Norte;Saida de Pista;1;0;0;1;0;0;;;;;2;1;0;0;0
20/09/2013;13:59:00;57;com vitima;61,1;BR-392/RS;Norte;Saida de Pista;0;0;1;1;0;0;;;;;1;1;0;0;0
20/09/2013;00:42:00;5;com vitima;99,5;BR-392/RS;Sul;Tombamento;1;0;0;0;0;0;;;;;0;0;0;1;0
21/09/2013;16:17:00;52;com vitima;487,8;BR-116/RS;Norte;Abalr.Transversal;1;0;0;0;0;1;;;;;0;2;2;3;0
22/09/2013;19:20:00;94;com vitima;408;BR-116/RS;Sul;Saida de Pista;0;0;0;1;0;0;;;;;0;0;1;0;0
22/09/2013;00:08:00;1;sem vitima;39,5;BR-293/RS;Norte;Saida de Pista;3;0;0;0;0;0;;;;;6;0;0;0;0
22/09/2013;09:53:00;26;sem vitima;510,6;BR-116/RS;Norte;Abalr.Transversal;2;0;0;0;0;0;;;;;5;0;0;0;0
22/09/2013;05:24:00;13;com vitima;523,5;BR-116/RS;Norte;Saida de Pista;0;0;0;1;0;0;;;;;0;1;0;0;0
22/09/2013;20:22:00;105;com vitima;526,5;BR-116/RS;Sul;Saida de Pista;1;0;0;1;0;0;;;;;2;1;0;0;0
23/09/2013;04:58:00;10;com vitima;11,3;BR-293/RS;Norte;Saida de Pista;1;0;1;0;0;0;;;;;1;1;0;0;0
23/09/2013;23:39:00;94;sem vitima;6,6;BR-392/RS;Norte;Abalr.Mesmo Sentido;0;0;2;0;0;0;;;;;4;0;0;0;0
23/09/2013;10:53:00;33;sem vitima;519,5;BR-116/RS;Norte;Atropelamento;1;0;0;0;0;0;;;;;1;0;0;0;0
24/09/2013;05:39:00;16;com vitima;400,6;BR-116/RS;Norte;Saida de Pista;1;0;0;1;0;0;;;;;1;0;0;1;0
24/09/2013;12:54:00;38;com vitima;493,5;BR-116/RS;Sul;Saida de Pista;1;1;0;0;0;0;;;;;1;0;0;1;0
24/09/2013;13:18:00;40;com vitima;517,8;BR-116/RS;Norte;Abalr.Transversal;2;0;0;0;0;0;;;;;2;0;1;0;0
24/09/2013;09:13:00;23;sem vitima;557,5;BR-116/RS;Norte;Saida de Pista;0;0;0;1;0;0;;;;;1;0;0;0;0
25/09/2013;14:01:00;54;sem vitima;34,4;BR-293/RS;Norte;Atropelamento de Animal;0;0;1;0;0;0;;;;;1;0;0;0;0
25/09/2013;03:48:00;8;sem vitima;523,5;BR-116/RS;Norte;Saida de Pista;1;0;0;0;0;0;;;;;1;0;0;0;0
25/09/2013;18:38:00;88;sem vitima;87,5;BR-392/RS;Sul;Abalr.Transversal;1;0;1;0;0;0;;;;;4;0;0;0;0
26/09/2013;19:36:00;102;com vitima;439;BR-116/RS;Norte;Tombamento;1;0;0;1;0;0;;;;;1;0;1;0;0
26/09/2013;23:50:00;114;com vitima;500,5;BR-116/RS;Sul;Saida de Pista;1;0;0;1;0;0;;;;;1;0;1;0;0
26/09/2013;02:11:00;9;com vitima;61;BR-392/RS;Norte;Tombamento;0;0;0;1;0;0;;;;;0;1;0;0;0
26/09/2013;19:15:00;98;com vitima;87,5;BR-392/RS;Norte;Atropelamento de Animal;1;0;0;0;0;0;;;;;1;0;1;0;0
26/09/2013;11:55:00;52;com vitima;530,2;BR-116/RS;Sul;Tombamento;0;0;0;1;0;0;;;;;0;1;0;0;0
26/09/2013;17:34:00;83;sem vitima;117;BR-392/RS;Sul;Colisao Traseira;2;0;0;0;0;0;;;;;5;0;0;0;0
26/09/2013;10:26:00;39;com vitima;131,5;BR-392/RS;Sul;Colisao Frontal;0;0;0;1;0;0;;;;;0;0;0;0;1
27/09/2013;22:06:00;114;sem vitima;422,5;BR-116/RS;Norte;Abalr.Transversal;1;0;0;0;0;0;;;;;1;0;0;0;0
27/09/2013;18:13:00;91;sem vitima;66;BR-392/RS;Sul;Abalr.Transversal;0;0;1;0;0;0;;;;;1;0;0;0;0
27/09/2013;18:44:00;94;sem vitima;563,4;BR-116/RS;Sul;Abalr.Transversal;1;0;0;0;0;0;;;;;3;0;0;0;0
27/09/2013;19:56:00;100;sem vitima;632;BR-116/RS;Sul;Saida de Pista;1;0;0;1;0;0;;;;;5;0;0;0;0
28/09/2013;19:42:00;61;com vitima;417,7;BR-116/RS;Sul;Atropelamento de Animal;0;0;1;0;1;0;;;;;20;0;1;0;0
28/09/2013;06:59:00;13;com vitima;66,9;BR-392/RS;Sul;Abalr.Transversal;0;0;1;0;0;0;;;;;0;0;0;1;0
29/09/2013;06:20:00;12;com vitima;2,2;BR-604/RS;Sul;Abalr.Transversal;0;0;1;1;0;0;;;;;1;1;0;0;0
29/09/2013;06:59:00;14;com vitima;99,6;BR-392/RS;Norte;Tombamento;1;0;1;0;0;0;;;;;1;2;0;0;0
29/09/2013;19:29:00;59;sem vitima;574,2;BR-116/RS;Norte;Atropelamento de Animal;1;0;0;0;0;0;;;;;1;0;0;0;0
30/09/2013;15:16:00;61;sem vitima;430;BR-116/RS;Norte;Colisao Traseira;0;0;1;0;0;0;;;;;1;0;0;0;0
30/09/2013;17:51:00;74;sem vitima;15,9;BR-392/RS;Norte;Colisao Traseira;1;0;0;0;1;0;;;;;12;0;0;0;0
30/09/2013;17:20:00;71;sem vitima;469,3;BR-116/RS;Norte;Colisao Traseira;2;0;0;0;0;0;;;;;5;0;0;0;0
01/10/2013;07:00:00;12;sem vitima;539,5;BR-116/RS;Sul;Abal.mesmo.sentido;0;0;0;1;0;0;;;;;1;0;0;0;0
01/10/2013;12:33:00;45;sem vitima;117,4;BR-392/RS;Sul;Abal.mesmo.sentido;1;0;0;0;0;0;;;;;1;0;0;0;0
02/10/2013;06:04:00;13;sem vitima;458,9;BR-116/RS;Norte;Abal.sentido. Oposto;2;0;0;0;0;0;;;;;6;0;0;0;0
02/10/2013;02:45:00;10;com vitima;470,6;BR-116/RS;Sul;Outros tipos de acidente;1;0;0;1;0;0;;;;;3;0;1;0;0
02/10/2013;22:15:00;85;com vitima;121,9;BR-293/RS;Norte;Atropelamento de Animal;0;1;1;0;0;0;;;;;3;1;0;0;0
02/10/2013;09:46:00;33;sem vitima;67;BR-392/RS;Sul;Abal.Transversal;0;0;1;0;0;1;;;;;2;0;0;0;0
02/10/2013;14:08:00;49;com vitima;524,4;BR-116/RS;Sul;Abalr.Transversal;2;0;1;0;0;0;;;;;6;1;0;0;0
03/10/2013;18:35:00;66;sem vitima;420;BR-116/RS;Sul;Saida de Pista;2;0;0;0;0;0;;;;;5;0;0;0;0
03/10/2013;06:38:00;16;sem vitima;12,6;BR-392/RS;Sul;Tombamento;1;0;1;0;0;0;;;;;2;0;0;0;0
03/10/2013;13:32:00;47;sem vitima;62;BR-392/RS;Sul;Abalr.Transversal;0;0;1;0;0;0;;;;;1;0;0;0;0
04/10/2013;07:28:00;18;com vitima;0,2;BR-392/RS;Sul;Colisao Traseira;0;0;0;1;0;0;;;;;0;1;0;0;0
04/10/2013;15:25:00;48;sem vitima;3,1;BR-392/RS;Sul;Abalr.Transversal;2;0;0;0;0;0;;;;;6;0;0;0;0
04/10/2013;13:48:00;43;com vitima;15,5;BR-293/RS;Norte;Tombamento;0;0;2;0;0;0;;;;;0;0;1;1;0
04/10/2013;06:24:00;13;sem vitima;520,6;BR-116/RS;Sul;Saida de Pista;1;0;1;0;0;0;;;;;5;0;0;0;0
04/10/2013;08:41:00;20;com vitima;71,4;BR-392/RS;Norte;Colisao Traseira;1;0;0;1;0;0;;;;;1;1;0;0;0
05/10/2013;15:53:00;53;com vitima;72,7;BR-392/RS;Norte;Abalr.Mesmo Sentido;1;0;0;1;0;0;;;;;3;0;0;0;1
05/10/2013;08:07:00;23;com vitima;83;BR-392/RS;Norte;Abalr.Transversal;2;0;0;0;0;0;;;;;1;2;1;1;1
05/10/2013;11:37:00;35;com vitima;614;BR-116/RS;Sul;Colisao Traseira;0;0;0;1;0;0;;;;;0;2;0;0;0
05/10/2013;01:57:00;5;sem vitima;652,2;BR-116/RS;Norte;Saida de Pista;1;0;0;0;0;0;;;;;3;0;0;0;0
07/10/2013;10:17:00;39;sem vitima;529,5;BR-116/RS;Norte;Tombamento;1;0;1;0;0;0;;;;;3;0;0;0;0
08/10/2013;18:26:00;78;sem vitima;2,9;BR-392/RS;Norte;Abalr.Transversal;0;0;1;0;0;0;;;;;1;0;0;0;0
08/10/2013;18:56:00;81;sem vitima;42,5;BR-392/RS;Norte;Colisao Traseira;0;0;2;0;0;0;;;;;4;0;0;0;0
09/10/2013;03:32:00;11;com vitima;4,9;BR-392/RS;Norte;Abalr.Transversal;0;0;0;1;0;0;;;;;0;1;0;0;0
09/10/2013;18:15:00;85;com vitima;524,4;BR-116/RS;Norte;Abalr.Transversal;0;0;0;1;0;0;;;;;0;0;0;1;0
10/10/2013;05:30:00;15;com vitima;474,2;BR-116/RS;Sul;Colisao Traseira;0;0;0;1;0;0;;;;;0;2;0;0;0
11/10/2013;21:16:00;104;sem vitima;1,6;BR-392/RS;Norte;Saida de Pista;1;0;0;0;0;0;;;;;1;0;0;0;0
11/10/2013;03:46:00;11;sem vitima;4,8;BR-392/RS;Norte;Abalr.Transversal;1;0;0;0;0;0;;;;;2;0;0;0;0
11/10/2013;17:55:00;90;com vitima;453,8;BR-116/RS;Sul;Abalr.Transversal;1;0;0;1;0;0;;;;;1;0;1;0;0
12/10/2013;05:54:00;13;com vitima;520,1;BR-116/RS;Norte;Abalr.Transversal;2;0;0;0;0;0;;;;;4;0;2;0;0
12/10/2013;14:51:00;47;sem vitima;79,8;BR-392/RS;Norte;Saida de Pista;3;0;0;0;0;0;;;;;10;0;0;0;0
13/10/2013;17:30:00;61;com vitima;539,5;BR-116/RS;Sul;Abalr.Transversal;0;0;0;1;0;0;;;;;0;1;0;0;0
13/10/2013;06:35:00;17;com vitima;122;BR-392/RS;Sul;Saida de Pista;1;0;1;0;0;0;;;;;2;0;1;0;0
14/10/2013;09:42:00;29;com vitima;552,4;BR-116/RS;Norte;Tombamento;1;0;0;1;0;0;;;;;1;0;1;0;0
16/10/2013;08:13:00;20;com vitima;432;BR-116/RS;Norte;Colisao Traseira;2;0;0;0;0;0;;;;;4;1;1;0;0
16/10/2013;12:07:00;36;sem vitima;539,6;BR-116/RS;Sul;Colisao Traseira;2;0;0;0;0;0;;;;;6;0;0;0;0
17/10/2013;13:54:00;59;com vitima;19,9;BR-392/RS;Sul;Colisao Traseira;0;0;1;0;0;0;;;;;0;2;0;0;0
17/10/2013;18:50:00;77;com vitima;526,3;BR-116/RS;Sul;Colisao Traseira;0;0;0;1;0;0;;;;;0;2;0;0;0
18/10/2013;23:15:00;106;com vitima;440,7;BR-116/RS;Norte;Colisao Frontal;0;0;1;0;1;0;;;;;1;1;0;0;0
18/10/2013;05:20:00;15;sem vitima;83,7;BR-293/RS;Norte;Abalr.Sentido Oposto;1;0;0;0;0;0;;;;;1;0;0;0;0
18/10/2013;15:44:00;67;com vitima;177,6;BR-392/RS;Sul;Saida de Pista;0;0;0;1;0;0;;;;;0;1;0;0;0
19/10/2013;22:13:00;110;sem vitima;427;BR-116/RS;Norte;Atropelamento;0;0;1;0;0;0;;;;;1;0;0;0;0
19/10/2013;23:38:00;114;com vitima;514,4;BR-116/RS;Sul;Abalr.Transversal;1;0;0;0;0;0;;;;;1;1;0;0;0
19/10/2013;13:24:00;55;sem vitima;64,9;BR-392/RS;Norte;Saida de Pista;1;0;1;0;0;0;;;;;2;0;0;0;0
20/10/2013;20:24:00;88;sem vitima;117;BR-392/RS;Norte;Tombamento;0;0;1;0;0;0;;;;;3;0;0;0;0
21/10/2013;04:52:00;10;sem vitima;504,2;BR-116/RS;Norte;Saida de Pista;0;0;1;0;0;0;;;;;1;0;0;0;0
21/10/2013;06:43:00;14;sem vitima;79,9;BR-392/RS;Sul;Saida de Pista;0;0;2;0;0;0;;;;;4;0;0;0;0
21/10/2013;16:36:00;51;com vitima;90,4;BR-392/RS;Norte;Saida de Pista;2;0;2;0;0;0;;;;;2;1;1;0;0
23/10/2013;13:53:00;41;com vitima;91,3;BR-392/RS;Norte;Saida de Pista;1;0;0;0;0;0;;;;;0;0;1;1;0
24/10/2013;19:51:00;99;sem vitima;44,9;BR-392/RS;Norte;Abalr.Mesmo Sentido;1;0;2;0;0;0;;;;;4;0;0;0;0
25/10/2013;01:21:00;5;com vitima;120,9;BR-293/RS;Norte;Saida de Pista;2;0;0;0;0;0;;;;;0;1;2;0;0
25/10/2013;20:17:00;95;com vitima;67,2;BR-392/RS;Sul;Abalr.Transversal;1;0;0;0;0;0;;;;;0;2;0;0;0
25/10/2013;06:15:00;14;com vitima;530,6;BR-116/RS;Norte;Outros tipos de acidente;1;0;0;1;0;0;;;;;0;3;1;0;1
26/10/2013;11:38:00;32;com vitima;108,3;BR-293/RS;Norte;Abalr.Transversal;1;0;0;0;1;0;;;;;2;1;0;0;0
28/10/2013;10:28:00;21;com vitima;410,1;BR-116/RS;Sul;Abalr.Mesmo Sentido;1;0;0;0;0;0;;;;;1;4;0;0;0
28/10/2013;19:38:00;70;com vitima;410,9;BR-116/RS;Sul;Abalr.Mesmo Sentido;1;0;1;0;0;0;;;;;1;1;1;0;0
28/10/2013;18:17:00;57;sem vitima;421,9;BR-116/RS;Sul;Colisao Traseira;2;0;0;0;0;0;;;;;5;0;0;0;0
29/10/2013;22:45:00;103;com vitima;13,4;BR-293/RS;Norte;Abalr.Transversal;1;0;0;1;0;0;;;;;2;0;0;1;0
29/10/2013;16:16:00;74;com vitima;421,9;BR-116/RS;Sul;Atropelamento;0;0;0;1;0;0;;;;;0;2;0;0;0
29/10/2013;16:39:00;76;sem vitima;42,5;BR-392/RS;Norte;Abalr.Mesmo Sentido;2;0;0;0;0;0;;;;;5;0;0;0;0
30/10/2013;11:24:00;30;com vitima;511,1;BR-116/RS;Norte;Colisao Traseira;0;0;0;1;0;0;;;;;1;1;0;0;0
31/10/2013;03:16:00;4;com vitima;433,4;BR-116/RS;Norte;Saida de Pista;1;0;0;0;0;0;;;;;0;3;0;1;0
31/10/2013;15:39:00;63;sem vitima;506,8;BR-116/RS;Norte;Colisao Traseira;1;0;0;0;0;0;;;;;4;0;0;0;0