data;horario;n_da_ocorrencia;tipo_de_ocorrencia;km;trecho;sentido;tipo_de_acidente;automovel;bicicleta;caminhao;moto;onibus;outros;tracao_animal;transporte_de_cargas_especiais;trator_maquinas;utilitarios;ilesos;levemente_feridos;moderadamente_feridos;gravemente_feridos;mortos
31/10/2013;20:29:00;89;sem vitima;513,9;BR-116/RS;Sul;Abalr.Transversal;3;0;0;0;0;0;;;;;9;0;0;0;0
01/11/2013;10:49:00;41;sem vitima;447,4;BR-116/RS;Norte;Abalr.Mesmo Sentido;2;0;0;0;0;0;;;;;7;0;0;0;0
01/11/2013;14:59:00;73;sem vitima;498,6;BR-116/RS;Sul;Abalr.Transversal;1;0;0;0;0;0;;;;;1;0;0;0;0
01/11/2013;13:55:00;63;sem vitima;562,1;BR-116/RS;Norte;Colisao Traseira;1;0;0;0;0;0;;;;;3;0;0;0;0
02/11/2013;20:26:00;84;sem vitima;427,5;BR-116/RS;Sul;Abalr.Transversal;2;0;0;0;0;0;;;;;3;0;0;0;0
02/11/2013;20:12:00;83;sem vitima;483,4;BR-116/RS;Norte;Saida de Pista;2;0;0;0;0;0;;;;;2;0;0;0;0
02/11/2013;20:48:00;86;com vitima;62;BR-293/RS;Norte;Abalr.Transversal;1;1;0;0;0;0;;;;;4;1;0;0;0
02/11/2013;14:17:00;51;sem vitima;67;BR-392/RS;Sul;Abalr.Transversal;1;0;0;0;0;0;;;;;1;0;0;0;0
03/11/2013;16:52:00;48;sem vitima;42,6;BR-392/RS;Sul;Colisao Traseira;1;0;0;0;0;0;;;;;3;0;0;0;0
03/11/2013;16:59:00;50;sem vitima;165;BR-293/RS;Norte;Saida de Pista;1;0;0;0;0;0;;;;;1;0;0;0;0
03/11/2013;19:03:00;62;com vitima;99;BR-392/RS;Sul;Colisao Traseira;3;0;0;0;0;0;;;;;8;0;1;0;0
04/11/2013;22:04:00;94;sem vitima;31,1;BR-392/RS;Sul;Colisao com Objeto Fixo;2;0;0;0;0;0;;;;;2;0;0;0;0
04/11/2013;15:13:00;65;sem vitima;506,3;BR-116/RS;Norte;Colisao Traseira;1;0;0;0;0;0;;;;;1;0;0;0;0
04/11/2013;23:18:00;96;sem vitima;530,5;BR-116/RS;Sul;Atropelamento de Animal;1;0;0;0;0;0;;;;;1;0;0;0;0
05/11/2013;12:37:00;44;sem vitima;17,6;BR-392/RS;Norte;Abalr.Mesmo Sentido;1;0;0;0;0;0;;;;;4;0;0;0;0
05/11/2013;04:06:00;9;sem vitima;579,7;BR-116/RS;Norte;Saida de Pista;1;0;0;0;0;0;;;;;2;0;0;0;0
07/11/2013;08:12:00;19;sem vitima;417,4;BR-116/RS;Sul;Colisao Traseira;2;0;0;0;0;0;;;;;3;0;0;0;0
07/11/2013;00:49:00;6;sem vitima;74,9;BR-392/RS;Sul;Saida de Pista;1;0;0;1;0;0;;;;;3;0;0;0;0
07/11/2013;17:20:00;66;sem vitima;525,1;BR-116/RS;Norte;Colisao Traseira;1;0;0;0;0;0;;;;;1;0;0;0;0
08/11/2013;21:46:00;121;com vitima;473,3;BR-116/RS;Sul;Abalr.Transversal;1;0;0;0;0;0;;;;;0;4;0;0;0
08/11/2013;09:47:00;35;com vitima;506,6;BR-116/RS;Sul;Outros Tipos de Acidente;0;0;0;1;0;0;;;;;0;2;0;0;0
08/11/2013;00:57:00;7;com vitima;523;BR-116/RS;Norte;Abalr.Mesmo Sentido;1;0;0;0;0;0;;;;;0;3;0;1;0
09/11/2013;17:53:00;73;sem vitima;0,8;BR-392/RS;Norte;Abalr.Transversal;2;0;0;0;0;0;;;;;8;0;0;0;0
09/11/2013;07:09:00;22;com vitima;67;BR-392/RS;Sul;Abalr.Transversal;0;0;0;1;0;0;;;;;0;1;1;0;0
09/11/2013;14:12:00;54;sem vitima;529,1;BR-116/RS;Sul;Colisao Traseira;3;0;0;0;0;0;;;;;9;0;0;0;0
10/11/2013;20:10:00;65;sem vitima;2,4;BR-604/RS;Sul;Colisao Traseira;2;0;0;0;0;0;;;;;3;0;0;0;0
10/11/2013;01:45:00;4;sem vitima;99,5;BR-392/RS;Norte;Saida de Pista;1;0;0;0;0;0;;;;;1;0;0;0;0
10/11/2013;14:19:00;28;sem vitima;193,2;BR-392/RS;Norte;Saida de Pista;1;0;0;0;0;0;;;;;2;0;0;0;0
10/11/2013;21:04:00;72;sem vitima;655,6;BR-116/RS;Sul;Capotamento;1;0;1;0;0;0;;;;;2;0;0;0;0
11/11/2013;09:58:00;29;sem vitima;475,1;BR-116/RS;Sul;Colisao Frontal;2;0;0;0;0;0;;;;;5;0;0;0;0
11/11/2013;07:24:00;17;sem vitima;43,9;BR-293/RS;Norte;Saida de Pista;2;0;0;0;0;0;;;;;4;0;0;0;0
11/11/2013;06:51:00;13;sem vitima;504,3;BR-116/RS;Sul;Saida de Pista;1;0;0;0;0;0;;;;;4;0;0;0;0
11/11/2013;14:30:00;40;sem vitima;66,9;BR-392/RS;Norte;Abalr.Transversal;2;0;0;0;0;0;;;;;3;0;0;0;0
11/11/2013;08:12:00;20;com vitima;84,9;BR-392/RS;Norte;Saida de Pista;0;1;0;1;0;0;;;;;1;1;0;0;0
11/11/2013;14:54:00;41;com vitima;600,3;BR-116/RS;Sul;Saida de Pista;1;0;0;0;0;0;;;;;2;0;1;0;0
12/11/2013;13:49:00;46;sem vitima;400,6;BR-116/RS;Norte;Saida de Pista;1;0;0;0;0;0;;;;;1;0;0;0;0
12/11/2013;23:52:00;97;com vitima;77,6;BR-293/RS;Norte;Abalr.Transversal;0;0;0;1;0;0;;;;;0;0;0;1;0
13/11/2013;21:22:00;90;com vitima;612,5;BR-116/RS;Norte;Colisao Traseira;2;0;0;0;0;0;;;;;2;0;1;0;0
14/11/2013;08:41:00;34;com vitima;2,6;BR-392/RS;Sul;Colisao com Objeto Fixo;1;0;0;0;0;0;;;;;0;4;1;0;0
14/11/2013;15:59:00;80;sem vitima;12,7;BR-293/RS;Norte;Abalr.Sentido Oposto;2;0;0;0;0;0;;;;;2;0;0;0;0
14/11/2013;22:50:00;133;com vitima;469,7;BR-116/RS;Norte;Atropelamento de Animal;0;0;1;1;0;0;;;;;2;1;0;0;0
14/11/2013;21:56:00;129;com vitima;487,5;BR-116/RS;Norte;Outros Tipos de Acidente;1;0;1;0;0;0;;;;;1;1;1;0;0
15/11/2013;16:39:00;69;sem vitima;32,1;BR-392/RS;Sul;Saida de Pista;0;0;1;0;0;0;;;;;1;0;0;0;0
15/11/2013;09:57:00;30;sem vitima;500,8;BR-116/RS;Sul;Colisao Traseira;1;0;0;0;0;0;;;;;1;0;0;0;0
15/11/2013;17:15:00;72;com vitima;59,7;BR-392/RS;Norte;Saida de Pista;0;0;0;0;0;1;;;;;1;0;0;0;1
15/11/2013;05:14:00;14;sem vitima;99,5;BR-392/RS;Norte;Saida de Pista;0;0;1;0;0;0;;;;;1;0;0;0;0
16/11/2013;10:10:00;19;sem vitima;14,9;BR-293/RS;Norte;Abalr.Transversal;1;0;0;0;0;0;;;;;1;0;0;0;0
16/11/2013;20:31:00;58;sem vitima;16,5;BR-392/RS;Sul;Tombamento;1;0;0;0;0;0;;;;;2;0;0;0;0
16/11/2013;09:38:00;18;sem vitima;24,5;BR-392/RS;Norte;Abalr.Transversal;1;0;0;0;0;0;;;;;3;0;0;0;0
16/11/2013;07:09:00;10;sem vitima;48,8;BR-392/RS;Norte;Saida de Pista;1;0;0;0;0;0;;;;;1;0;0;0;0
17/11/2013;17:10:00;55;sem vitima;8,8;BR-392/RS;Sul;Colisao Traseira;1;0;0;0;0;0;;;;;2;0;0;0;0
17/11/2013;17:36:00;58;com vitima;523,5;BR-116/RS;Norte;Colisao Traseira;1;0;1;0;0;0;;;;;1;0;2;0;0
18/11/2013;17:45:00;82;sem vitima;510,5;BR-116/RS;Norte;Colisao Traseira;2;0;0;0;0;0;;;;;4;0;0;0;0
18/11/2013;18:28:00;86;com vitima;518,5;BR-116/RS;Norte;Colisao Traseira;0;0;1;0;0;0;1;;;;1;2;1;0;0
19/11/2013;07:17:00;15;com vitima;4,5;BR-392/RS;Sul;Outros Tipos de Acidente;0;0;0;1;0;0;;;;;0;2;0;0;0
19/11/2013;17:58:00;63;com vitima;428,8;BR-116/RS;Sul;Abalr.Transversal;0;0;0;1;0;0;;;;;0;1;0;0;0
20/11/2013;18:05:00;58;com vitima;8,1;BR-392/RS;Norte;Colisao Traseira;1;0;0;0;0;0;;;;;0;2;0;0;0
20/11/2013;14:39:00;48;com vitima;67;BR-392/RS;Sul;Abalr.Transversal;1;0;0;0;0;0;;;;;0;1;0;0;0
21/11/2013;01:40:00;7;com vitima;11,8;BR-293/RS;Norte;Atropelamento de Animal;0;0;1;1;0;0;;;;;1;0;0;1;0
21/11/2013;10:19:00;33;sem vitima;157;BR-392/RS;Sul;Saida de Pista;2;0;0;0;0;0;;;;;2;0;0;0;0
21/11/2013;16:06:00;63;sem vitima;199,9;BR-392/RS;Norte;Abalr.Transversal;1;0;0;1;0;0;;;;;2;0;0;0;0
22/11/2013;06:56:00;20;com vitima;6;BR-392/RS;Sul;Abalr.Transversal;1;0;1;0;0;0;;;;;0;0;2;0;0
22/11/2013;21:33:00;92;sem vitima;456,9;BR-116/RS;Sul;Abalr.Mesmo Sentido;2;0;0;0;0;0;;;;;3;0;0;0;0
23/11/2013;07:08:00;14;sem vitima;56,3;BR-392/RS;Sul;Saida de Pista;3;0;0;0;0;0;;;;;3;0;0;0;0
23/11/2013;07:19:00;16;sem vitima;93,9;BR-293/RS;Norte;Colisao Frontal;2;0;0;0;0;0;;;;;2;0;0;0;0
24/11/2013;21:27:00;93;com vitima;11,6;BR-293/RS;Norte;Tombamento;0;0;1;1;0;0;;;;;2;1;0;0;0
24/11/2013;23:11:00;105;sem vitima;409,3;BR-116/RS;Norte;Abalr.Mesmo Sentido;1;0;1;0;0;0;;;;;4;0;0;0;0
24/11/2013;15:37:00;51;sem vitima;21,1;BR-392/RS;Sul;Colisao Traseira;1;0;0;0;0;0;1;;;;3;0;0;0;0
24/11/2013;09:22:00;17;sem vitima;88,4;BR-392/RS;Norte;Abalr.Transversal;1;0;0;0;0;0;;;;;4;0;0;0;0
25/11/2013;23:10:00;83;sem vitima;510,4;BR-116/RS;Norte;Abalr.Mesmo Sentido;1;0;0;0;0;0;;;;;2;0;0;0;0
25/11/2013;16:06:00;47;sem vitima;75,6;BR-392/RS;Sul;Abalr.Mesmo Sentido;2;0;0;0;0;0;;;;;2;0;0;0;0
25/11/2013;21:04:00;76;sem vitima;147,7;BR-293/RS;Norte;Tombamento;1;0;0;0;0;0;;;;;3;0;0;0;0
26/11/2013;17:04:00;66;com vitima;16,1;BR-392/RS;Sul;Abalr.Mesmo Sentido;2;0;0;0;0;0;;;;;0;2;0;1;0
26/11/2013;16:48:00;62;com vitima;518,6;BR-116/RS;Norte;Colisao Traseira;1;0;0;1;0;0;;;;;4;0;0;2;0
27/11/2013;17:37:00;47;com vitima;437,8;BR-116/RS;Norte;Outros Tipos de Acidente;2;0;0;0;0;0;;;;;1;0;2;0;0
27/11/2013;21:39:00;71;com vitima;43,9;BR-293/RS;Norte;Abalr.Sentido Oposto;1;0;0;1;0;0;;;;;4;0;1;1;0
28/11/2013;22:47:00;96;sem vitima;39,4;BR-392/RS;Sul;Atropelamento de Animal;1;0;0;0;0;0;;;;;2;0;0;0;0
28/11/2013;21:39:00;92;sem vitima;42;BR-392/RS;Norte;Abalr.Transversal;2;0;0;0;0;0;;;;;5;0;0;0;0
29/11/2013;18:05:00;75;sem vitima;3,9;BR-392/RS;Sul;Colisao Traseira;2;0;0;0;0;0;;;;;2;0;0;0;0
29/11/2013;12:23:00;42;com vitima;497,8;BR-116/RS;Norte;Colisao Traseira;1;0;1;0;0;0;;;;;3;2;1;0;0
29/11/2013;07:32:00;22;com vitima;519;BR-116/RS;Norte;Abalr.Transversal;1;0;0;0;0;0;;;;;2;2;0;0;0
29/11/2013;09:20:00;26;com vitima;523,5;BR-116/RS;Norte;Colisao Traseira;0;0;0;1;0;0;;;;;0;1;0;0;0
29/11/2013;13:47:00;53;sem vitima;597,1;BR-116/RS;Sul;Saida de Pista;1;0;0;0;0;0;;;;;1;0;0;0;0
30/11/2013;00:22:00;3;sem vitima;2,3;BR-604/RS;Sul;Abalr.Transversal;0;0;1;0;0;0;;;;;1;0;0;0;0
30/11/2013;09:59:00;23;com vitima;566,6;BR-116/RS;Sul;Saida de Pista;1;0;0;1;0;0;;;;;1;2;0;0;0
30/11/2013;03:00:00;9;com vitima;581,4;BR-116/RS;Sul;Atropelamento de Animal;2;0;0;1;0;0;;;;;2;1;0;0;0
30/11/2013;17:38:00;81;sem vitima;182;BR-392/RS;Sul;Saida de Pista;0;0;1;0;0;0;;;;;1;0;0;0;0
02/12/2013;11:55:00;38;sem vitima;8,7;BR-392/RS;Sul;Abalr.Transversal;1;0;0;0;0;0;;;;;2;0;0;0;0
02/12/2013;11:25:00;36;com vitima;480,9;BR-116/RS;Norte;Colisao Traseira;1;0;0;0;0;0;;;;;1;2;0;0;0
02/12/2013;17:23:00;64;sem vitima;33,5;BR-392/RS;Sul;Tombamento;1;0;1;0;0;0;;;;;2;0;0;0;0
02/12/2013;20:20:00;86;com vitima;485,7;BR-116/RS;Norte;Abalr.Transversal;1;0;0;2;0;0;;;;;4;0;0;0;1
02/12/2013;07:06:00;15;sem vitima;529,2;BR-116/RS;Sul;Atropelamento;1;0;0;0;0;0;;;;;1;0;0;0;0
03/12/2013;14:55:00;58;com vitima;492,1;BR-116/RS;Norte;Colisao Traseira;0;0;0;1;0;0;;;;;0;1;0;0;0
03/12/2013;04:48:00;9;com vitima;506;BR-116/RS;Norte;Outros tipos de acidente;0;0;0;1;1;0;;;;;6;0;1;1;0
03/12/2013;19:52:00;85;sem vitima;628,6;BR-116/RS;Norte;Saida de Pista;1;0;0;0;0;0;;;;;3;0;0;0;0
04/12/2013;01:47:00;16;com vitima;7,8;BR-392/RS;Norte;Colisao Frontal;1;0;0;1;0;0;;;;;1;1;0;0;0
04/12/2013;20:53:00;99;com vitima;43,2;BR-392/RS;Sul;Outros tipos de acidente;1;0;1;0;0;0;;;;;3;1;0;0;0
04/12/2013;11:56:00;50;com vitima;578;BR-116/RS;Sul;Colisao Frontal;1;0;0;0;0;1;;;;;1;1;0;0;0
05/12/2013;20:46:00;100;com vitima;454,8;BR-116/RS;Norte;Abalr.Transversal;1;0;0;0;0;0;;;;;0;1;0;0;0
05/12/2013;05:35:00;13;com vitima;102;BR-392/RS;Sul;Saida de Pista;0;1;0;0;1;0;;;;;1;1;0;0;0
05/12/2013;16:09:00;67;sem vitima;613,1;BR-116/RS;Norte;Abalr.Transversal;1;0;0;0;0;0;;;;;2;0;0;0;0
06/12/2013;13:22:00;63;sem vitima;17,1;BR-392/RS;Sul;Abalr.Mesmo Sentido;1;0;0;0;1;0;;;;;37;0;0;0;0
06/12/2013;16:18:00;73;sem vitima;456,7;BR-116/RS;Sul;Abalr.Mesmo Sentido;1;0;0;0;0;0;;;;;3;0;0;0;0
06/12/2013;09:51:00;45;sem vitima;27,6;BR-392/RS;Norte;Abalr.Transversal;2;0;0;0;0;0;;;;;5;0;0;0;0
06/12/2013;09:06:00;36;com vitima;45,5;BR-392/RS;Norte;Colisao Traseira;1;0;0;1;0;0;;;;;1;1;0;0;0
06/12/2013;17:04:00;77;com vitima;66,8;BR-392/RS;Norte;Abalr.Transversal;1;0;0;0;0;0;;;;;1;0;1;0;1
06/12/2013;07:52:00;29;com vitima;525,6;BR-116/RS;Sul;Outros tipos de acidente;2;0;0;0;0;0;;;;;2;3;1;0;0
07/12/2013;20:43:00;97;sem vitima;66,9;BR-392/RS;Sul;Abalr.Transversal;2;0;0;0;0;0;;;;;5;0;0;0;0
08/12/2013;15:51:00;70;com vitima;17,9;BR-392/RS;Sul;Capotamento;0;0;0;1;0;0;;;;;0;0;0;0;1
08/12/2013;04:21:00;13;com vitima;22,9;BR-392/RS;Norte;Atropelamento de Animal;1;0;0;0;0;0;;;;;0;1;1;0;0
08/12/2013;15:05:00;59;com vitima;24,1;BR-392/RS;Norte;Abalr.Transversal;0;0;1;0;0;0;;;;;0;1;1;0;0
08/12/2013;03:39:00;11;com vitima;473;BR-116/RS;Sul;Saida de Pista;0;0;0;1;0;0;;;;;0;2;0;0;0
08/12/2013;08:33:00;26;com vitima;31,1;BR-392/RS;Sul;Colisao Traseira;1;0;1;0;0;0;;;;;1;0;2;3;0
08/12/2013;07:00:00;20;com vitima;522,5;BR-116/RS;Sul;Colisao com Objeto Fixo;1;0;0;0;0;0;;;;;0;3;0;0;0
08/12/2013;20:35:00;109;sem vitima;4,9;BR-604/RS;Sul;Abalr.Transversal;0;0;2;0;0;0;;;;;2;0;0;0;0
09/12/2013;14:37:00;53;com vitima;15,6;BR-293/RS;Norte;Colisao Traseira;0;0;1;0;0;1;;;;;2;1;0;0;0
09/12/2013;17:05:00;62;sem vitima;510,2;BR-116/RS;Sul;Colisao com Objeto Fixo;1;0;0;0;0;0;;;;;1;0;0;0;0
09/12/2013;16:03:00;60;com vitima;158,2;BR-392/RS;Sul;Saida de Pista;1;0;0;0;0;0;;;;;0;3;0;0;0
10/12/2013;02:58:00;3;sem vitima;99,7;BR-293/RS;Norte;Saida de Pista;3;0;0;0;0;0;;;;;6;0;0;0;0
10/12/2013;08:45:00;22;sem vitima;101,9;BR-392/RS;Sul;Saida de Pista;0;0;0;1;0;0;;;;;1;0;0;0;0
11/12/2013;20:15:00;101;sem vitima;501,7;BR-116/RS;Norte;Saida de Pista;0;0;1;0;0;1;;;;;2;0;0;0;0
12/12/2013;07:54:00;32;com vitima;26,6;BR-293/RS;Norte;Saida de Pista;0;0;0;2;0;0;;;;;2;0;1;0;0
12/12/2013;17:22:00;87;com vitima;35,6;BR-293/RS;Norte;Colisao com Objeto Fixo;1;0;0;0;0;0;;;;;0;1;0;0;0
12/12/2013;07:05:00;29;sem vitima;33,8;BR-392/RS;Sul;Tombamento;0;0;0;1;0;0;;;;;1;0;0;0;0
12/12/2013;00:13:00;4;com vitima;2;BR-604/RS;Sul;Abalr.Transversal;1;1;0;0;0;0;;;;;2;1;0;0;0
12/12/2013;14:01:00;63;sem vitima;611,3;BR-116/RS;Norte;Saida de Pista;2;0;0;0;0;0;;;;;2;0;0;0;0
13/12/2013;02:51:00;12;sem vitima;528,5;BR-116/RS;Sul;Atropelamento de Animal;2;0;0;0;0;0;;;;;5;0;0;0;0
14/12/2013;05:12:00;13;com vitima;7,2;BR-392/RS;Sul;Colisao Traseira;1;0;0;0;0;0;;;;;1;1;0;0;0
14/12/2013;22:15:00;108;com vitima;468,3;BR-116/RS;Norte;Saida de Pista;0;0;0;1;0;0;;;;;0;0;1;0;0
15/12/2013;18:13:00;84;sem vitima;2,2;BR-392/RS;Sul;Abalr.Transversal;1;0;0;0;0;0;;;;;1;0;0;0;0
16/12/2013;05:28:00;10;com vitima;482,6;BR-116/RS;Sul;Saida de Pista;1;0;1;0;0;0;;;;;2;2;0;0;0
16/12/2013;14:39:00;69;com vitima;482,6;BR-116/RS;Sul;Colisao Traseira;2;0;0;0;0;0;;;;;4;3;2;0;0
16/12/2013;05:30:00;11;com vitima;529,5;BR-116/RS;Sul;Saida de Pista;0;0;0;1;0;0;;;;;0;0;2;0;0
17/12/2013;19:06:00;81;sem vitima;17,8;BR-392/RS;Norte;Abalr.Transversal;1;0;0;0;0;0;;;;;3;0;0;0;0
17/12/2013;23:35:00;107;sem vitima;29;BR-293/RS;Norte;Atropelamento de Animal;0;0;1;0;0;0;;;;;1;0;0;0;0
17/12/2013;09:59:00;22;sem vitima;34,2;BR-293/RS;Norte;Saida de Pista;1;0;0;0;0;0;;;;;1;0;0;0;0
17/12/2013;17:27:00;70;sem vitima;494,1;BR-116/RS;Sul;Colisao Traseira;2;0;0;0;0;0;;;;;5;0;0;0;0
17/12/2013;10:50:00;31;com vitima;54,8;BR-392/RS;Sul;Saida de Pista;1;0;0;0;0;0;;;;;6;0;0;0;1
17/12/2013;16:03:00;59;sem vitima;75,5;BR-392/RS;Norte;Colisao Traseira;1;0;0;0;0;0;;;;;1;0;0;0;0
18/12/2013;11:13:00;34;com vitima;469,1;BR-116/RS;Sul;Abalr.Mesmo Sentido;2;0;0;0;0;0;;;;;1;1;0;0;0
18/12/2013;06:52:00;7;sem vitima;470,7;BR-116/RS;Norte;Colisao Traseira;2;0;0;0;;0;;;;;2;0;0;0;0
18/12/2013;19:50:00;82;sem vitima;67;BR-392/RS;Sul;Abalr.Transversal;1;0;0;0;0;0;;;;;1;0;0;0;0
19/12/2013;13:58:00;62;sem vitima;557,2;BR-116/RS;Sul;Abalr.Mesmo Sentido;1;0;0;0;0;0;;;;;1;0;0;0;0
20/12/2013;23:43:00;120;com vitima;4;BR-392/RS;Sul;Colisao Traseira;0;0;0;1;0;0;;;;;0;1;0;0;0
20/12/2013;13:36:00;64;sem vitima;490,5;BR-116/RS;Norte;Saida de Pista;1;0;0;0;0;0;;;;;1;0;0;0;0
20/12/2013;16:02:00;80;com vitima;517,3;BR-116/RS;Sul;Colisao Traseira;0;0;0;1;0;0;;;;;0;2;0;0;0
20/12/2013;11:53:00;52;sem vitima;95,9;BR-392/RS;Norte;Abalr.Mesmo Sentido;1;0;0;0;0;0;;;;;4;0;0;0;0
21/12/2013;17:26:00;73;com vitima;14,9;BR-293/RS;Norte;Abalr.Transversal;1;1;0;0;0;0;;;;;1;0;1;0;0
21/12/2013;23:57:00;111;sem vitima;36,7;BR-293/RS;Norte;Saida de Pista;1;0;1;0;0;0;;;;;2;0;0;0;0
22/12/2013;10:13:00;33;sem vitima;633,6;BR-116/RS;Sul;Atropelamento de Animal;1;0;0;0;0;0;;;;;1;0;0;0;0
23/12/2013;17:55:00;72;sem vitima;425;BR-116/RS;Sul;Abalr.Transversal;1;0;0;0;0;0;;;;;1;0;0;0;0
23/12/2013;13:10:00;53;com vitima;67;BR-392/RS;Norte;Abalr.Transversal;1;0;0;0;0;0;;;;;0;2;0;0;0
24/12/2013;14:07:00;43;com vitima;466,7;BR-116/RS;Norte;Saida de Pista;1;0;0;1;0;0;;;;;4;2;0;0;0
24/12/2013;09:12:00;23;sem vitima;511,5;BR-116/RS;Norte;Colisao Traseira;1;0;0;0;0;0;;;;;2;0;0;0;0
24/12/2013;12:52:00;36;com vitima;77,9;BR-392/RS;Sul;Tombamento;0;0;1;0;0;0;;;;;0;0;2;0;0
25/12/2013;12:15:00;30;sem vitima;17,3;BR-392/RS;Sul;Colisao Traseira;1;0;0;0;1;0;;;;;22;0;0;0;0
26/12/2013;22:29:00;111;sem vitima;460,4;BR-116/RS;Norte;Abalr.Mesmo Sentido;2;0;0;0;0;0;;;;;5;0;0;0;0
26/12/2013;10:32:00;27;com vitima;2,1;BR-604/RS;Sul;Outros tipos de acidente;1;0;0;0;0;0;;;;;0;1;0;0;0
26/12/2013;01:34:00;4;sem vitima;97,2;BR-392/RS;Norte;Saida de Pista;1;0;0;0;1;0;;;;;41;0;0;0;0
27/12/2013;08:30:00;19;sem vitima;523,9;BR-116/RS;Sul;Abalr.Transversal;1;0;0;0;0;0;;;;;4;0;0;0;0
27/12/2013;18:01:00;71;com vitima;101,8;BR-392/RS;Sul;Saida de Pista;2;0;0;0;0;0;;;;;0;5;0;0;0
27/12/2013;21:38:00;87;com vitima;552;BR-116/RS;Sul;Saida de Pista;0;0;1;0;0;0;;;;;0;1;0;0;0
28/12/2013;18:13:00;70;com vitima;16;BR-293/RS;Norte;Colisao Traseira;0;0;0;1;0;0;;;;;0;0;1;0;0
28/12/2013;08:21:00;18;sem vitima;129;BR-293/RS;Norte;Colisao Traseira;1;0;0;0;0;0;;;;;2;0;0;0;0
29/12/2013;15:20:00;56;sem vitima;412;BR-116/RS;Sul;Saida de Pista;1;0;0;0;0;0;;;;;1;0;0;0;0
29/12/2013;08:22:00;22;sem vitima;44;BR-293/RS;Norte;Saida de Pista;1;0;0;0;0;0;;;;;1;0;0;0;0
29/12/2013;19:01:00;94;com vitima;2,4;BR-604/RS;Sul;Abalr.Transversal;0;0;0;1;0;0;;;;;0;1;0;0;0
29/12/2013;18:24:00;90;com vitima;76,2;BR-392/RS;Sul;Colisao Traseira;1;0;0;1;0;0;;;;;2;0;1;0;0
29/12/2013;18:05:00;87;com vitima;76,4;BR-392/RS;Sul;Colisao Traseira;0;0;1;0;0;0;1;;;;1;0;0;1;1
30/12/2013;03:19:00;9;sem vitima;66,9;BR-392/RS;Sul;Saida de Pista;2;0;0;0;0;0;;;;;3;0;0;0;0
31/12/2013;09:08:00;30;com vitima;424,6;BR-116/RS;Sul;Saida de Pista;1;0;0;0;0;0;;;;;0;0;1;0;0
31/12/2013;21:58:00;102;sem vitima;427,3;BR-116/RS;Sul;Abalr.Transversal;0;0;1;0;0;0;;;;;1;0;0;0;0
31/12/2013;09:54:00;36;com vitima;57,3;BR-392/RS;Sul;Saida de Pista;0;0;1;0;0;0;;;;;0;3;0;0;0
31/12/2013;09:51:00;34;com vitima;121,6;BR-293/RS;Norte;Saida de Pista;1;0;0;0;0;0;;;;;0;1;0;0;0
01/01/2014;04:31:00;13;sem vitima;525,2;BR-116/RS;Norte;Colisao com Objeto Fixo;0;0;2;0;0;0;;;;;2;0;0;0;0
01/01/2014;14:53:00;40;com vitima;196;BR-392/RS;Sul;Saida de Pista;0;0;1;0;0;1;;;;;1;1;0;0;0
01/01/2014;23:06:00;103;sem vitima;36,9;BR-392/RS;Sul;Atropelamento de Animal;1;0;0;0;0;0;;;;;2;0;0;0;0
02/01/2014;07:35:00;15;sem vitima;125,1;BR-392/RS;Sul;Saida de Pista;1;0;0;0;0;0;;;;;2;0;0;0;0
02/01/2014;12:46:00;44;sem vitima;2,4;BR-392/RS;Norte;Abalr.Mesmo Sentido;1;0;0;0;0;0;;;;;1;0;0;0;0
02/01/2014;16:42:00;64;com vitima;497,9;BR-116/RS;Norte;Saida de Pista;0;0;1;0;0;0;;;;;1;1;0;0;0
02/01/2014;17:59:00;69;com vitima;107,7;BR-392/RS;Sul;Saida de Pista;0;0;0;1;0;0;;;;;0;0;1;0;0
02/01/2014;18:47:00;77;com vitima;460,6;BR-116/RS;Sul;Saida de Pista;1;0;0;0;0;0;;;;;0;2;0;0;0
03/01/2014;15:11:00;39;sem vitima;627,1;BR-116/RS;Norte;Saida de Pista;1;0;1;0;0;0;;;;;4;0;0;0;0
03/01/2014;19:49:00;73;com vitima;27,7;BR-392/RS;Norte;Colisao Frontal;1;0;0;0;0;0;1;;;;3;2;0;0;0
04/01/2014;10:06:00;36;com vitima;87,6;BR-392/RS;Sul;Abalr.Transversal;1;0;0;0;0;0;;;;;0;1;0;0;0
05/01/2014;05:52:00;11;sem vitima;6,5;BR-392/RS;Sul;Colisao com Objeto Fixo;1;0;0;1;0;0;;;;;4;0;0;0;0
05/01/2014;07:38:00;15;com vitima;66,9;BR-392/RS;Norte;Abalr.Transversal;2;0;0;0;0;0;;;;;2;1;0;0;0
05/01/2014;19:44:00;82;sem vitima;26,9;BR-392/RS;Sul;Colisao Traseira;0;0;1;0;1;0;;;;;51;0;0;0;0
07/01/2014;09:30:00;29;sem vitima;62,1;BR-392/RS;Sul;Colisao Traseira;1;0;0;0;0;0;;;;;1;0;0;0;0
07/01/2014;23:28:00;95;com vitima;441,1;BR-116/RS;Norte;Saida de Pista;0;0;1;0;0;0;;;;;0;1;0;0;0
08/01/2014;01:08:00;2;sem vitima;441,1;BR-116/RS;Norte;Saida de Pista;1;0;0;0;1;0;;;;;13;0;0;0;0