data;horario;n_da_ocorrencia;tipo_de_ocorrencia;km;trecho;sentido;tipo_de_acidente;automovel;bicicleta;caminhao;moto;onibus;outros;tracao_animal;transporte_de_cargas_especiais;trator_maquinas;utilitarios;ilesos;levemente_feridos;moderadamente_feridos;gravemente_feridos;mortos
08/01/2014;06:30:00;17;sem vitima;31,8;BR-392/RS;Sul;Saida de Pista;2;0;0;0;0;0;;;;;3;0;0;0;0
09/01/2014;20:38:00;93;sem vitima;1;BR-604/RS;Sul;Colisao Traseira;3;0;0;0;0;0;;;;;3;0;0;0;0
10/01/2014;10:30:00;26;sem vitima;89,2;BR-293/RS;Norte;Saida de Pista;0;0;0;1;0;0;;;;;1;0;0;0;0
10/01/2014;12:56:00;35;sem vitima;101,8;BR-392/RS;Sul;Saida de Pista;2;0;0;0;0;0;;;;;3;0;0;0;0
10/01/2014;13:55:00;37;com vitima;151;BR-392/RS;Norte;Saida de Pista;2;0;0;0;0;0;;;;;2;0;1;0;0
10/01/2014;16:53:00;53;sem vitima;422,6;BR-116/RS;Norte;Colisao Traseira;1;0;1;0;1;0;;;;;3;0;0;0;0
11/01/2014;09:50:00;24;com vitima;2,1;BR-604/RS;Sul;Saida de Pista;2;0;0;0;0;0;;;;;16;1;0;0;0
11/01/2014;14:07:00;50;com vitima;471,9;BR-116/RS;Sul;Colisao Traseira;1;0;0;0;0;0;;;;;0;1;0;0;0
11/01/2014;16:55:00;59;com vitima;428;BR-116/RS;Sul;Colisao Traseira;1;0;0;0;0;0;;;;;0;0;1;0;0
11/01/2014;18:20:00;69;sem vitima;442;BR-116/RS;Sul;Saida de Pista;1;0;0;0;0;0;;;;;1;0;0;0;0
11/01/2014;19:44:00;76;sem vitima;427,5;BR-116/RS;Sul;Colisao Traseira;1;0;0;0;0;0;;;;;1;0;0;0;0
12/01/2014;06:53:00;8;sem vitima;516,9;BR-116/RS;Norte;Abalr.Transversal;1;0;0;0;0;0;;;;;1;0;0;0;0
12/01/2014;07:30:00;9;sem vitima;418,2;BR-116/RS;Sul;Saida de Pista;1;0;0;0;0;0;;;;;1;0;0;0;0
12/01/2014;12:28:00;32;sem vitima;66,5;BR-293/RS;Norte;Saida de Pista;1;0;0;0;0;0;;;;;5;0;0;0;0
12/01/2014;14:12:00;38;sem vitima;441,1;BR-116/RS;Norte;Tombamento;1;0;0;1;0;0;;;;;3;0;0;0;0
12/01/2014;15:15:00;42;sem vitima;65,2;BR-392/RS;Norte;Tombamento;1;0;0;0;0;0;;;;;1;0;0;0;0
13/01/2014;05:00:00;9;com vitima;103,3;BR-392/RS;Sul;Saida de Pista;1;0;1;0;0;0;;;;;2;0;1;0;0
13/01/2014;10:08:00;30;sem vitima;101,8;BR-392/RS;Sul;Colisao Traseira;2;0;0;0;0;0;;;;;4;0;0;0;0
13/01/2014;12:03:00;38;com vitima;441;BR-116/RS;Norte;Saida de Pista;1;0;0;1;0;0;;;;;1;1;1;0;0
13/01/2014;12:51:00;42;sem vitima;441;BR-116/RS;Norte;Abalr.Mesmo Sentido;1;0;0;0;0;0;;;;;1;0;0;0;0
13/01/2014;13:22:00;45;sem vitima;441;BR-116/RS;Norte;Saida de Pista;1;0;0;0;0;0;;;;;2;0;0;0;0
14/01/2014;17:26:00;66;sem vitima;49,2;BR-392/RS;Norte;Saida de Pista;1;0;0;0;0;0;;;;;4;0;0;0;0
14/01/2014;01:03:00;8;sem vitima;101,8;BR-392/RS;Sul;Saida de Pista;0;0;1;0;0;0;;;;;1;0;0;0;0
14/01/2014;08:22:00;23;com vitima;423,7;BR-116/RS;Norte;Colisao Traseira;0;0;1;1;0;0;;;;;1;0;0;1;0
14/01/2014;08:04:00;25;com vitima;423,7;BR-116/RS;Norte;Colisao Traseira;1;0;0;1;0;0;;;;;1;0;1;0;0
14/01/2014;10:03:00;33;sem vitima;423,7;BR-116/RS;Norte;Colisao Traseira;1;0;0;0;0;0;;;;;1;0;0;0;0
14/01/2014;12:17:00;47;com vitima;107,7;BR-392/RS;Norte;Colisao Traseira;2;0;0;0;0;0;;;;;2;0;1;1;0
14/01/2014;15:06:00;55;com vitima;516,9;BR-116/RS;Norte;Abalr.Transversal;1;0;0;0;0;0;;;;;0;0;1;0;0
14/01/2014;15:31:00;57;com vitima;530,5;BR-116/RS;Norte;Abalr.Transversal;0;0;0;1;0;0;;;;;0;1;1;0;0
14/01/2014;18:49:00;71;sem vitima;519,3;BR-116/RS;Norte;Abalr.Transversal;0;0;1;0;0;0;;;;;1;0;0;0;0
15/01/2014;08:14:00;16;sem vitima;8,9;BR-392/RS;Sul;Colisao Traseira;1;0;0;0;0;0;;;;;1;0;0;0;0
15/01/2014;08:46:00;18;sem vitima;112,5;BR-293/RS;Norte;Saida de Pista;1;0;1;0;0;0;;;;;4;0;0;0;0
15/01/2014;18:48:00;56;sem vitima;46,6;BR-392/RS;Norte;Tombamento;1;0;1;0;0;0;;;;;3;0;0;0;0
16/01/2014;03:18:00;13;com vitima;426,2;BR-116/RS;Norte;Atropelamento de Animal;1;0;1;0;0;0;;;;;1;0;1;0;0
16/01/2014;07:29:00;19;sem vitima;23,8;BR-392/RS;Sul;Colisao Traseira;2;0;1;0;0;0;;;;;5;0;0;0;0
16/01/2014;11:16:00;43;sem vitima;524,3;BR-116/RS;Norte;Abalr.Transversal;1;0;0;0;1;0;;;;;3;0;0;0;0
16/01/2014;23:53:00;114;com vitima;117,8;BR-392/RS;Norte;Tombamento;0;0;0;1;1;0;;;;;19;0;0;0;1
17/01/2014;07:40:00;18;com vitima;17,1;BR-392/RS;Sul;Saida de Pista;0;0;1;0;0;0;;;;;0;0;1;1;0
17/01/2014;11:46:00;36;sem vitima;526,8;BR-116/RS;Norte;Abalr.Transversal;1;0;0;0;0;0;;;;;1;0;0;0;0
17/01/2014;19:08:00;96;sem vitima;509,2;BR-116/RS;Norte;Colisao Traseira;2;0;0;0;0;0;;;;;3;0;0;0;0
17/01/2014;19:48:00;100;sem vitima;524,6;BR-116/RS;Sul;Atropelamento de Animal;1;0;0;0;0;0;;;;;3;0;0;0;0
18/01/2014;06:48:00;15;sem vitima;16,2;BR-392/RS;Sul;Tombamento;0;0;1;0;0;0;;;;;2;0;0;0;0
18/01/2014;19:45:00;101;sem vitima;160,4;BR-392/RS;Sul;Colisao com Objeto Fixo;1;0;0;1;0;0;;;;;2;0;0;0;0
19/01/2014;06:04:00;15;sem vitima;411,9;BR-116/RS;Sul;Saida de Pista;0;0;1;0;0;0;;;;;1;0;0;0;0
19/01/2014;17:00:00;72;sem vitima;495;BR-116/RS;Sul;Colisao Traseira;1;0;0;0;0;0;;;;;1;0;0;0;0
19/01/2014;17:46:00;81;sem vitima;639;BR-116/RS;Norte;Saida de Pista;0;0;1;0;0;0;;;;;1;0;0;0;0
19/01/2014;21:11:00;110;sem vitima;19,2;BR-392/RS;Norte;Colisao Traseira;1;0;1;0;0;0;;;;;2;0;0;0;0
19/01/2014;21:20:00;112;com vitima;27,6;BR-392/RS;Sul;Abalr.Transversal;0;0;1;1;0;0;;;;;1;2;0;0;0
19/01/2014;21:49:00;117;sem vitima;99,5;BR-392/RS;Norte;Saida de Pista;1;0;0;0;0;0;;;;;1;0;0;0;0
21/01/2014;01:37:00;4;sem vitima;150;BR-392/RS;Sul;Tombamento;1;0;0;0;0;0;;;;;3;0;0;0;0
21/01/2014;09:14:00;26;sem vitima;635,5;BR-116/RS;Sul;Colisao Traseira;0;0;1;0;0;0;;;;;1;0;0;0;0
21/01/2014;20:19:00;87;sem vitima;93,7;BR-392/RS;Sul;Saida de Pista;1;0;0;1;0;0;;;;;2;0;0;0;0
23/01/2014;09:30:00;28;com vitima;405,1;BR-116/RS;Norte;Colisao Traseira;1;0;1;2;0;0;;;;;3;2;0;1;0
23/01/2014;11:47:00;44;com vitima;451,4;BR-116/RS;Norte;Saida de Pista;0;0;0;1;0;0;;;;;0;1;0;0;0
23/01/2014;13:46:00;54;com vitima;99,5;BR-392/RS;Sul;Tombamento;1;0;0;0;0;0;;;;;0;1;0;0;0
24/01/2014;11:12:00;29;sem vitima;416,7;BR-116/RS;Norte;Tombamento;1;0;0;0;0;0;;;;;3;0;0;0;0
24/01/2014;18:09:00;68;com vitima;525,5;BR-116/RS;Sul;Colisao Traseira;1;0;0;0;0;0;;;;;0;1;0;0;0
25/01/2014;01:06:00;5;sem vitima;167,2;BR-392/RS;Norte;Saida de Pista;1;0;0;0;0;1;;;;;2;0;0;0;0
25/01/2014;08:47:00;16;sem vitima;633,4;BR-116/RS;Norte;Tombamento;1;0;0;0;0;1;;;;;4;0;0;0;0
25/01/2014;17:28:00;66;sem vitima;3,9;BR-392/RS;Sul;Colisao Traseira;2;0;0;0;0;0;;;;;2;0;0;0;0
26/01/2014;16:07:00;43;sem vitima;63,6;BR-293/RS;Norte;Saida de Pista;2;0;0;0;0;0;;;;;2;0;0;0;0
26/01/2014;16:44:00;48;sem vitima;12,1;BR-392/RS;Norte;Saida de Pista;0;0;1;0;0;0;;;;;1;0;0;0;0
26/01/2014;20:19:00;72;sem vitima;523,5;BR-116/RS;Norte;Abalr.Transversal;1;0;2;0;0;0;;;;;3;0;0;0;0
27/01/2014;00:12:00;2;sem vitima;514,8;BR-116/RS;Sul;Colisao Traseira;1;0;0;0;0;0;;;;;1;0;0;0;0
27/01/2014;15:28:00;63;sem vitima;525,9;BR-116/RS;Norte;Abalr.Transversal;1;0;0;0;0;0;;;;;3;0;0;0;0
27/01/2014;16:52:00;70;sem vitima;412,8;BR-116/RS;Sul;Abalr.Sentido Oposto;1;0;0;0;0;0;;;;;2;0;0;0;0
27/01/2014;18:38:00;79;com vitima;1;BR-604/RS;Sul;Colisao Traseira;0;0;0;1;0;0;;;;;0;1;0;0;0
28/01/2014;01:15:00;3;com vitima;99,5;BR-392/RS;Sul;Tombamento;0;0;1;1;0;0;;;;;1;1;1;0;0
28/01/2014;10:28:00;32;com vitima;81,5;BR-392/RS;Sul;Saida de Pista;1;0;0;0;0;0;;;;;0;1;0;0;0
28/01/2014;19:40:00;97;sem vitima;1;BR-604/RS;Sul;Abalr.Transversal;1;0;1;0;0;0;;;;;3;0;0;0;0
29/01/2014;10:43:00;32;sem vitima;625;BR-116/RS;Sul;Saida de Pista;1;0;0;0;0;0;;;;;5;0;0;0;0
29/01/2014;10:53:00;33;sem vitima;574,4;BR-116/RS;Sul;Saida de Pista;2;0;0;0;1;0;;;;;34;0;0;0;0
29/01/2014;15:11:00;58;sem vitima;442,8;BR-116/RS;Norte;Saida de Pista;0;0;1;0;0;0;;;;;1;0;0;0;0
29/01/2014;18:34:00;89;com vitima;72,1;BR-392/RS;Sul;Tombamento;0;0;0;1;0;0;1;;;;0;0;1;0;1
29/01/2014;19:44:00;95;com vitima;519,2;BR-116/RS;Norte;Abalr.Transversal;2;0;0;0;0;0;;;;;5;2;0;0;0
30/01/2014;03:31:00;11;sem vitima;50,6;BR-392/RS;Norte;Saida de Pista;1;0;0;0;0;0;;;;;3;0;0;0;0
31/01/2014;10:56:00;31;sem vitima;516,9;BR-116/RS;Norte;Abalr.Transversal;1;0;1;0;0;0;;;;;3;0;0;0;0
31/01/2014;11:43:00;38;com vitima;63,9;BR-293/RS;Norte;Saida de Pista;0;0;0;1;0;0;;;;;0;1;0;0;0
01/02/2014;10:17:00;30;com vitima;427,4;BR-116/RS;Sul;Abalr.Transversal;0;0;0;1;0;0;;;;;1;1;0;0;0
01/02/2014;23:53:00;98;sem vitima;41,8;BR-293/RS;Norte;Colisao Traseira;2;0;0;0;0;0;;;;;6;0;0;0;0
01/02/2014;15:51:00;62;com vitima;88,2;BR-392/RS;Norte;Colisao Traseira;2;0;0;0;0;0;;;;;6;1;0;0;0
01/02/2014;03:09:00;14;sem vitima;104,5;BR-392/RS;Sul;Saida de Pista;0;0;0;0;1;0;;;;;1;0;0;0;0
01/02/2014;10:22:00;31;sem vitima;611,7;BR-116/RS;Sul;Abalr.Transversal;0;0;2;0;0;0;;;;;3;0;0;0;0
02/02/2014;15:18:00;44;com vitima;610,2;BR-116/RS;Sul;Saida de Pista;1;0;1;1;0;0;;;;;4;1;0;0;0
03/02/2014;15:43:00;57;com vitima;82,8;BR-392/RS;Norte;Saida de Pista;1;0;0;0;0;0;;;;;0;1;0;0;0
03/02/2014;20:32:00;93;sem vitima;85,3;BR-392/RS;Norte;Saida de Pista;1;0;0;0;0;0;;;;;1;0;0;0;0
05/02/2014;07:04:00;13;sem vitima;14,9;BR-392/RS;Sul;Colisao Traseira;2;0;1;0;0;0;;;;;3;0;0;0;0
05/02/2014;17:43:00;71;com vitima;511,1;BR-116/RS;Norte;Colisao Traseira;1;0;0;0;0;0;;;;;0;1;0;0;0
05/02/2014;03:02:00;5;sem vitima;526,8;BR-116/RS;Norte;Atropelamento de Animal;1;0;0;0;0;0;;;;;1;0;0;0;0
05/02/2014;23:20:00;107;sem vitima;93,9;BR-392/RS;Sul;Saida de Pista;1;0;1;0;0;0;;;;;3;0;0;0;0
05/02/2014;19:52:00;91;sem vitima;193,6;BR-392/RS;Norte;Tombamento;1;0;0;0;0;0;;;;;1;0;0;0;0
07/02/2014;11:18:00;46;sem vitima;73,6;BR-392/RS;Norte;Abalr.Transversal;1;0;1;0;0;0;;;;;2;0;0;0;0
08/02/2014;14:50:00;54;com vitima;407,8;BR-116/RS;Norte;Colisao Traseira;0;0;2;0;0;0;;;;;1;0;0;0;1
08/02/2014;22:04:00;95;com vitima;15,3;BR-293/RS;Norte;Atropelamento de Animal;0;0;0;1;0;0;;;;;0;0;1;0;0
08/02/2014;09:07:00;23;sem vitima;471,8;BR-116/RS;Sul;Saida de Pista;1;0;0;0;0;0;;;;;1;0;0;0;0
08/02/2014;22:25:00;96;sem vitima;29,1;BR-392/RS;Sul;Tombamento;1;0;0;0;0;0;;;;;2;0;0;0;0
08/02/2014;23:17:00;98;com vitima;39,4;BR-392/RS;Norte;Tombamento;0;0;0;2;0;0;;;;;0;0;2;0;0
08/02/2014;18:29:00;74;sem vitima;55,9;BR-392/RS;Norte;Saida de Pista;1;0;1;0;0;0;;;;;3;0;0;0;0
09/02/2014;19:42:00;82;com vitima;524,4;BR-116/RS;Sul;Abalr.Transversal;1;0;0;0;0;0;;;;;0;0;2;0;0
09/02/2014;17:09:00;65;sem vitima;527;BR-116/RS;Norte;Tombamento;1;0;1;0;0;0;;;;;4;0;0;0;0
10/02/2014;20:31:00;96;sem vitima;4,9;BR-392/RS;Sul;Outros tipos de acidente;1;0;0;0;0;0;;;;;1;0;0;0;0
10/02/2014;08:36:00;28;com vitima;445;BR-116/RS;Norte;Saida de Pista;0;0;0;1;0;0;;;;;0;1;0;0;0
10/02/2014;13:43:00;58;sem vitima;464,8;BR-116/RS;Sul;Abalr.Transversal;1;0;0;0;0;0;;;;;1;0;0;0;0
10/02/2014;19:15:00;88;sem vitima;26,4;BR-392/RS;Norte;Atropelamento;0;0;2;0;0;1;;;;;3;0;0;0;0
10/02/2014;12:34:00;53;com vitima;526,4;BR-116/RS;Norte;Abalr.Transversal;0;0;0;1;0;0;;;;;0;2;0;0;0
11/02/2014;17:26:00;58;com vitima;31,8;BR-293/RS;Norte;Tombamento;1;0;0;0;0;1;;;;;0;0;1;1;0
11/02/2014;01:43:00;8;com vitima;63,7;BR-392/RS;Norte;Saida de Pista;1;0;0;0;0;0;;;;;0;1;1;0;0
11/02/2014;00:38:00;3;com vitima;80,2;BR-392/RS;Sul;Saida de Pista;1;0;1;0;0;0;;;;;2;2;0;0;0
11/02/2014;20:59:00;87;com vitima;530,3;BR-116/RS;Norte;Atropelamento de Animal;1;1;0;0;0;0;;;;;5;0;1;0;0
12/02/2014;08:10:00;18;sem vitima;63,5;BR-293/RS;Norte;Saida de Pista;1;0;0;0;0;0;;;;;4;0;0;0;0
12/02/2014;12:17:00;29;com vitima;528,3;BR-116/RS;Sul;Abalr.Mesmo sentido;0;0;1;1;0;0;;;;;1;1;0;0;0
12/02/2014;14:52:00;46;com vitima;101,9;BR-392/RS;Sul;Saida de Pista;1;0;1;0;0;0;;;;;1;0;1;0;0
13/02/2014;09:23:00;27;sem vitima;6,2;BR-392/RS;Norte;Colisao Traseira;1;0;0;0;0;0;;;;;1;0;0;0;0
13/02/2014;16:07:00;61;com vitima;19,9;BR-392/RS;Norte;Saida de Pista;0;0;0;1;1;0;;;;;1;1;0;0;0
13/02/2014;21:47:00;103;com vitima;524,4;BR-116/RS;Norte;Abalr.Transversal;0;0;1;0;0;0;;;;;1;1;0;0;0
13/02/2014;22:35:00;106;com vitima;530,1;BR-116/RS;Norte;Abalr.Transversal;1;0;1;0;0;0;;;;;1;0;0;0;1
13/02/2014;14:52:00;54;sem vitima;108,8;BR-392/RS;Norte;Saida de Pista;1;0;0;0;1;0;;;;;4;0;0;0;0
13/02/2014;00:05:00;1;sem vitima;568,5;BR-116/RS;Sul;Atropelamento de Animal;1;0;0;0;0;0;;;;;4;0;0;0;0
13/02/2014;11:38:00;40;sem vitima;151;BR-392/RS;Sul;Saida de Pista;1;0;0;0;1;0;;;;;5;0;0;0;0
15/02/2014;05:19:00;19;sem vitima;606,4;BR-116/RS;Sul;Capotamento;1;0;0;1;0;0;;;;;2;0;0;0;0
16/02/2014;14:29:00;43;sem vitima;513,8;BR-116/RS;Norte;Colisao Traseira;0;0;1;0;0;0;;;;;1;0;0;0;0
17/02/2014;00:39:00;2;com vitima;401,2;BR-116/RS;Norte;Atropelamento de Animal;1;0;1;0;0;0;;;;;1;1;0;2;0
17/02/2014;23:03:00;120;sem vitima;11,3;BR-293/RS;Norte;Saida de Pista;0;0;2;0;0;0;;;;;2;0;0;0;0
17/02/2014;20:46:00;112;sem vitima;450,5;BR-116/RS;Sul;Colisao Traseira;1;0;0;0;1;0;;;;;2;0;0;0;0
17/02/2014;14:21:00;66;com vitima;25;BR-392/RS;Norte;Colisao Traseira;0;0;0;1;0;1;;;;;1;0;1;0;0
18/02/2014;18:20:00;74;sem vitima;8,6;BR-392/RS;Sul;Abalr.Transversal;1;0;0;0;0;0;;;;;1;0;0;0;0
18/02/2014;15:27:00;59;com vitima;481,6;BR-116/RS;Norte;Abalr.Mesmo Sentido;0;0;1;2;0;0;;;;;1;2;0;0;0
19/02/2014;17:46:00;68;com vitima;66,9;BR-392/RS;Sul;Abalr.Transversal;1;0;0;1;0;0;;;;;1;1;0;0;0
20/02/2014;13:10:00;49;sem vitima;442,8;BR-116/RS;Sul;Colisao Frontal;1;0;0;0;0;0;;;;;1;0;0;0;0
20/02/2014;09:50:00;30;sem vitima;17,6;BR-392/RS;Sul;Abalr.Transversal;1;0;0;0;0;0;;;;;1;0;0;0;0
20/02/2014;13:46:00;52;com vitima;453,5;BR-116/RS;Sul;Abalr.Sentido Oposto;0;0;0;1;0;0;;;;;0;1;0;0;0
20/02/2014;11:15:00;39;sem vitima;66,8;BR-392/RS;Norte;Abalr.Transversal;1;0;1;0;0;0;;;;;2;0;0;0;0
21/02/2014;18:56:00;80;com vitima;0,3;BR-604/RS;Sul;Atropelamento;1;0;0;0;0;0;;;;;0;1;1;0;0
21/02/2014;12:57:00;41;com vitima;417,5;BR-116/RS;Sul;Tombamento;3;0;0;0;0;0;;;;;5;1;0;0;0
21/02/2014;14:42:00;47;sem vitima;11,1;BR-392/RS;Sul;Saida de Pista;0;0;2;0;0;0;;;;;2;0;0;0;0
21/02/2014;09:06:00;20;sem vitima;513,8;BR-116/RS;Norte;Colisao Traseira;0;0;0;1;0;0;1;;;;2;0;0;0;0
22/02/2014;09:37:00;19;com vitima;14,3;BR-293/RS;Norte;Abalr.Mesmo Sentido;1;0;0;0;0;0;;;;;1;0;0;0;1
22/02/2014;06:01:00;11;com vitima;494,6;BR-116/RS;Norte;Colisao Traseira;0;0;0;1;0;0;;;;;1;1;0;0;0
22/02/2014;01:18:00;3;com vitima;497,3;BR-116/RS;Sul;Saida de Pista;0;0;1;1;0;0;;;;;2;1;0;0;0
22/02/2014;06:58:00;12;sem vitima;519,6;BR-116/RS;Norte;Colisao Frontal;0;0;1;0;0;0;;;;;1;0;0;0;0
23/02/2014;08:48:00;21;sem vitima;488,9;BR-116/RS;Sul;Abalr.Transversal;1;0;1;0;0;0;;;;;4;0;0;0;0
24/02/2014;19:46:00;82;com vitima;409,9;BR-116/RS;Norte;Tombamento;0;0;0;1;0;0;;;;;0;0;2;0;0
24/02/2014;00:18:00;1;com vitima;50,1;BR-392/RS;Norte;Atropelamento de Animal;0;0;0;1;0;0;1;;;;1;3;0;0;0
25/02/2014;15:40:00;69;com vitima;15,6;BR-293/RS;Norte;Saida de Pista;1;0;0;0;0;0;;;;;1;0;0;0;1
25/02/2014;13:45:00;59;com vitima;476,3;BR-116/RS;Norte;Saida de Pista;0;0;1;0;0;0;;;;;1;0;0;0;1
25/02/2014;19:23:00;89;com vitima;50;BR-293/RS;Norte;Saida de Pista;1;0;0;0;0;0;;;;;0;0;1;1;0
25/02/2014;00:49:00;1;sem vitima;99,5;BR-392/RS;Sul;Saida de Pista;0;0;1;0;0;0;;;;;1;0;0;0;0
25/02/2014;13:43:00;58;sem vitima;150;BR-392/RS;Norte;Tombamento;1;0;0;0;0;0;;;;;2;0;0;0;0
26/02/2014;15:29:00;46;sem vitima;413,8;BR-116/RS;Sul;Saida de Pista;1;0;1;0;0;0;;;;;2;0;0;0;0
26/02/2014;07:18:00;9;sem vitima;5,2;BR-392/RS;Norte;Abalr.Transversal;0;0;2;0;0;0;;;;;2;0;0;0;0
26/02/2014;16:46:00;54;com vitima;429,1;BR-116/RS;Sul;Abalr.Transversal;1;0;0;0;0;0;;;;;1;0;0;0;1
26/02/2014;15:52:00;49;sem vitima;442,8;BR-116/RS;Norte;Saida de Pista;0;0;1;0;0;0;;;;;1;0;0;0;0
26/02/2014;18:11:00;65;com vitima;43,1;BR-392/RS;Norte;Colisao Traseira;2;0;0;0;0;0;;;;;4;1;3;0;0
26/02/2014;19:21:00;72;com vitima;107,7;BR-392/RS;Sul;Saida de Pista;1;0;0;0;0;0;;;;;0;0;1;0;0
27/02/2014;19:36:00;94;sem vitima;8,5;BR-392/RS;Norte;Colisao Traseira;0;0;2;0;0;0;;;;;3;0;0;0;0
27/02/2014;07:08:00;17;com vitima;456,1;BR-116/RS;Sul;Saida de Pista;0;0;2;0;0;0;;;;;1;1;0;0;1
27/02/2014;01:24:00;9;com vitima;485,1;BR-116/RS;Norte;Colisao Traseira;0;0;2;0;0;0;;;;;1;0;1;0;0
27/02/2014;15:38:00;69;sem vitima;49,9;BR-392/RS;Norte;Saida de Pista;3;0;0;0;0;0;;;;;3;0;0;0;0
28/02/2014;16:00:00;66;sem vitima;8,9;BR-392/RS;Norte;Abalr.Transversal;3;0;0;0;0;0;;;;;4;0;0;0;0
28/02/2014;13:41:00;54;com vitima;16,2;BR-392/RS;Norte;Colisao Traseira;2;0;1;0;0;0;;;;;3;2;0;0;0
28/02/2014;05:58:00;13;com vitima;22,2;BR-392/RS;Sul;Saida de Pista;2;0;1;0;0;0;;;;;5;0;2;0;0
28/02/2014;00:58:00;4;com vitima;73,5;BR-392/RS;Sul;Atropelamento de Animal;0;0;1;0;0;0;;;;;0;0;1;0;0
28/02/2014;13:01:00;50;com vitima;150,2;BR-392/RS;Norte;Saida de Pista;1;0;0;0;0;0;;;;;1;1;0;0;0
28/02/2014;23:32:00;118;com vitima;618,1;BR-116/RS;Sul;Atropelamento de Animal;1;0;1;0;0;0;;;;;2;1;0;0;0
01/03/2014;18:47:00;81;sem vitima;1,4;BR-392/RS;Norte;Abalr.Transversal;1;0;1;0;0;0;;;;;5;0;0;0;0
01/03/2014;20:27:00;90;sem vitima;3,2;BR-392/RS;Sul;Atropelamento de Animal;1;0;0;0;0;0;;;;;1;0;0;0;0
01/03/2014;06:25:00;20;sem vitima;37;BR-392/RS;Sul;Saida de Pista;2;0;0;0;0;0;;;;;3;0;0;0;0
01/03/2014;09:56:00;33;com vitima;60;BR-392/RS;Sul;Colisao Traseira;0;0;0;1;0;1;;;;;1;0;1;0;0
01/03/2014;18:08:00;77;com vitima;63,3;BR-392/RS;Norte;Saida de Pista;0;0;1;0;0;0;;;;;0;1;0;0;0
01/03/2014;14:23:00;54;com vitima;519,3;BR-116/RS;Sul;Abalr.Transversal;1;0;1;0;0;0;;;;;1;0;1;0;0
01/03/2014;01:21:00;7;sem vitima;521,3;BR-116/RS;Sul;Abalr.Sentido Oposto;1;0;0;1;0;0;;;;;7;0;0;0;0
01/03/2014;18:12:00;78;sem vitima;86,8;BR-392/RS;Sul;Colisao Traseira;1;0;1;0;0;0;;;;;3;0;0;0;0
02/03/2014;22:07:00;97;sem vitima;428,5;BR-116/RS;Norte;Outros tipos de acidente;2;0;0;0;0;0;;;;;6;0;0;0;0
02/03/2014;02:30:00;8;com vitima;471,9;BR-116/RS;Sul;Tombamento;1;0;1;0;0;0;;;;;1;1;0;0;0
02/03/2014;23:03:00;101;sem vitima;90,3;BR-392/RS;Norte;Saida de Pista;3;0;0;0;0;0;;;;;6;0;0;0;0
02/03/2014;18:45:00;70;sem vitima;526,5;BR-116/RS;Sul;Saida de Pista;1;0;1;0;0;0;;;;;3;0;0;0;0
02/03/2014;08:17:00;24;sem vitima;107,3;BR-392/RS;Sul;Abalr.Transversal;2;0;0;0;0;0;;;;;4;0;0;0;0
03/03/2014;18:04:00;55;sem vitima;48;BR-392/RS;Sul;Colisao Traseira;1;0;0;0;1;0;;;;;41;0;0;0;0
03/03/2014;03:49:00;11;com vitima;578,7;BR-116/RS;Norte;Saida de Pista;0;0;0;1;0;0;;;;;0;0;1;0;0
03/03/2014;22:08:00;79;com vitima;592,5;BR-116/RS;Sul;Saida de Pista;1;0;1;0;0;0;;;;;1;2;0;1;0
04/03/2014;05:16:00;14;com vitima;55;BR-293/RS;Norte;Saida de Pista;1;0;0;1;0;0;;;;;1;1;0;0;0
04/03/2014;08:04:00;21;com vitima;544,3;BR-116/RS;Sul;Saida de Pista;1;0;0;0;0;0;;;;;0;0;1;0;0
04/03/2014;14:44:00;52;com vitima;643,9;BR-116/RS;Norte;Colisao com Objeto Fixo;1;0;1;0;0;0;;;;;1;1;0;0;0
05/03/2014;19:38:00;82;com vitima;489,6;BR-116/RS;Sul;Abalr.Transversal;2;0;0;0;0;0;;;;;3;0;2;0;0
05/03/2014;15:00:00;53;sem vitima;68;BR-392/RS;Norte;Colisao Traseira;0;0;1;0;0;0;;;;;1;0;0;0;0
05/03/2014;01:06:00;6;com vitima;175,1;BR-392/RS;Norte;Atropelamento de Animal;0;0;0;1;0;0;;;;;0;0;1;0;0
06/03/2014;16:37:00;53;sem vitima;71,2;BR-392/RS;Sul;Colisao Traseira;2;0;0;0;0;0;;;;;3;0;0;0;0
06/03/2014;18:46:00;72;sem vitima;577,3;BR-116/RS;Norte;Colisao Traseira;0;0;2;0;0;0;;;;;2;0;0;0;0
07/03/2014;12:03:00;38;sem vitima;7,2;BR-392/RS;Sul;Colisao Traseira;1;0;0;0;0;0;;;;;4;0;0;0;0
07/03/2014;17:00:00;64;sem vitima;464,7;BR-116/RS;Sul;Abalr.Transversal;1;0;0;0;0;0;;;;;2;0;0;0;0
07/03/2014;16:07:00;59;com vitima;515,4;BR-116/RS;Sul;Abalr.Transversal;0;0;0;1;0;0;;;;;0;0;1;0;0
08/03/2014;03:43:00;7;com vitima;410,6;BR-116/RS;Norte;Saida de Pista;0;0;0;1;0;0;;;;;0;0;0;0;1
08/03/2014;19:21:00;74;com vitima;110,2;BR-392/RS;Norte;Abalr.Transversal;1;0;0;1;0;0;;;;;1;1;0;0;0