data;horario;n_da_ocorrencia;tipo_de_ocorrencia;km;trecho;sentido;tipo_de_acidente;automovel;bicicleta;caminhao;moto;onibus;outros;tracao_animal;transporte_de_cargas_especiais;trator_maquinas;utilitarios;ilesos;levemente_feridos;moderadamente_feridos;gravemente_feridos;mortos
08/03/2014;16:54:00;62;sem vitima;540,9;BR-116/RS;Norte;Colisao Traseira;1;0;0;0;0;0;;;;;1;0;0;0;0
08/03/2014;14:25:00;52;sem vitima;122,1;BR-392/RS;Norte;Abalr.Transversal;1;0;0;0;0;0;;;;;3;0;0;0;0
09/03/2014;23:40:00;120;sem vitima;406;BR-116/RS;Norte;Saida de Pista;1;0;0;0;0;0;;;;;1;0;0;0;0
09/03/2014;19:33:00;93;sem vitima;12,1;BR-293/RS;Norte;Colisao Traseira;1;0;0;0;0;0;;;;;1;0;0;0;0
09/03/2014;17:48:00;80;com vitima;406,5;BR-116/RS;Norte;Colisao Traseira;1;0;0;0;0;0;;;;;0;1;0;0;0
09/03/2014;17:36:00;78;com vitima;406,7;BR-116/RS;Norte;Saida de Pista;1;0;0;1;0;0;;;;;3;0;0;1;0
09/03/2014;21:24:00;109;sem vitima;41,4;BR-392/RS;Sul;Saida de Pista;1;0;0;0;0;0;;;;;4;0;0;0;0
09/03/2014;00:07:00;1;sem vitima;605,5;BR-116/RS;Sul;Saida de Pista;1;0;0;0;1;0;;;;;3;0;0;0;0
10/03/2014;15:13:00;71;sem vitima;5,7;BR-392/RS;Norte;Colisao Traseira;1;0;0;0;0;0;;;;;2;0;0;0;0
10/03/2014;17:04:00;82;sem vitima;7,2;BR-392/RS;Sul;Abalr.Transversal;0;0;1;0;0;0;;;;;1;0;0;0;0
10/03/2014;06:46:00;21;com vitima;69,8;BR-293/RS;Norte;Capotamento;1;0;1;0;0;0;;;;;1;3;1;0;0
10/03/2014;14:20:00;62;com vitima;56;BR-392/RS;Sul;Saida de Pista;1;0;0;0;0;0;;;;;0;2;0;0;0
11/03/2014;08:03:00;13;sem vitima;519,4;BR-116/RS;Norte;Abalr.Transversal;1;0;0;0;0;0;;;;;1;0;0;0;0
11/03/2014;10:29:00;33;sem vitima;591,7;BR-116/RS;Sul;Colisao Traseira;1;0;0;1;0;0;;;;;2;0;0;0;0
12/03/2014;18:09:00;84;sem vitima;44,9;BR-293/RS;Norte;Abalr.Transversal;1;0;1;0;0;1;;;;;4;0;0;0;0
12/03/2014;06:57:00;17;com vitima;61;BR-392/RS;Sul;Tombamento;0;0;1;1;0;0;;;;;1;0;1;0;0
12/03/2014;20:26:00;99;sem vitima;171;BR-392/RS;Sul;Atropelamento de Animal;1;0;0;0;0;0;;;;;2;0;0;0;0
13/03/2014;21:53:00;100;sem vitima;418,3;BR-116/RS;Norte;Colisao Traseira;1;0;0;0;0;0;;;;;1;0;0;0;0
13/03/2014;07:31:00;9;com vitima;7,8;BR-392/RS;Sul;Abalr.Transversal;0;0;1;1;0;0;;;;;1;1;0;0;1
13/03/2014;15:40:00;54;com vitima;26,4;BR-392/RS;Norte;Abalr.Transversal;1;0;1;0;0;0;;;;;6;0;2;0;0
13/03/2014;07:56:00;13;com vitima;558,4;BR-116/RS;Norte;Saida de Pista;1;0;0;1;0;0;;;;;2;0;1;1;0
14/03/2014;21:20:00;97;sem vitima;454,7;BR-116/RS;Sul;Abalr.Transversal;1;0;0;0;0;0;;;;;1;0;0;0;0
14/03/2014;19:43:00;86;com vitima;39,2;BR-293/RS;Norte;Abalr.Sentido Oposto;1;0;0;0;0;0;;;;;0;5;0;0;0
14/03/2014;07:56:00;14;com vitima;52,4;BR-392/RS;Sul;Colisao Traseira;0;0;0;1;0;0;;;;;0;0;1;0;0
14/03/2014;17:51:00;73;sem vitima;63,4;BR-392/RS;Norte;Colisao Traseira;1;0;0;0;0;0;;;;;2;0;0;0;0
15/03/2014;18:18:00;71;com vitima;427,3;BR-116/RS;Sul;Abalr.Transversal;1;0;0;1;0;0;;;;;1;0;1;0;0
15/03/2014;08:57:00;18;sem vitima;99;BR-392/RS;Sul;Tombamento;1;0;1;0;0;0;;;;;5;0;0;0;0
16/03/2014;19:01:00;70;sem vitima;408,5;BR-116/RS;Norte;Abalr.Sentido Oposto;0;0;0;1;0;0;;;;;1;0;0;0;0
16/03/2014;07:56:00;19;sem vitima;25,7;BR-392/RS;Norte;Saida de Pista;1;0;0;1;0;0;;;;;2;0;0;0;0
16/03/2014;14:51:00;49;sem vitima;40,3;BR-392/RS;Norte;Abalr.Transversal;1;0;1;0;0;0;;;;;2;0;0;0;0
16/03/2014;11:54:00;33;com vitima;89,2;BR-293/RS;Norte;Tombamento;0;1;0;1;0;0;;;;;1;0;1;0;0
16/03/2014;00:57:00;3;com vitima;124,5;BR-293/RS;Norte;Saida de Pista;2;0;0;0;0;0;;;;;4;0;1;0;0
16/03/2014;18:10:00;64;com vitima;144,6;BR-392/RS;Sul;Abalr.Transversal;2;0;0;0;0;0;;;;;1;1;0;0;0
17/03/2014;07:21:00;12;com vitima;406,2;BR-116/RS;Norte;Abalr.Sentido Oposto;1;0;1;0;0;0;;;;;2;1;0;0;0
17/03/2014;21:45:00;94;sem vitima;8,6;BR-392/RS;Sul;Abalr.Transversal;2;0;0;0;0;0;;;;;3;0;0;0;0
17/03/2014;10:42:00;34;sem vitima;441,1;BR-116/RS;Norte;Saida de Pista;0;0;2;0;0;0;;;;;2;0;0;0;0
17/03/2014;18:15:00;74;sem vitima;452,9;BR-116/RS;Sul;Tombamento;0;0;2;0;0;0;;;;;2;0;0;0;0
17/03/2014;18:01:00;72;com vitima;52,2;BR-392/RS;Norte;Abalr.Transversal;0;0;0;1;0;0;;;;;0;0;1;0;0
17/03/2014;22:06:00;95;sem vitima;509,6;BR-116/RS;Norte;Tombamento;0;0;1;0;1;0;;;;;13;0;0;0;0
17/03/2014;17:32:00;69;com vitima;122,3;BR-293/RS;Norte;Tombamento;2;0;0;0;0;0;;;;;3;0;2;0;0
17/03/2014;17:09:00;68;com vitima;66,9;BR-392/RS;Sul;Abalr.Transversal;1;0;1;0;0;0;;;;;2;1;0;0;0
18/03/2014;03:42:00;8;sem vitima;10,2;BR-392/RS;Norte;Tombamento;1;0;0;0;1;0;;;;;20;0;0;0;0
18/03/2014;19:32:00;66;com vitima;19,1;BR-392/RS;Norte;Atropelamento de Animal;1;0;0;0;0;0;;;;;0;1;0;0;0
18/03/2014;16:31:00;50;com vitima;50,1;BR-392/RS;Sul;Saida de Pista;1;0;1;0;0;0;;;;;1;1;0;0;0
18/03/2014;11:47:00;33;com vitima;524,4;BR-116/RS;Norte;Abalr.Transversal;1;0;0;1;0;0;;;;;2;0;1;0;0
19/03/2014;06:46:00;13;sem vitima;8,4;BR-392/RS;Norte;Abalr.Transversal;2;0;0;0;0;0;;;;;5;0;0;0;0
19/03/2014;07:57:00;19;sem vitima;12,1;BR-392/RS;Sul;Colisao Traseira;1;0;1;0;0;0;;;;;3;0;0;0;0
19/03/2014;02:09:00;6;com vitima;54,8;BR-293/RS;Norte;Saida de Pista;1;0;0;0;0;0;;;;;1;2;0;0;2
19/03/2014;13:52:00;42;sem vitima;518,5;BR-116/RS;Sul;Colisao Frontal;1;0;0;0;0;0;;;;;1;0;0;0;0
19/03/2014;08:34:00;22;com vitima;66,9;BR-392/RS;Norte;Abalr.Transversal;1;0;0;0;0;0;;;;;0;1;0;0;0
19/03/2014;00:26:00;2;com vitima;524,4;BR-116/RS;Sul;Abalr.Transversal;1;0;0;0;0;0;;;;;1;2;0;1;0
19/03/2014;14:37:00;47;sem vitima;118,5;BR-392/RS;Sul;Colisao com Objeto Fixo;1;0;0;0;0;0;;;;;1;0;0;0;0
19/03/2014;11:30:00;32;com vitima;124;BR-392/RS;Norte;Saida de Pista;2;0;0;0;0;0;;;;;1;2;0;0;0
21/03/2014;08:31:00;15;com vitima;1,6;BR-392/RS;Sul;Colisao Frontal;0;0;0;1;0;0;;;;;0;0;1;0;0
21/03/2014;14:05:00;46;com vitima;442,4;BR-116/RS;Norte;Colisao Traseira;1;0;0;0;0;0;;;;;1;2;0;2;0
21/03/2014;07:31:00;12;com vitima;60,7;BR-392/RS;Sul;Colisao Traseira;2;0;1;0;0;0;;;;;1;1;5;1;2
21/03/2014;15:14:00;54;sem vitima;107,2;BR-392/RS;Norte;Abalr.Transversal;1;0;0;0;0;0;;;;;1;0;0;0;0
21/03/2014;19:19:00;78;sem vitima;534;BR-116/RS;Norte;Colisao Traseira;0;0;1;0;1;0;;;;;3;0;0;0;0
21/03/2014;09:43:00;22;sem vitima;624,5;BR-116/RS;Sul;Tombamento;0;0;2;0;0;0;;;;;2;0;0;0;0
22/03/2014;12:50:00;30;com vitima;6,4;BR-392/RS;Sul;Colisao Traseira;0;0;1;1;0;0;;;;;1;0;0;1;1
22/03/2014;12:04:00;26;com vitima;84,6;BR-392/RS;Norte;Abalr.Mesmo sentido;2;0;2;0;0;0;;;;;6;0;1;0;0
22/03/2014;10:46:00;22;com vitima;557,6;BR-116/RS;Norte;Saida de Pista;1;0;0;1;0;0;;;;;1;1;0;0;0
22/03/2014;07:47:00;12;sem vitima;180,5;BR-392/RS;Sul;Saida de Pista;0;0;2;0;0;0;;;;;2;0;0;0;0
23/03/2014;04:47:00;9;sem vitima;11,3;BR-392/RS;Sul;Atropelamento de Animal;1;0;1;0;0;0;;;;;2;0;0;0;0
23/03/2014;23:06:00;95;sem vitima;523,6;BR-116/RS;Sul;Tombamento;1;0;1;0;0;0;;;;;2;0;0;0;0
23/03/2014;02:44:00;6;sem vitima;117,7;BR-392/RS;Sul;Colisao com Objeto Fixo;3;0;0;0;0;0;;;;;3;0;0;0;0
24/03/2014;18:16:00;69;com vitima;22,6;BR-392/RS;Norte;Saida de Pista;1;0;0;1;0;0;;;;;1;1;0;0;0
24/03/2014;15:14:00;56;sem vitima;472,2;BR-116/RS;Norte;Abalr.Mesmo sentido;1;0;0;0;0;0;;;;;3;0;0;0;0
24/03/2014;00:08:00;1;sem vitima;123,7;BR-293/RS;Norte;Saida de Pista;0;0;1;0;0;0;;;;;2;0;0;0;0
24/03/2014;06:47:00;15;sem vitima;539,5;BR-116/RS;Norte;Abalr.Transversal;1;0;0;0;0;0;;;;;1;0;0;0;0
25/03/2014;11:56:00;42;sem vitima;4,1;BR-392/RS;Norte;Abalr.Transversal;1;0;0;0;0;0;;;;;4;0;0;0;0
25/03/2014;15:27:00;55;sem vitima;9,8;BR-392/RS;Sul;Abalr.Transversal;1;0;0;0;0;0;;;;;1;0;0;0;0
25/03/2014;09:28:00;30;sem vitima;36,8;BR-293/RS;Norte;Colisao Traseira;1;0;0;0;0;0;;;;;1;0;0;0;0
26/03/2014;11:18:00;36;com vitima;24,6;BR-392/RS;Sul;Tombamento;1;0;0;0;1;0;;;;;1;1;0;0;0
27/03/2014;17:03:00;49;sem vitima;4,3;BR-392/RS;Sul;Tombamento;1;0;1;0;0;0;;;;;2;0;0;0;0
27/03/2014;17:52:00;54;sem vitima;11,8;BR-392/RS;Sul;Atropelamento de Animal;1;0;1;0;0;0;;;;;3;0;0;0;0
27/03/2014;07:34:00;13;sem vitima;48,7;BR-392/RS;Sul;Colisao Traseira;1;0;0;0;0;0;;;;;1;0;0;0;0
27/03/2014;11:05:00;27;sem vitima;511,1;BR-116/RS;Sul;Colisao Frontal;1;0;0;0;0;0;;;;;4;0;0;0;0
27/03/2014;19:37:00;69;com vitima;518,7;BR-116/RS;Norte;Abalr.Mesmo sentido;1;1;0;0;0;0;;;;;4;0;1;0;0
27/03/2014;08:53:00;17;sem vitima;101,6;BR-392/RS;Sul;Colisao Traseira;0;0;2;0;0;0;;;;;2;0;0;0;0
27/03/2014;18:23:00;62;sem vitima;545,2;BR-116/RS;Sul;Colisao Traseira;0;0;3;0;0;0;;;;;3;0;0;0;0
28/03/2014;07:48:00;17;com vitima;409,4;BR-116/RS;Sul;Abalr.Transversal;0;0;1;1;0;0;;;;;1;0;0;1;1
28/03/2014;19:38:00;113;sem vitima;417,4;BR-116/RS;Norte;Colisao Frontal;2;0;0;0;0;0;;;;;2;0;0;0;0
28/03/2014;22:44:00;127;sem vitima;26,1;BR-392/RS;Norte;Saida de Pista;1;0;0;0;0;0;;;;;1;0;0;0;0
28/03/2014;19:06:00;110;sem vitima;525,4;BR-116/RS;Norte;Colisao Traseira;1;0;0;0;0;0;;;;;1;0;0;0;0
28/03/2014;18:32:00;103;sem vitima;609,5;BR-116/RS;Sul;Saida de Pista;0;0;1;0;0;0;;;;;1;0;0;0;0
28/03/2014;21:56:00;124;com vitima;193,3;BR-392/RS;Norte;Saida de Pista;1;0;1;0;0;0;;;;;1;1;0;0;0
29/03/2014;06:07:00;11;sem vitima;8,9;BR-392/RS;Sul;Abalr.Transversal;0;0;1;1;0;0;;;;;2;0;0;0;0
29/03/2014;08:01:00;17;sem vitima;66,9;BR-392/RS;Sul;Abalr.Transversal;1;0;0;0;1;0;;;;;4;0;0;0;0
29/03/2014;07:55:00;16;com vitima;583,9;BR-116/RS;Sul;Saida de Pista;1;0;0;0;1;0;;;;;18;1;1;0;0
30/03/2014;19:34:00;91;com vitima;454,6;BR-116/RS;Sul;Saida de Pista;0;0;0;1;0;0;;;;;0;1;0;0;0
30/03/2014;14:19:00;48;com vitima;28,5;BR-293/RS;Norte;Saida de Pista;0;0;0;1;0;0;;;;;0;0;0;1;0
30/03/2014;20:00:00;95;sem vitima;42,1;BR-392/RS;Norte;Atropelamento;0;0;1;0;0;0;;;;;1;0;0;0;0
30/03/2014;10:52:00;32;com vitima;94;BR-293/RS;Norte;Saida de Pista;2;0;0;0;0;0;;;;;1;1;1;0;0
30/03/2014;23:19:00;108;sem vitima;177,8;BR-392/RS;Norte;Saida de Pista;1;0;1;0;0;0;;;;;3;0;0;0;0
31/03/2014;11:02:00;43;com vitima;67,5;BR-392/RS;Norte;Colisao Traseira;1;0;1;0;0;0;;;;;2;0;1;0;0
01/04/2014;22:08:00;78;com vitima;87,5;BR-392/RS;Norte;Tombamento;0;0;2;0;0;0;;;;;1;1;0;0;0
01/04/2014;17:12:00;59;com vitima;108,7;BR-392/RS;Sul;Saida de Pista;2;0;0;0;0;0;;;;;2;4;0;0;0
01/04/2014;20:07:00;73;sem vitima;122,2;BR-392/RS;Norte;Saida de Pista;0;0;1;0;0;0;;;;;1;0;0;0;0
02/04/2014;01:43:00;4;sem vitima;1,5;BR-604/RS;Sul;Colisao Traseira;1;0;0;0;0;0;;;;;1;0;0;0;0
02/04/2014;18:52:00;72;com vitima;514;BR-116/RS;Norte;Colisao com Objeto Fixo;1;0;0;0;1;0;;;;;1;0;1;0;0
02/04/2014;08:40:00;21;sem vitima;523,6;BR-116/RS;Sul;Colisao Traseira;0;0;1;0;0;0;;;;;1;0;0;0;0
02/04/2014;19:10:00;75;com vitima;612,9;BR-116/RS;Norte;Atropelamento;0;0;1;0;0;0;;;;;0;1;0;0;0
02/04/2014;22:18:00;93;sem vitima;619,3;BR-116/RS;Norte;Atropelamento de Animal;0;0;2;0;0;0;;;;;2;0;0;0;0
03/04/2014;21:11:00;71;sem vitima;56;BR-392/RS;Sul;Saida de Pista;1;0;1;0;0;0;;;;;4;0;0;0;0
04/04/2014;19:04:00;72;com vitima;401,2;BR-116/RS;Sul;Outros Tipos de Acidente;2;0;0;0;0;0;;;;;6;0;1;0;0
04/04/2014;06:20:00;10;com vitima;52,6;BR-392/RS;Sul;Colisao Traseira;0;0;1;1;0;0;;;;;1;1;0;0;0
05/04/2014;18:56:00;75;com vitima;403,7;BR-116/RS;Norte;Saida de Pista;0;0;0;1;0;0;;;;;0;1;0;0;0
05/04/2014;04:19:00;12;sem vitima;14,5;BR-392/RS;Norte;Atropelamento de Animal;0;0;1;0;0;0;;;;;1;0;0;0;0
05/04/2014;05:28:00;14;sem vitima;24;BR-392/RS;Norte;Saida de Pista;1;0;0;0;0;1;;;;;5;0;0;0;0
05/04/2014;23:40:00;94;com vitima;481,5;BR-116/RS;Norte;Abalr.Transversal;2;0;0;0;0;0;;;;;0;0;4;1;1
05/04/2014;18:49:00;73;sem vitima;527,9;BR-116/RS;Norte;Colisao Traseira;2;0;0;0;0;0;;;;;3;0;0;0;0
06/04/2014;18:28:00;76;sem vitima;14;BR-293/RS;Norte;Colisao Traseira;1;0;0;0;0;0;;;;;3;0;0;0;0
06/04/2014;05:06:00;15;com vitima;22,6;BR-392/RS;Norte;Saida de Pista;1;0;0;0;0;0;;;;;1;1;0;0;0
06/04/2014;21:10:00;97;sem vitima;521,4;BR-116/RS;Norte;Tombamento;1;0;1;0;0;0;;;;;6;0;0;0;0
07/04/2014;07:17:00;19;sem vitima;11,3;BR-293/RS;Norte;Tombamento;3;0;0;0;0;0;;;;;10;0;0;0;0
07/04/2014;01:46:00;10;com vitima;5;BR-392/RS;Sul;Saida de Pista;1;0;0;1;0;0;;;;;2;0;1;0;0
07/04/2014;17:16:00;82;com vitima;24,4;BR-392/RS;Sul;Abalr.Transversal;1;0;1;0;0;0;;;;;1;0;1;0;0
07/04/2014;00:04:00;3;com vitima;51,3;BR-392/RS;Norte;Atropelamento de Animal;1;0;1;0;0;0;;;;;5;1;0;0;0
07/04/2014;12:09:00;58;sem vitima;524,7;BR-116/RS;Norte;Abalr.Transversal;1;0;1;0;0;0;;;;;3;0;0;0;0
08/04/2014;17:10:00;56;sem vitima;4;BR-392/RS;Sul;Colisao Traseira;1;0;1;0;0;0;;;;;3;0;0;0;0
08/04/2014;17:53:00;60;com vitima;7,5;BR-392/RS;Norte;Abalr.Transversal;0;0;1;0;0;1;;;;;1;0;1;0;0
08/04/2014;18:59:00;66;sem vitima;455;BR-116/RS;Sul;Saida de Pista;0;0;1;0;0;0;;;;;1;0;0;0;0
08/04/2014;13:08:00;44;sem vitima;25,6;BR-392/RS;Sul;Abalr.Mesmo Sentido;1;0;0;0;0;0;;;;;1;0;0;0;0
08/04/2014;01:23:00;3;com vitima;492,5;BR-116/RS;Sul;Abalr.Sentido Oposto;0;0;0;1;0;0;;;;;0;0;1;0;0
08/04/2014;18:47:00;65;sem vitima;137,2;BR-293/RS;Norte;Abalr.Transversal;0;0;1;0;0;0;;;;;1;0;0;0;0
08/04/2014;17:39:00;59;sem vitima;559,8;BR-116/RS;Sul;Saida de Pista;1;0;1;0;0;0;;;;;2;0;0;0;0
10/04/2014;09:37:00;28;sem vitima;16,7;BR-293/RS;Norte;Saida de Pista;1;0;1;0;0;0;;;;;2;0;0;0;0
10/04/2014;10:08:00;33;com vitima;64,7;BR-392/RS;Norte;Colisao Traseira;1;0;0;0;0;0;;;;;0;1;0;0;0
10/04/2014;23:08:00;95;sem vitima;123,2;BR-392/RS;Norte;Abalr.Transversal;2;0;0;0;0;0;;;;;2;0;0;0;0
10/04/2014;18:46:00;80;sem vitima;170,1;BR-392/RS;Norte;Abalr.Transversal;1;0;0;0;0;0;;;;;4;0;0;0;0
11/04/2014;19:47:00;80;sem vitima;24,3;BR-392/RS;Norte;Saida de Pista;0;0;0;1;0;0;;;;;2;0;0;0;0
11/04/2014;13:58:00;49;sem vitima;31,9;BR-392/RS;Sul;Saida de Pista;1;0;0;0;0;0;;;;;1;0;0;0;0
11/04/2014;12:25:00;40;com vitima;46,8;BR-392/RS;Norte;Saida de Pista;1;0;0;1;0;0;;;;;4;1;0;0;0
11/04/2014;22:59:00;92;sem vitima;52,3;BR-392/RS;Sul;Colisao Traseira;1;0;0;0;0;0;;;;;1;0;0;0;0
11/04/2014;20:09:00;81;sem vitima;55,9;BR-392/RS;Sul;Saida de Pista;1;0;1;0;0;0;;;;;3;0;0;0;0
11/04/2014;11:07:00;30;com vitima;98,9;BR-392/RS;Norte;Saida de Pista;0;0;0;1;0;0;;;;;1;1;0;0;0
12/04/2014;08:01:00;19;com vitima;54,2;BR-293/RS;Norte;Saida de Pista;1;0;0;1;0;0;;;;;2;1;0;0;0
13/04/2014;22:10:00;88;sem vitima;93;BR-392/RS;Sul;Colisao Traseira;2;0;0;0;0;0;;;;;2;0;0;0;0
14/04/2014;05:32:00;14;sem vitima;11,3;BR-293/RS;Norte;Colisao com Objeto Fixo;1;0;1;0;0;0;;;;;3;0;0;0;0
14/04/2014;07:34:00;24;sem vitima;406,5;BR-116/RS;Sul;Saida de Pista;1;0;0;0;0;0;;;;;2;0;0;0;0
15/04/2014;20:09:00;99;com vitima;0,7;BR-392/RS;Norte;Atropelamento de Animal;0;0;1;0;0;0;;;;;0;1;0;0;0
15/04/2014;08:26:00;20;sem vitima;66,9;BR-392/RS;Norte;Tombamento;1;0;1;0;0;0;;;;;2;0;0;0;0
15/04/2014;05:59:00;13;com vitima;611,7;BR-116/RS;Sul;Atropelamento de Animal;1;0;1;0;0;0;;;;;3;1;0;0;0
16/04/2014;21:07:00;96;com vitima;402;BR-116/RS;Sul;Saida de Pista;0;0;0;2;0;0;;;;;0;2;0;0;0
16/04/2014;19:10:00;83;sem vitima;7,8;BR-392/RS;Sul;Abalr.Transversal;1;0;1;0;0;0;;;;;3;0;0;0;0
16/04/2014;20:25:00;90;sem vitima;46,4;BR-293/RS;Norte;Saida de Pista;1;0;0;0;0;0;;;;;2;0;0;0;0
16/04/2014;15:46:00;64;com vitima;81,6;BR-392/RS;Sul;Abalr.Sentido Oposto;1;0;0;0;1;0;;;;;1;1;0;0;0
16/04/2014;20:47:00;92;sem vitima;627,9;BR-116/RS;Sul;Atropelamento de Animal;0;0;0;0;1;0;;;;;18;0;0;0;0
17/04/2014;10:46:00;37;com vitima;486,5;BR-116/RS;Norte;Colisao Traseira;0;1;1;0;0;0;;;;;1;0;0;0;1
17/04/2014;11:14:00;43;sem vitima;514,9;BR-116/RS;Sul;Colisao Traseira;2;0;0;0;0;0;;;;;3;0;0;0;0
18/04/2014;10:37:00;30;sem vitima;407,8;BR-116/RS;Sul;Saida de Pista;2;0;0;0;0;0;;;;;2;0;0;0;0
18/04/2014;07:41:00;15;com vitima;13,8;BR-392/RS;Sul;Saida de Pista;1;0;0;0;0;0;;;;;4;1;0;0;0
18/04/2014;16:42:00;58;sem vitima;529,2;BR-116/RS;Sul;Abalr.Transversal;2;0;0;0;0;0;;;;;2;0;0;0;0
18/04/2014;11:36:00;38;sem vitima;118,5;BR-392/RS;Sul;Colisao com Objeto Fixo;0;0;2;0;0;0;;;;;2;0;0;0;0
18/04/2014;01:44:00;7;sem vitima;192,2;BR-392/RS;Norte;Saida de Pista;2;0;0;0;0;0;;;;;8;0;0;0;0
18/04/2014;16:38:00;56;com vitima;194;BR-392/RS;Sul;Tombamento;1;0;0;1;0;0;;;;;1;0;0;2;0
19/04/2014;10:36:00;26;sem vitima;83,3;BR-392/RS;Sul;Abalr. Mesmo sentido;1;0;0;0;0;0;;;;;4;0;0;0;0
19/04/2014;09:08:00;22;sem vitima;526,5;BR-116/RS;Norte;Abalr.Transversal;2;0;0;0;0;0;;;;;3;0;0;0;0
19/04/2014;18:18:00;59;sem vitima;563,4;BR-116/RS;Sul;Abalr.Transversal;2;0;0;0;0;0;;;;;7;0;0;0;0
19/04/2014;15:05:00;40;com vitima;572,4;BR-116/RS;Norte;Abalr.Sentido Oposto;1;0;0;0;0;0;;;;;0;0;1;0;0
20/04/2014;20:31:00;81;com vitima;429,2;BR-116/RS;Sul;Abalr.Transversal;1;0;0;0;1;0;;;;;2;1;2;0;0
20/04/2014;23:13:00;85;com vitima;24,6;BR-392/RS;Norte;Tombamento;1;0;0;0;0;0;;;;;0;0;2;2;1
20/04/2014;20:00:00;77;com vitima;135,3;BR-392/RS;Sul;Colisao Traseira;1;0;0;1;0;0;;;;;1;3;1;0;1
21/04/2014;11:17:00;27;com vitima;27,7;BR-392/RS;Norte;Abalr.Transversal;2;0;1;0;0;0;;;;;3;2;0;0;0
21/04/2014;13:28:00;38;sem vitima;482,5;BR-116/RS;Sul;Tombamento;1;0;0;0;0;0;;;;;2;0;0;0;0
21/04/2014;17:10:00;62;com vitima;50,3;BR-392/RS;Sul;Tombamento;1;0;1;0;0;0;;;;;2;1;0;0;0
21/04/2014;16:53:00;60;com vitima;512,5;BR-116/RS;Sul;Colisao Traseira;2;0;0;0;0;0;;;;;1;1;1;0;0
21/04/2014;23:27:00;103;com vitima;64,1;BR-392/RS;Norte;Saida de Pista;2;0;0;0;0;0;;;;;2;0;1;0;0
21/04/2014;18:48:00;70;com vitima;87;BR-392/RS;Sul;Colisao Traseira;0;0;0;1;0;0;;;;;0;0;2;0;0
21/04/2014;19:29:00;75;com vitima;568,4;BR-116/RS;Sul;Saida de Pista;0;0;1;0;0;0;;;;;0;0;1;0;0
22/04/2014;12:14:00;60;sem vitima;454,6;BR-116/RS;Sul;Atropelamento;1;0;1;0;0;0;;;;;3;0;0;0;0
22/04/2014;18:58:00;100;com vitima;468,1;BR-116/RS;Sul;Abalr.Transversal;1;0;0;0;0;0;;;;;0;1;0;0;0
22/04/2014;10:59:00;53;com vitima;524,4;BR-116/RS;Sul;Colisao Traseira;0;0;1;1;0;0;;;;;1;0;0;2;0
22/04/2014;09:20:00;45;com vitima;524,5;BR-116/RS;Norte;Colisao Traseira;2;0;0;0;0;0;;;;;2;0;2;0;0
22/04/2014;11:19:00;56;com vitima;91,5;BR-392/RS;Sul;Abalr.Mesmo Sentido;1;0;2;0;0;0;;;;;2;1;0;0;0
22/04/2014;17:06:00;90;sem vitima;177,2;BR-392/RS;Sul;Saida de Pista;1;0;0;0;0;0;;;;;3;0;0;0;0
23/04/2014;12:40:00;40;com vitima;483,9;BR-116/RS;Sul;Colisao Traseira;1;0;0;0;0;0;;;;;4;1;0;0;0
23/04/2014;09:06:00;22;com vitima;525;BR-116/RS;Sul;Colisao Traseira;0;0;0;1;0;0;;;;;0;0;1;0;0
23/04/2014;04:24:00;6;com vitima;85,1;BR-392/RS;Sul;Saida de Pista;1;0;0;1;0;0;;;;;1;2;0;0;0
25/04/2014;23:26:00;99;sem vitima;400,5;BR-116/RS;Norte;Tombamento;2;0;0;0;0;0;;;;;4;0;0;0;0
25/04/2014;07:01:00;12;com vitima;451,8;BR-116/RS;Norte;Abalr.Sentido Oposto;2;0;0;1;0;0;;;;;3;0;0;1;0
25/04/2014;15:12:00;62;sem vitima;26,4;BR-392/RS;Sul;Tombamento;0;0;1;0;0;0;;;;;1;0;0;0;0
25/04/2014;17:07:00;74;sem vitima;71,9;BR-293/RS;Norte;Saida de Pista;1;0;1;0;0;0;;;;;2;0;0;0;0
25/04/2014;19:34:00;85;com vitima;524;BR-116/RS;Norte;Outros tipos de acidente;1;0;0;0;0;0;;;;;0;2;0;0;0
26/04/2014;07:09:00;10;com vitima;5,2;BR-392/RS;Sul;Abalr.Transversal;0;0;0;1;0;0;;;;;0;0;1;0;0
26/04/2014;18:59:00;67;sem vitima;637,3;BR-116/RS;Sul;Colisao Traseira;1;0;1;0;0;0;;;;;5;0;0;0;0
28/04/2014;11:35:00;41;com vitima;8,4;BR-392/RS;Norte;Colisao Traseira;1;0;1;0;0;0;;;;;1;0;1;0;0
28/04/2014;07:46:00;20;sem vitima;497,4;BR-116/RS;Norte;Abalr.Mesmo Sentido;0;0;1;0;0;0;;;;;1;0;0;0;0
28/04/2014;22:45:00;85;sem vitima;555,4;BR-116/RS;Norte;Atropelamento de Animal;1;0;0;0;0;0;;;;;1;0;0;0;0
29/04/2014;22:25:00;94;sem vitima;500;BR-116/RS;Sul;Abalr.Sentido Oposto;0;0;2;0;0;0;;;;;2;0;0;0;0
29/04/2014;06:05:00;20;com vitima;511,8;BR-116/RS;Sul;Colisao Traseira;1;0;0;0;0;0;;;;;0;1;0;1;0