data;horario;n_da_ocorrencia;tipo_de_ocorrencia;km;trecho;sentido;tipo_de_acidente;automovel;bicicleta;caminhao;moto;onibus;outros;tracao_animal;transporte_de_cargas_especiais;trator_maquinas;utilitarios;ilesos;levemente_feridos;moderadamente_feridos;gravemente_feridos;mortos
27/09/2014;21:31:00;101;sem vitima;453,7;BR-116/RS;Sul;Saida de Pista;1;0;0;1;0;0;;;;;5;0;0;0;0
27/09/2014;13:49:00;66;sem vitima;526,4;BR-116/RS;Norte;Abalr.Mesmo Sentido;3;0;0;0;0;0;;;;;5;0;0;0;0
28/09/2014;16:36:00;57;sem vitima;524,1;BR-116/RS;Sul;Abalr.Transversal;1;0;0;0;0;0;;;;;1;0;0;0;0
28/09/2014;13:40:00;45;com vitima;569,7;BR-116/RS;Norte;Saida de Pista;0;0;0;1;0;0;;;;;0;0;1;0;0
28/09/2014;10:14:00;29;com vitima;128,3;BR-392/RS;Norte;Tombamento;1;0;0;0;0;0;;;;;0;0;2;0;0
28/09/2014;11:25:00;33;sem vitima;618,7;BR-116/RS;Sul;Saida de Pista;2;0;0;0;0;0;;;;;2;0;0;0;0
29/09/2014;02:48:00;14;sem vitima;488;BR-116/RS;Norte;Saida de Pista;1;0;0;0;0;0;;;;;1;0;0;0;0
29/09/2014;17:34:00;61;sem vitima;570,6;BR-116/RS;Sul;Colisao Traseira;1;0;1;0;0;0;;;;;2;0;0;0;0
29/09/2014;14:53:00;55;sem vitima;150;BR-392/RS;Sul;Tombamento;0;0;2;0;0;0;;;;;2;0;0;0;0
30/09/2014;19:02:00;92;sem vitima;428;BR-116/RS;Norte;Colisao Traseira;1;0;1;0;0;0;;;;;2;0;0;0;0
30/09/2014;09:41:00;38;sem vitima;17,2;BR-392/RS;Sul;Abalr.Mesmo Sentido;2;0;1;0;0;0;;;;;6;0;0;0;0
30/09/2014;08:30:00;32;com vitima;62;BR-392/RS;Norte;Colisao Traseira;0;0;1;1;0;0;;;;;1;0;0;1;0
30/09/2014;17:18:00;83;sem vitima;520,9;BR-116/RS;Sul;Abalr.Transversal;1;0;0;1;0;0;;;;;3;0;0;0;0
30/09/2014;17:09:00;82;sem vitima;99,5;BR-392/RS;Norte;Saida de Pista;2;0;0;0;0;0;;;;;6;0;0;0;0
01/10/2014;02:17:00;16;sem vitima;436,1;BR-116/RS;Norte;Saida de Pista;1;0;0;1;0;0;;;;;2;0;0;0;0
01/10/2014;13:15:00;58;sem vitima;18,9;BR-392/RS;Norte;Abalr.Transversal;1;0;0;0;0;0;;;;;3;0;0;0;0
01/10/2014;10:55:00;41;sem vitima;523,8;BR-116/RS;Sul;Abalr.Mesmo Sentido;1;0;0;0;0;0;;;;;3;0;0;0;0
02/10/2014;16:04:00;91;sem vitima;430,2;BR-116/RS;Norte;Abalr.Mesmo Sentido;3;0;0;0;0;0;;;;;4;0;0;0;0
02/10/2014;10:24:00;59;com vitima;45;BR-392/RS;Sul;Saida de Pista;1;0;0;0;0;0;;;;;0;1;1;1;0
02/10/2014;09:28:00;52;sem vitima;74,4;BR-392/RS;Sul;Colisao Traseira;1;0;0;0;0;0;;;;;2;0;0;0;0
02/10/2014;19:42:00;118;com vitima;534,4;BR-116/RS;Norte;Atropelamento de Animal;1;0;0;0;0;0;;;;;0;0;1;0;0
03/10/2014;18:54:00;112;sem vitima;427,5;BR-116/RS;Sul;Abalr.Transversal;0;0;1;0;0;0;;;;;1;0;0;0;0
04/10/2014;19:44:00;80;com vitima;62,8;BR-392/RS;Norte;Atropelamento de Animal;1;0;1;0;0;0;;;;;1;0;0;0;1
04/10/2014;12:20:00;42;com vitima;516,9;BR-116/RS;Sul;Colisao Traseira;1;0;1;0;0;0;;;;;1;1;0;0;0
06/10/2014;22:11:00;93;com vitima;446,1;BR-116/RS;Sul;Abalr.Sentido Oposto;1;0;0;0;0;0;;;;;1;1;0;0;0
06/10/2014;12:25:00;44;sem vitima;24;BR-392/RS;Norte;Colisao Traseira;1;0;0;0;0;0;;;;;2;0;0;0;0
06/10/2014;12:34:00;47;sem vitima;66,2;BR-392/RS;Sul;Abalr.Mesmo Sentido;1;0;1;0;0;0;;;;;2;0;0;0;0
06/10/2014;06:52:00;19;com vitima;520,9;BR-116/RS;Sul;Abalr.Transversal;2;0;0;0;0;0;1;;;;2;1;0;0;0
07/10/2014;15:22:00;75;com vitima;66,4;BR-392/RS;Sul;Abalr.Transversal;1;0;0;0;0;0;;;;;0;3;1;0;0
08/10/2014;19:32:00;118;sem vitima;63,2;BR-392/RS;Norte;Atropelamento de Animal;2;0;0;0;0;0;;;;;3;0;0;0;0
09/10/2014;04:34:00;13;com vitima;1,6;BR-392/RS;Sul;Saida de Pista;1;0;1;0;0;0;;;;;1;3;0;0;0
10/10/2014;11:21:00;52;sem vitima;555,8;BR-116/RS;Norte;Saida de Pista;1;0;0;0;0;0;;;;;4;0;0;0;0
10/10/2014;14:09:00;70;sem vitima;119,8;BR-392/RS;Norte;Colisao Frontal;1;0;0;0;0;0;;;;;3;0;0;0;0
11/10/2014;22:46:00;119;sem vitima;518;BR-116/RS;Sul;Atropelamento de Animal;2;0;0;0;0;0;;;;;4;0;0;0;0
11/10/2014;15:49:00;87;sem vitima;557,7;BR-116/RS;Norte;Saida de Pista;1;0;0;0;0;0;;;;;4;0;0;0;0
12/10/2014;06:16:00;22;com vitima;400,8;BR-116/RS;Sul;Outros tipos de acidente;1;0;0;0;0;0;;;;;0;2;0;0;0
12/10/2014;03:16:00;20;sem vitima;96,5;BR-392/RS;Norte;Saida de Pista;1;0;0;0;0;0;;;;;1;0;0;0;0
12/10/2014;02:42:00;19;sem vitima;536,6;BR-116/RS;Sul;Atropelamento de Animal;1;0;1;0;0;0;;;;;2;0;0;0;0
13/10/2014;10:06:00;39;com vitima;526,6;BR-116/RS;Sul;Colisao com Objeto Fixo;1;0;0;1;0;0;;;;;1;1;0;0;0
14/10/2014;13:32:00;59;com vitima;433,6;BR-116/RS;Norte;Colisao Traseira;0;0;0;1;0;0;;;;;0;2;0;0;0
14/10/2014;16:02:00;77;sem vitima;67;BR-392/RS;Sul;Abalr.Mesmo Sentido;2;0;0;0;0;0;;;;;8;0;0;0;0
14/10/2014;08:05:00;24;sem vitima;523,5;BR-116/RS;Norte;Abalr.Mesmo Sentido;2;0;0;0;0;0;;;;;4;0;0;0;0
16/10/2014;10:13:00;48;sem vitima;464,8;BR-116/RS;Sul;Abalr.Transversal;2;0;0;0;0;0;;;;;3;0;0;0;0
16/10/2014;00:46:00;5;sem vitima;483,8;BR-116/RS;Sul;Saida de Pista;2;0;0;0;0;0;;;;;3;0;0;0;0
18/10/2014;07:16:00;21;com vitima;71,5;BR-392/RS;Norte;Abalr.Mesmo Sentido;1;0;0;1;0;0;;;;;1;1;0;0;0
18/10/2014;12:17:00;58;com vitima;571,5;BR-116/RS;Sul;Saida de Pista;0;0;1;1;0;0;;;;;1;1;0;0;0
19/10/2014;01:29:00;4;com vitima;400,6;BR-116/RS;Sul;Capotamento;1;0;0;1;0;0;;;;;0;2;1;0;0
19/10/2014;17:24:00;77;sem vitima;458,1;BR-116/RS;Norte;Saida de Pista;3;0;0;0;0;0;;;;;4;0;0;0;0
19/10/2014;08:31:00;25;sem vitima;462;BR-116/RS;Sul;Capotamento;0;0;1;0;0;0;;;;;2;0;0;0;0
19/10/2014;05:48:00;16;sem vitima;60;BR-392/RS;Norte;Colisao Traseira;0;0;1;0;0;0;;;;;1;0;0;0;0
19/10/2014;06:46:00;17;sem vitima;61,1;BR-392/RS;Sul;Saida de Pista;2;0;0;0;0;0;;;;;6;0;0;0;0
19/10/2014;07:22:00;18;com vitima;66,9;BR-392/RS;Sul;Abalr.Transversal;1;0;0;1;0;0;;;;;1;0;0;1;0
19/10/2014;18:16:00;78;com vitima;553,3;BR-116/RS;Norte;Tombamento;2;0;0;0;0;0;;;;;0;3;0;0;0
20/10/2014;22:43:00;115;sem vitima;66,9;BR-392/RS;Sul;Colisao com Objeto Fixo;1;0;0;0;0;0;;;;;2;0;0;0;0
20/10/2014;16:47:00;90;com vitima;526,8;BR-116/RS;Norte;Colisao Traseira;1;0;0;1;0;0;;;;;0;0;1;1;0
20/10/2014;10:36:00;53;sem vitima;111,4;BR-392/RS;Sul;Colisao Traseira;2;0;0;0;0;0;;;;;7;0;0;0;0
20/10/2014;08:12:00;41;sem vitima;537,9;BR-116/RS;Sul;Colisao Traseira;2;0;0;0;0;0;;;;;2;0;0;0;0
21/10/2014;00:02:00;1;sem vitima;111,4;BR-392/RS;Sul;Colisao Traseira;0;0;1;0;0;0;;;;;1;0;0;0;0
22/10/2014;08:57:00;34;com vitima;413,9;BR-116/RS;Sul;Saida de Pista;1;0;0;0;1;0;;;;;35;1;0;0;0
22/10/2014;14:57:00;72;com vitima;430;BR-116/RS;Norte;Colisao Traseira;1;0;0;1;0;0;;;;;1;2;0;0;0
22/10/2014;09:50:00;40;com vitima;450,1;BR-116/RS;Sul;Colisao Traseira;0;0;0;1;0;0;;;;;0;1;0;0;0
22/10/2014;06:34:00;22;sem vitima;32,9;BR-392/RS;Sul;Colisao Traseira;1;0;1;0;0;0;;;;;2;0;0;0;0
23/10/2014;13:41:00;63;com vitima;491,5;BR-116/RS;Sul;Abalr.Mesmo Sentido;1;0;1;0;0;0;;;;;1;0;1;0;0
23/10/2014;09:33:00;38;com vitima;52,2;BR-392/RS;Sul;Abalr.Transversal;1;0;0;1;0;0;;;;;1;0;1;0;0
23/10/2014;12:38:00;57;sem vitima;52,2;BR-392/RS;Norte;Outros tipos de acidente;3;0;0;0;0;0;;;;;5;0;0;0;0
23/10/2014;11:09:00;47;com vitima;523,5;BR-116/RS;Norte;Abalr.Transversal;1;0;1;0;0;0;;;;;1;0;0;1;0
24/10/2014;14:48:00;76;com vitima;117,3;BR-392/RS;Norte;Colisao Traseira;1;0;0;1;0;0;;;;;2;1;0;1;0
25/10/2014;23:10:00;126;sem vitima;1,5;BR-392/RS;Sul;Colisao Frontal;1;0;0;0;0;0;;;;;7;0;0;0;0
25/10/2014;19:25:00;110;sem vitima;13,6;BR-392/RS;Sul;Saida de Pista;1;0;1;0;0;0;;;;;2;0;0;0;0
25/10/2014;20:30:00;118;sem vitima;35,4;BR-392/RS;Sul;Saida de Pista;1;0;1;0;0;0;;;;;6;0;0;0;0
26/10/2014;18:30:00;85;sem vitima;58,9;BR-392/RS;Sul;Saida de Pista;1;0;1;0;0;0;;;;;2;0;0;0;0
26/10/2014;23:52:00;109;com vitima;518,8;BR-116/RS;Sul;Abalr.Transversal;1;0;0;0;0;0;;;;;0;1;0;0;0
27/10/2014;08:49:00;39;com vitima;0,1;BR-392/RS;Sul;Colisao Traseira;0;0;1;1;1;0;;;;;2;0;1;0;0
27/10/2014;07:41:00;31;com vitima;1,6;BR-392/RS;Sul;Colisao Frontal;2;0;0;0;0;0;;;;;3;2;0;0;0
28/10/2014;17:21:00;109;sem vitima;408,8;BR-116/RS;Norte;Saida de Pista;1;0;0;0;0;0;;;;;3;0;0;0;0
28/10/2014;18:42:00;118;com vitima;421,6;BR-116/RS;Sul;Abalr.Sentido Oposto;1;0;0;0;0;0;;;;;2;1;0;0;0
28/10/2014;18:23:00;116;sem vitima;510,3;BR-116/RS;Norte;Colisao Traseira;1;0;0;0;0;0;;;;;2;0;0;0;0
28/10/2014;07:23:00;28;com vitima;523,6;BR-116/RS;Norte;Abalr.Mesmo Sentido;1;0;0;0;0;0;;;;;1;0;1;0;0
29/10/2014;22:49:00;110;sem vitima;526,5;BR-116/RS;Norte;Saida de Pista;3;0;0;0;0;0;;;;;4;0;0;0;0
29/10/2014;12:32:00;44;com vitima;557,6;BR-116/RS;Norte;Saida de Pista;0;0;1;1;0;0;;;;;1;0;1;0;0
29/10/2014;22:38:00;108;com vitima;611,7;BR-116/RS;Norte;Abalr.Transversal;0;0;0;1;0;0;;;;;0;1;0;0;0
30/10/2014;12:24:00;62;sem vitima;4,3;BR-392/RS;Norte;Abalr.Mesmo Sentido;0;0;2;0;0;0;;;;;2;0;0;0;0
30/10/2014;10:18:00;43;com vitima;550,9;BR-116/RS;Norte;Atropelamento de Animal;0;0;0;1;0;0;;;;;0;0;0;0;1
31/10/2014;18:18:00;90;sem vitima;465;BR-116/RS;Sul;Abalr.Transversal;0;0;1;0;1;0;;;;;3;0;0;0;0
31/10/2014;15:09:00;70;sem vitima;27,8;BR-392/RS;Norte;Colisao Traseira;1;0;0;0;0;0;;;;;1;0;0;0;0
31/10/2014;08:33:00;36;com vitima;111,4;BR-392/RS;Sul;Colisao Traseira;0;0;1;1;0;0;;;;;1;0;0;0;1
01/11/2014;06:15:00;28;com vitima;523;BR-116/RS;Sul;Saida de Pista;1;0;1;0;0;0;;;;;1;0;0;0;1
02/11/2014;18:56:00;110;sem vitima;482,5;BR-116/RS;Sul;Colisao Frontal;2;0;0;0;0;0;;;;;3;0;0;0;0
02/11/2014;19:08:00;113;sem vitima;519;BR-116/RS;Sul;Atropelamento;0;0;1;0;0;0;;;;;2;0;0;0;0
02/11/2014;09:15:00;43;sem vitima;125;BR-392/RS;Norte;Abalr.Transversal;2;0;0;0;0;0;;;;;2;0;0;0;0
03/11/2014;01:27:00;11;com vitima;482,4;BR-116/RS;Sul;Saida de Pista;1;0;2;0;0;0;;;;;4;0;1;0;0
03/11/2014;22:01:00;117;sem vitima;90,2;BR-392/RS;Norte;Saida de Pista;0;0;2;0;0;0;;;;;3;0;0;0;0
04/11/2014;04:03:00;19;com vitima;428,2;BR-116/RS;Norte;Atropelamento de Animal;1;0;1;0;0;0;;;;;5;1;0;0;0
05/11/2014;13:33:00;83;com vitima;8,1;BR-392/RS;Norte;Saida de Pista;2;0;0;0;0;0;;;;;0;0;5;0;0
05/11/2014;07:48:00;40;sem vitima;585,1;BR-116/RS;Sul;Saida de Pista;1;0;1;0;0;0;;;;;3;0;0;0;0
06/11/2014;19:44:00;116;com vitima;437,8;BR-116/RS;Sul;Saida de Pista;1;0;0;0;1;0;;;;;1;0;1;0;0
06/11/2014;08:47:00;41;com vitima;520,8;BR-116/RS;Sul;Abalr.Transversal;0;0;1;1;0;0;;;;;1;0;0;1;0
06/11/2014;22:28:00;125;sem vitima;66,9;BR-392/RS;Sul;Saida de Pista;2;0;0;0;0;0;;;;;4;0;0;0;0
07/11/2014;03:09:00;14;sem vitima;86,5;BR-392/RS;Sul;Saida de Pista;1;0;0;0;0;0;;;;;3;0;0;0;0
07/11/2014;01:12:00;11;com vitima;533,3;BR-116/RS;Norte;Atropelamento de Animal;0;0;0;1;0;0;;;;;0;1;0;0;0
07/11/2014;22:28:00;119;sem vitima;142;BR-392/RS;Sul;Abalr.Sentido Oposto;1;0;0;0;0;0;;;;;2;0;0;0;0
08/11/2014;00:31:00;4;com vitima;411,6;BR-116/RS;Sul;Abalr.Sentido Oposto;0;0;0;2;0;0;;;;;0;2;1;0;0
08/11/2014;04:39:00;16;com vitima;503,1;BR-116/RS;Sul;Colisao Traseira;1;0;0;1;0;0;;;;;0;0;2;0;0
08/11/2014;12:47:00;51;com vitima;510,6;BR-116/RS;Norte;Abalr.Transversal;1;0;0;0;0;0;;;;;2;0;2;0;0
08/11/2014;07:58:00;26;com vitima;524,6;BR-116/RS;Norte;Saida de Pista;2;0;0;0;0;0;;;;;0;5;0;0;0
08/11/2014;09:41:00;36;sem vitima;132,5;BR-392/RS;Sul;Colisao Traseira;2;0;1;0;0;0;;;;;5;0;0;0;0
09/11/2014;15:29:00;75;sem vitima;47,1;BR-392/RS;Norte;Saida de Pista;0;0;1;0;0;0;;;;;1;0;0;0;0
09/11/2014;00:21:00;7;com vitima;516,7;BR-116/RS;Norte;Atropelamento;0;0;1;0;0;0;;;;;1;1;0;0;0
09/11/2014;22:56:00;120;com vitima;76,3;BR-392/RS;Norte;Abalr.Transversal;1;0;0;0;0;0;;;;;0;1;0;0;0
09/11/2014;21:00:00;111;com vitima;564,3;BR-116/RS;Norte;Saida de Pista;0;0;1;0;0;0;;;;;0;0;0;0;1
10/11/2014;08:16:00;35;com vitima;523,4;BR-116/RS;Sul;Tombamento;1;0;0;0;0;0;;;;;0;2;0;0;0
10/11/2014;11:08:00;53;sem vitima;656,2;BR-116/RS;Norte;Saida de Pista;1;0;0;0;1;0;;;;;2;0;0;0;0
11/11/2014;07:38:00;26;com vitima;1,5;BR-392/RS;Sul;Colisao Frontal;0;0;0;1;0;0;;;;;0;2;0;0;0
11/11/2014;08:36:00;34;com vitima;3,3;BR-392/RS;Norte;Tombamento;1;0;0;0;0;0;;;;;0;1;0;0;0
11/11/2014;10:20:00;43;com vitima;440,4;BR-116/RS;Norte;Saida de Pista;1;0;0;0;0;0;;;;;1;1;0;0;0
11/11/2014;10:00:00;40;sem vitima;62,1;BR-392/RS;Norte;Colisao Traseira;1;0;0;0;0;0;;;;;1;0;0;0;0
11/11/2014;08:56:00;36;sem vitima;523,5;BR-116/RS;Norte;Saida de Pista;1;0;0;0;0;0;;;;;1;0;0;0;0
12/11/2014;11:23:00;54;com vitima;425,8;BR-116/RS;Norte;Colisao Traseira;1;0;1;0;0;0;;;;;1;0;0;3;1
12/11/2014;08:12:00;34;sem vitima;483,5;BR-116/RS;Norte;Abalr.Transversal;1;0;0;0;0;0;;;;;1;0;0;0;0
12/11/2014;08:04:00;33;com vitima;523,6;BR-116/RS;Norte;Abalr.Mesmo Sentido;1;0;0;1;0;0;;;;;1;1;0;0;0
12/11/2014;12:13:00;62;com vitima;196,1;BR-392/RS;Sul;Saida de Pista;1;0;0;0;0;0;;;;;0;1;0;0;0
13/11/2014;14:46:00;65;sem vitima;507,4;BR-116/RS;Norte;Colisao Traseira;1;0;0;0;0;0;;;;;3;0;0;0;0
13/11/2014;14:18:00;63;sem vitima;520,9;BR-116/RS;Sul;Abalr.Transversal;1;0;1;0;0;0;;;;;3;0;0;0;0
14/11/2014;10:48:00;46;com vitima;506;BR-116/RS;Sul;Saida de Pista;1;0;0;0;0;0;;;;;0;0;1;0;0
14/11/2014;02:41:00;16;sem vitima;512,9;BR-116/RS;Norte;Atropelamento de Animal;1;0;0;0;0;0;;;;;1;0;0;0;0
14/11/2014;14:20:00;63;com vitima;521;BR-116/RS;Norte;Abalr.Transversal;0;0;2;0;0;0;;;;;1;1;0;0;0
14/11/2014;18:17:00;96;sem vitima;100,7;BR-392/RS;Sul;Colisao Traseira;1;0;1;0;0;0;;;;;2;0;0;0;0
15/11/2014;19:10:00;115;com vitima;545,1;BR-116/RS;Norte;Abalr.Sentido Oposto;1;0;0;1;0;0;;;;;1;0;0;1;0
16/11/2014;00:33:00;8;sem vitima;520,9;BR-116/RS;Sul;Abalr.Transversal;0;0;1;0;0;0;;;;;2;0;0;0;0
16/11/2014;18:06:00;88;com vitima;624,9;BR-116/RS;Sul;Colisao Frontal;0;0;1;1;1;0;;;;;2;2;0;0;0
17/11/2014;08:22:00;31;sem vitima;1,3;BR-392/RS;Norte;Abalr.Transversal;0;0;1;0;1;0;;;;;29;0;0;0;0
17/11/2014;20:13:00;123;com vitima;403,5;BR-116/RS;Sul;Saida de Pista;1;0;0;1;0;0;;;;;1;2;0;0;0
17/11/2014;03:27:00;19;com vitima;403,8;BR-116/RS;Sul;Colisao Frontal;1;0;0;1;0;0;;;;;5;0;1;0;0
19/11/2014;17:36:00;111;com vitima;516,8;BR-116/RS;Norte;Abalr.Transversal;0;0;1;1;0;0;;;;;1;1;1;0;0
20/11/2014;08:42:00;33;com vitima;452,1;BR-116/RS;Sul;Atropelamento;1;0;0;0;0;0;;;;;6;0;1;0;0
20/11/2014;11:39:00;52;sem vitima;520,9;BR-116/RS;Norte;Abalr.Transversal;2;0;0;0;0;0;;;;;2;0;0;0;0
21/11/2014;03:26:00;16;sem vitima;5,6;BR-392/RS;Norte;Saida de Pista;3;0;0;0;0;0;;;;;3;0;0;0;0
21/11/2014;14:35:00;58;sem vitima;7,5;BR-392/RS;Norte;Abalr.Sentido Oposto;2;0;0;0;0;0;;;;;2;0;0;0;0
21/11/2014;03:32:00;17;com vitima;65,8;BR-392/RS;Norte;Saida de Pista;1;0;0;0;0;0;;;;;0;1;0;0;0
21/11/2014;08:25:00;26;sem vitima;523,2;BR-116/RS;Norte;Tombamento;1;0;0;0;0;0;;;;;2;0;0;0;0
21/11/2014;09:57:00;31;com vitima;525;BR-116/RS;Sul;Outros tipos de acidente;1;0;0;1;0;0;;;;;1;1;0;0;0
22/11/2014;20:49:00;94;sem vitima;514,4;BR-116/RS;Norte;Abalr.Transversal;3;0;0;0;0;0;;;;;4;0;0;0;0
22/11/2014;03:41:00;25;sem vitima;120,2;BR-392/RS;Sul;Saida de Pista;2;0;0;0;0;0;;;;;7;0;0;0;0
23/11/2014;22:33:00;111;com vitima;0,8;BR-392/RS;Norte;Saida de Pista;0;0;0;1;0;0;;;;;0;0;2;0;0
24/11/2014;08:53:00;48;com vitima;527;BR-116/RS;Norte;Tombamento;1;0;0;0;0;0;;;;;0;0;1;0;0
25/11/2014;06:44:00;18;com vitima;468,4;BR-116/RS;Norte;Saida de Pista;4;0;0;0;0;0;;;;;6;1;0;0;0
25/11/2014;14:30:00;60;sem vitima;66,9;BR-392/RS;Norte;Saida de Pista;1;0;0;0;0;0;;;;;1;0;0;0;0
25/11/2014;17:16:00;74;sem vitima;74,5;BR-392/RS;Sul;Abalr.Transversal;0;0;1;0;0;0;;;;;1;0;0;0;0
25/11/2014;14:27:00;59;com vitima;559,4;BR-116/RS;Norte;Colisao Traseira;1;0;1;0;0;0;;;;;4;0;1;0;0
26/11/2014;02:53:00;19;com vitima;149;BR-392/RS;Norte;Abalr.Sentido Oposto;1;0;0;1;0;0;;;;;1;1;0;0;0
28/11/2014;01:58:00;22;sem vitima;14,4;BR-392/RS;Sul;Outros tipos de acidente;0;0;1;0;0;0;;;;;1;0;0;0;0
28/11/2014;08:49:00;39;sem vitima;19,5;BR-392/RS;Norte;Tombamento;0;0;1;0;0;0;;;;;1;0;0;0;0
28/11/2014;18:19:00;96;com vitima;523,5;BR-116/RS;Norte;Colisao Traseira;1;0;1;0;0;0;;;;;2;4;0;0;0
29/11/2014;17:37:00;76;com vitima;19,1;BR-392/RS;Norte;Colisao Traseira;2;0;1;0;0;0;;;;;3;0;1;1;0
29/11/2014;17:44:00;77;com vitima;481,5;BR-116/RS;Norte;Abalr.Transversal;1;0;0;0;0;0;;;;;0;0;4;1;0
30/11/2014;19:37:00;81;sem vitima;35,2;BR-392/RS;Norte;Saida de Pista;1;0;0;0;0;0;;;;;1;0;0;0;0
30/11/2014;05:37:00;15;sem vitima;500,6;BR-116/RS;Sul;Saida de Pista;3;0;0;0;0;0;;;;;3;0;0;0;0
30/11/2014;18:31:00;72;com vitima;523,3;BR-116/RS;Sul;Saida de Pista;2;0;0;0;0;0;;;;;3;0;1;0;0
01/12/2014;16:29:00;73;com vitima;7,3;BR-392/RS;Norte;Abalr.Transversal;1;0;1;0;0;0;;;;;2;1;0;0;0
01/12/2014;06:48:00;18;sem vitima;27,2;BR-392/RS;Sul;Saida de Pista;1;0;0;0;0;0;;;;;2;0;0;0;0
01/12/2014;05:54:00;15;sem vitima;36,2;BR-392/RS;Sul;Outros tipos de acidente;1;0;0;0;0;0;;;;;2;0;0;0;0
02/12/2014;13:10:00;64;sem vitima;1,6;BR-392/RS;Sul;Abalr.Transversal;1;0;0;0;0;0;;;;;1;0;0;0;0
02/12/2014;23:09:00;118;sem vitima;13,3;BR-392/RS;Sul;Tombamento;1;0;0;0;0;0;;;;;3;0;0;0;0
02/12/2014;17:03:00;78;com vitima;523,4;BR-116/RS;Sul;Abalr.Transversal;1;0;0;1;0;0;;;;;1;0;1;0;0
03/12/2014;16:22:00;93;sem vitima;514,2;BR-116/RS;Norte;Tombamento;1;0;0;0;0;0;;;;;1;0;0;0;0
03/12/2014;07:34:00;24;com vitima;519,2;BR-116/RS;Norte;Abalr.Transversal;1;0;0;0;0;0;;;;;0;2;0;0;0
03/12/2014;18:24:00;102;com vitima;528,8;BR-116/RS;Sul;Abalr.Mesmo Sentido;0;0;0;1;0;0;;;;;0;0;1;0;0
04/12/2014;18:51:00;86;com vitima;427,5;BR-116/RS;Norte;Abalr.Transversal;1;0;0;0;0;0;;;;;0;0;1;0;0
04/12/2014;07:49:00;29;com vitima;61;BR-392/RS;Sul;Saida de Pista;1;0;0;1;1;0;;;;;2;1;0;0;0
04/12/2014;18:34:00;85;com vitima;575,6;BR-116/RS;Sul;Saida de Pista;0;0;0;1;0;0;;;;;0;0;0;1;0
06/12/2014;09:34:00;35;com vitima;425,2;BR-116/RS;Norte;Abalr.Mesmo Sentido;1;0;0;0;0;0;;;;;0;1;0;0;0
06/12/2014;17:19:00;70;sem vitima;66,9;BR-392/RS;Sul;Abalr.Transversal;1;0;0;0;0;0;;;;;2;0;0;0;0
08/12/2014;22:33:00;132;sem vitima;415;BR-116/RS;Norte;Saida de Pista;1;0;0;0;0;0;;;;;2;0;0;0;0
08/12/2014;07:54:00;33;com vitima;520,9;BR-116/RS;Sul;Abalr.Transversal;1;0;0;1;0;0;;;;;1;0;0;1;0
08/12/2014;18:36:00;117;com vitima;97,4;BR-392/RS;Norte;Abalr.Mesmo Sentido;1;0;1;0;0;0;;;;;1;1;0;0;0
09/12/2014;13:04:00;58;sem vitima;62,1;BR-392/RS;Norte;Abalr.Mesmo Sentido;1;0;0;0;0;0;;;;;1;0;0;0;0
09/12/2014;10:58:00;47;sem vitima;71,8;BR-392/RS;Sul;Abalr.Transversal;1;0;1;0;0;0;;;;;4;0;0;0;0
12/12/2014;19:02:00;82;sem vitima;421,3;BR-116/RS;Sul;Colisao Traseira;3;0;0;0;0;0;;;;;7;0;0;0;0
12/12/2014;18:46:00;80;sem vitima;99,6;BR-392/RS;Sul;Tombamento;0;0;2;0;0;0;;;;;3;0;0;0;0
15/12/2014;13:33:00;64;sem vitima;66,2;BR-392/RS;Sul;Abalr.Transversal;0;0;1;0;0;0;;;;;1;0;0;0;0
16/12/2014;22:48:00;110;sem vitima;454,6;BR-116/RS;Norte;Abalr.Transversal;0;0;1;0;0;0;;;;;1;0;0;0;0
16/12/2014;04:10:00;20;sem vitima;28,4;BR-392/RS;Sul;Saida de Pista;0;0;1;0;0;0;;;;;2;0;0;0;0
16/12/2014;11:30:00;58;sem vitima;514,5;BR-116/RS;Norte;Tombamento;1;0;1;0;0;0;;;;;3;0;0;0;0
16/12/2014;06:17:00;26;sem vitima;558;BR-116/RS;Norte;Colisao Traseira;1;0;0;0;0;0;;;;;1;0;0;0;0
17/12/2014;23:12:00;125;sem vitima;496;BR-116/RS;Norte;Colisao Traseira;0;0;1;0;0;0;;;;;3;0;0;0;0
17/12/2014;17:44:00;97;sem vitima;523;BR-116/RS;Sul;Abalr.Transversal;0;0;1;0;0;0;;;;;1;0;0;0;0
19/12/2014;16:46:00;79;com vitima;484,8;BR-116/RS;Norte;Colisao Traseira;0;0;2;0;0;0;;;;;3;1;0;0;0
19/12/2014;14:58:00;69;com vitima;520,9;BR-116/RS;Norte;Abalr.Transversal;1;0;0;0;0;0;;;;;0;0;1;0;0
19/12/2014;13:59:00;61;com vitima;68;BR-392/RS;Sul;Colisao Traseira;1;0;1;0;0;0;;;;;2;2;0;0;0
20/12/2014;09:39:00;41;sem vitima;427,5;BR-116/RS;Sul;Atropelamento;2;0;0;0;0;0;;;;;5;0;0;0;0
21/12/2014;12:35:00;43;com vitima;407,7;BR-116/RS;Sul;Saida de Pista;0;0;1;0;0;0;;;;;1;0;1;0;0