data;horario;n_da_ocorrencia;tipo_de_ocorrencia;km;trecho;sentido;tipo_de_acidente;automovel;bicicleta;caminhao;moto;onibus;outros;tracao_animal;transporte_de_cargas_especiais;trator_maquinas;utilitarios;ilesos;levemente_feridos;moderadamente_feridos;gravemente_feridos;mortos
21/12/2014;09:19:00;29;com vitima;84,2;BR-392/RS;Sul;Saida de Pista;2;0;0;0;0;0;;;;;1;2;0;1;0
21/12/2014;19:19:00;94;com vitima;108,1;BR-392/RS;Sul;Saida de Pista;1;0;0;1;0;0;;;;;2;1;0;0;0
22/12/2014;19:24:00;88;com vitima;417;BR-116/RS;Sul;Colisao Traseira;1;0;0;0;0;0;;;;;2;1;0;0;0
22/12/2014;20:19:00;96;com vitima;66,9;BR-392/RS;Sul;Abalr.Transversal;0;0;0;1;0;0;;;;;0;0;1;0;0
22/12/2014;05:04:00;21;com vitima;594,4;BR-116/RS;Norte;Atropelamento de Animal;0;0;0;1;0;0;;;;;0;0;1;0;0
23/12/2014;22:15:00;114;com vitima;428,1;BR-116/RS;Sul;Tombamento;0;0;0;1;0;0;;;;;0;1;0;0;0
23/12/2014;17:09:00;86;sem vitima;39,9;BR-392/RS;Sul;Tombamento;1;0;0;0;0;0;;;;;2;0;0;0;0
24/12/2014;21:29:00;113;com vitima;532,6;BR-116/RS;Norte;Tombamento;0;0;2;0;0;0;;;;;2;1;0;0;0
25/12/2014;17:04:00;56;sem vitima;66,5;BR-392/RS;Sul;Abalr.Transversal;1;0;0;0;0;0;;;;;1;0;0;0;0
26/12/2014;23:53:00;84;sem vitima;400,8;BR-116/RS;Norte;Saida de Pista;0;0;1;0;0;1;;;;;3;0;0;0;0
26/12/2014;09:59:00;22;sem vitima;513,5;BR-116/RS;Norte;Tombamento;0;0;1;0;0;0;;;;;1;0;0;0;0
26/12/2014;17:59:00;66;com vitima;519,7;BR-116/RS;Norte;Abalr.Transversal;0;0;1;0;0;0;;;;;0;1;0;0;0
26/12/2014;04:40:00;14;sem vitima;75;BR-392/RS;Sul;Colisao Traseira;0;0;2;0;0;0;;;;;2;0;0;0;0
26/12/2014;22:45:00;81;sem vitima;83,3;BR-392/RS;Norte;Saida de Pista;0;0;2;0;0;0;;;;;2;0;0;0;0
30/12/2014;12:13:00;63;sem vitima;445,6;BR-116/RS;Sul;Abalr.Mesmo Sentido;1;0;1;0;0;0;;;;;2;0;0;0;0
30/12/2014;21:37:00;122;com vitima;519,5;BR-116/RS;Norte;Atropelamento;2;0;0;0;0;0;;;;;5;1;0;0;0
30/12/2014;08:02:00;36;sem vitima;131,4;BR-392/RS;Norte;Abalr.Transversal;2;0;0;0;0;0;;;;;3;0;0;0;0
30/12/2014;14:52:00;72;sem vitima;600;BR-116/RS;Sul;Saida de Pista;2;0;0;0;0;0;;;;;8;0;0;0;0
01/01/2015;00:02:00;1;com vitima;539,8;BR-116/RS;Sul;Tombamento;1;0;0;0;0;0;;;;;0;0;2;0;0
02/01/2015;17:58:00;87;sem vitima;523,7;BR-116/RS;Norte;Tombamento;1;0;1;0;0;0;;;;;4;0;0;0;0
02/01/2015;16:34:00;75;sem vitima;529,2;BR-116/RS;Sul;Abalr.Transversal;3;0;0;0;0;0;;;;;4;0;0;0;0
03/01/2015;14:45:00;60;com vitima;450,8;BR-116/RS;Norte;Colisao Traseira;1;0;0;0;0;0;;;;;0;1;0;0;0
04/01/2015;18:57:00;88;com vitima;495;BR-116/RS;Norte;Colisao Traseira;0;0;0;1;0;0;;;;;0;0;1;0;0
05/01/2015;15:49:00;76;sem vitima;479,6;BR-116/RS;Sul;Colisao Frontal;0;0;1;0;0;0;;;;;2;0;0;0;0
05/01/2015;04:24:00;11;com vitima;78,5;BR-392/RS;Sul;Colisao Traseira;1;0;0;1;0;0;;;;;1;1;0;0;0
06/01/2015;17:18:00;88;sem vitima;149,4;BR-392/RS;Sul;Saida de Pista;1;0;0;0;1;0;;;;;3;0;0;0;0
07/01/2015;11:54:00;46;com vitima;107,1;BR-392/RS;Norte;Saida de Pista;0;0;0;1;0;0;;;;;0;1;0;0;0
07/01/2015;07:51:00;24;sem vitima;110,6;BR-392/RS;Norte;Tombamento;1;0;0;0;0;0;;;;;1;0;0;0;0
07/01/2015;17:44:00;85;sem vitima;116;BR-392/RS;Sul;Saida de Pista;2;0;0;0;0;0;;;;;4;0;0;0;0
07/01/2015;17:03:00;78;sem vitima;119,5;BR-392/RS;Norte;Abalr.Mesmo Sentido;3;0;1;0;0;0;;;;;17;0;0;0;0
08/01/2015;07:11:00;30;com vitima;19,8;BR-392/RS;Sul;Colisao Traseira;0;0;0;1;0;0;;;;;0;0;1;0;0
08/01/2015;17:04:00;97;com vitima;65,8;BR-392/RS;Sul;Abalr.Transversal;0;0;1;0;0;0;;;;;0;0;1;0;0
08/01/2015;08:17:00;32;com vitima;66,9;BR-392/RS;Sul;Abalr.Mesmo Sentido;0;0;0;1;0;0;;;;;0;0;0;1;0
09/01/2015;17:55:00;93;com vitima;46,6;BR-392/RS;Sul;Saida de Pista;1;0;0;0;0;0;;;;;0;1;0;0;0
09/01/2015;10:28:00;50;sem vitima;516,8;BR-116/RS;Norte;Colisao Traseira;2;0;0;0;0;0;;;;;8;0;0;0;0
09/01/2015;22:43:00;107;sem vitima;523,6;BR-116/RS;Sul;Saida de Pista;1;0;0;0;0;0;;;;;1;0;0;0;0
09/01/2015;12:56:00;66;com vitima;530,1;BR-116/RS;Norte;Abalr.Transversal;2;0;0;0;0;0;;;;;2;0;2;0;0
12/01/2015;15:26:00;72;sem vitima;471,3;BR-116/RS;Norte;Saida de Pista;2;0;0;0;0;0;;;;;2;0;0;0;0
12/01/2015;11:37:00;55;sem vitima;66,9;BR-392/RS;Sul;Abalr.Transversal;1;0;0;0;0;0;;;;;1;0;0;0;0
12/01/2015;15:36:00;74;com vitima;523,5;BR-116/RS;Sul;Abalr.Mesmo Sentido;0;0;1;0;0;0;;;;;0;1;0;0;0
12/01/2015;20:06:00;110;com vitima;529,2;BR-116/RS;Norte;Abalr.Transversal;2;0;0;0;0;0;;;;;3;1;0;0;0
13/01/2015;16:42:00;94;sem vitima;52,2;BR-392/RS;Norte;Colisao Traseira;1;0;0;0;0;0;;;;;1;0;0;0;0
13/01/2015;07:59:00;37;sem vitima;66,7;BR-392/RS;Norte;Abalr.Transversal;2;0;0;0;0;0;;;;;2;0;0;0;0
13/01/2015;10:31:00;58;com vitima;71;BR-392/RS;Norte;Abalr.Mesmo Sentido;1;0;0;0;0;0;;;;;0;0;0;0;1
13/01/2015;17:16:00;98;sem vitima;116;BR-392/RS;Norte;Colisao Frontal;0;0;1;0;0;0;;;;;1;0;0;0;0
14/01/2015;02:49:00;18;com vitima;30,1;BR-392/RS;Sul;Atropelamento de Animal;0;0;0;1;0;0;;;;;0;1;0;0;0
14/01/2015;22:16:00;101;com vitima;147,9;BR-392/RS;Sul;Atropelamento de Animal;1;0;0;1;0;0;;;;;1;1;0;0;0
15/01/2015;13:54:00;64;com vitima;65,5;BR-392/RS;Sul;Saida de Pista;0;0;1;0;0;0;;;;;0;0;0;1;0
16/01/2015;18:06:00;105;com vitima;52,3;BR-392/RS;Norte;Colisao Traseira;0;0;0;1;0;0;;;;;0;2;0;0;0
17/01/2015;12:19:00;47;sem vitima;522,9;BR-116/RS;Sul;Colisao Traseira;3;0;0;0;0;0;;;;;5;0;0;0;0
17/01/2015;19:49:00;84;com vitima;92,7;BR-392/RS;Norte;Saida de Pista;0;0;0;0;1;0;;;;;0;3;4;2;0
18/01/2015;18:22:00;84;sem vitima;456;BR-116/RS;Norte;Saida de Pista;4;0;0;0;0;0;;;;;0;0;0;0;0
19/01/2015;10:44:00;57;sem vitima;406,1;BR-116/RS;Norte;Abalr.Sentido Oposto;1;0;1;0;0;0;;;;;5;0;0;0;0
19/01/2015;18:52:00;109;com vitima;482,5;BR-116/RS;Norte;Abalr.Transversal;0;0;1;1;0;0;;;;;4;0;1;0;1
19/01/2015;12:53:00;72;com vitima;510,5;BR-116/RS;Norte;Abalr.Transversal;0;1;1;0;0;0;;;;;1;0;1;0;0
19/01/2015;20:39:00;119;com vitima;75,6;BR-392/RS;Sul;Abalr.Mesmo Sentido;2;0;0;0;0;0;;;;;0;2;1;0;0
19/01/2015;04:30:00;19;sem vitima;655,5;BR-116/RS;Sul;Saida de Pista;0;0;0;0;2;0;;;;;2;0;0;0;0
20/01/2015;02:48:00;20;sem vitima;483,9;BR-116/RS;Norte;Saida de Pista;0;0;1;0;0;0;;;;;1;0;0;0;0
20/01/2015;17:39:00;99;com vitima;99,5;BR-392/RS;Norte;Colisao Frontal;1;0;0;0;0;0;;;;;0;1;0;0;0
21/01/2015;08:38:00;37;sem vitima;59,1;BR-392/RS;Sul;Colisao com Objeto Fixo;0;0;2;0;0;0;;;;;2;0;0;0;0
22/01/2015;22:33:00;100;com vitima;431,4;BR-116/RS;Sul;Atropelamento de Animal;1;0;0;0;0;0;;;;;0;2;0;0;0
22/01/2015;18:01:00;91;com vitima;21,3;BR-392/RS;Sul;Saida de Pista;1;0;0;0;0;0;;;;;0;1;0;0;0
22/01/2015;13:34:00;54;sem vitima;167,7;BR-392/RS;Norte;Saida de Pista;0;0;1;0;0;0;;;;;1;0;0;0;0
23/01/2015;07:15:00;26;com vitima;52,4;BR-392/RS;Sul;Colisao Traseira;0;0;0;1;0;0;;;;;1;0;1;0;0
23/01/2015;06:50:00;23;com vitima;102,1;BR-392/RS;Sul;Colisao Traseira;1;0;1;0;0;0;;;;;2;0;1;0;0
24/01/2015;20:13:00;95;sem vitima;482,2;BR-116/RS;Sul;Tombamento;0;0;1;0;0;0;;;;;1;0;0;0;0
24/01/2015;10:16:00;42;com vitima;87,6;BR-392/RS;Norte;Abalr.Transversal;1;0;0;1;0;0;;;;;5;0;0;1;0
25/01/2015;00:27:00;4;sem vitima;426,8;BR-116/RS;Norte;Atropelamento;0;0;1;0;0;0;;;;;1;0;0;0;0
25/01/2015;10:53:00;50;com vitima;93,5;BR-392/RS;Norte;Colisao com Objeto Fixo;1;0;0;0;0;0;;;;;0;2;0;0;0
26/01/2015;05:32:00;21;sem vitima;19;BR-392/RS;Norte;Tombamento;2;0;0;0;0;0;;;;;3;0;0;0;0
27/01/2015;21:17:00;131;com vitima;428;BR-116/RS;Sul;Abalr.Transversal;2;0;0;0;0;0;;;;;3;2;0;0;0
27/01/2015;23:02:00;137;com vitima;464,7;BR-116/RS;Sul;Tombamento;2;0;0;0;0;0;;;;;0;3;0;0;0
27/01/2015;15:10:00;79;com vitima;529,1;BR-116/RS;Sul;Colisao Traseira;2;0;0;0;0;0;;;;;7;1;0;0;0
28/01/2015;05:18:00;31;sem vitima;4,7;BR-392/RS;Sul;Abalr.Transversal;1;0;0;0;0;0;;;;;4;0;0;0;0
28/01/2015;06:42:00;33;sem vitima;4,7;BR-392/RS;Sul;Atropelamento;0;0;1;0;0;0;;;;;1;0;0;0;0
28/01/2015;12:00:00;65;com vitima;521;BR-116/RS;Sul;Abalr.Transversal;1;0;0;0;0;0;;;;;0;2;0;0;0
29/01/2015;20:11:00;101;com vitima;488;BR-116/RS;Norte;Colisao Frontal;0;0;0;1;0;0;;;;;0;0;1;0;0
29/01/2015;05:29:00;21;sem vitima;567;BR-116/RS;Norte;Saida de Pista;1;0;0;0;1;0;;;;;2;0;0;0;0
30/01/2015;09:42:00;34;sem vitima;83,8;BR-392/RS;Norte;Colisao Traseira;1;0;2;0;0;0;;;;;3;0;0;0;0
30/01/2015;06:27:00;24;sem vitima;535,2;BR-116/RS;Sul;Colisao Traseira;0;0;1;0;0;0;;;;;1;0;0;0;0
30/01/2015;07:29:00;27;sem vitima;132;BR-392/RS;Sul;Saida de Pista;1;0;0;0;0;0;;;;;1;0;0;0;0
30/01/2015;12:15:00;48;com vitima;196;BR-392/RS;Sul;Tombamento;2;0;0;0;0;0;;;;;0;2;1;0;0
31/01/2015;17:14:00;97;sem vitima;19,4;BR-392/RS;Norte;Atropelamento;1;0;0;0;0;0;;;;;2;0;0;0;0
31/01/2015;07:57:00;27;com vitima;174,7;BR-392/RS;Sul;Saida de Pista;1;0;1;0;0;0;;;;;1;1;0;0;0
02/02/2015;12:28:00;52;sem vitima;521;BR-116/RS;Sul;Abalr.Transversal;1;0;0;0;0;0;;;;;1;0;0;0;0
02/02/2015;20:15:00;109;com vitima;71;BR-392/RS;Norte;Colisao Traseira;0;0;0;1;0;0;;;;;0;0;1;0;0
02/02/2015;21:21:00;115;com vitima;525,7;BR-116/RS;Norte;Abalr.Transversal;0;0;0;1;0;0;;;;;0;0;1;0;0
03/02/2015;02:17:00;15;com vitima;62;BR-392/RS;Sul;Saida de Pista;0;0;0;1;0;0;;;;;0;0;2;0;0
03/02/2015;10:47:00;49;com vitima;88,7;BR-392/RS;Sul;Tombamento;0;0;0;1;0;0;;;;;0;0;1;0;0
05/02/2015;09:14:00;41;com vitima;489;BR-116/RS;Sul;Abalr.Sentido Oposto;1;0;0;1;0;0;;;;;1;0;2;0;0
05/02/2015;07:46:00;29;com vitima;65,8;BR-392/RS;Norte;Abalr.Transversal;1;0;0;0;0;0;;;;;2;1;1;0;0
07/02/2015;17:07:00;97;com vitima;477,3;BR-116/RS;Norte;Colisao Traseira;1;0;0;1;0;0;;;;;1;0;1;0;0
07/02/2015;09:30:00;48;sem vitima;482,6;BR-116/RS;Norte;Colisao Traseira;2;0;0;0;0;0;;;;;3;0;0;0;0
07/02/2015;09:45:00;49;com vitima;34,3;BR-392/RS;Sul;Saida de Pista;1;0;0;0;0;0;;;;;1;1;0;0;0
08/02/2015;21:26:00;107;com vitima;491;BR-116/RS;Sul;Colisao Traseira;2;0;0;0;0;0;;;;;0;3;0;2;0
08/02/2015;18:11:00;81;sem vitima;43,2;BR-392/RS;Norte;Abalr.Mesmo Sentido;0;0;1;0;0;0;;;;;1;0;0;0;0
08/02/2015;23:50:00;122;sem vitima;504,2;BR-116/RS;Sul;Saida de Pista;0;0;1;0;0;0;;;;;1;0;0;0;0
08/02/2015;15:16:00;60;com vitima;62,2;BR-392/RS;Sul;Colisao Traseira;0;0;0;1;0;0;;;;;0;0;2;0;0
09/02/2015;12:05:00;57;com vitima;474;BR-116/RS;Sul;Colisao Traseira;1;0;0;0;0;0;;;;;0;0;1;0;0
09/02/2015;19:33:00;110;sem vitima;66,2;BR-392/RS;Norte;Colisao Traseira;1;0;0;0;0;0;;;;;1;0;0;0;0
10/02/2015;08:13:00;37;com vitima;519,3;BR-116/RS;Norte;Atropelamento;1;0;0;1;0;0;;;;;4;1;0;0;0
11/02/2015;13:41:00;77;sem vitima;529,7;BR-116/RS;Norte;Tombamento;1;0;0;0;0;0;;;;;1;0;0;0;0
12/02/2015;19:22:00;97;sem vitima;28;BR-392/RS;Sul;Tombamento;1;0;0;0;0;0;;;;;1;0;0;0;0
13/02/2015;14:58:00;94;sem vitima;522,7;BR-116/RS;Sul;Abalr.Mesmo Sentido;1;0;1;0;0;0;;;;;2;0;0;0;0
13/02/2015;15:57:00;107;sem vitima;656,1;BR-116/RS;Norte;Saida de Pista;0;0;1;0;0;0;;;;;1;0;0;0;0
14/02/2015;06:39:00;29;sem vitima;516,6;BR-116/RS;Norte;Saida de Pista;1;0;0;0;0;0;;;;;1;0;0;0;0
14/02/2015;21:56:00;147;sem vitima;114,4;BR-392/RS;Norte;Abalr.Transversal;0;0;1;0;0;0;;;;;1;0;0;0;0
15/02/2015;00:40:00;10;com vitima;444,5;BR-116/RS;Sul;Saida de Pista;0;0;1;1;0;0;;;;;1;0;1;0;0
16/02/2015;02:06:00;11;com vitima;528,3;BR-116/RS;Sul;Colisao Traseira;2;0;1;1;0;0;;;;;8;0;0;1;0
16/02/2015;22:02:00;119;sem vitima;618,1;BR-116/RS;Sul;Saida de Pista;1;0;0;0;0;0;;;;;1;0;0;0;0
17/02/2015;15:51:00;75;sem vitima;452,1;BR-116/RS;Norte;Colisao Frontal;2;0;0;0;0;0;;;;;4;0;0;0;0
17/02/2015;18:45:00;93;sem vitima;19,5;BR-392/RS;Norte;Colisao Traseira;0;0;1;0;0;0;;;;;1;0;0;0;0
17/02/2015;21:26:00;109;com vitima;66,5;BR-392/RS;Norte;Abalr.Mesmo Sentido;0;0;1;1;0;0;;;;;1;0;1;1;0
18/02/2015;13:49:00;55;sem vitima;20,8;BR-392/RS;Norte;Colisao Traseira;0;0;2;0;0;0;;;;;2;0;0;0;0
18/02/2015;10:28:00;39;sem vitima;57,4;BR-392/RS;Sul;Tombamento;1;0;0;0;0;0;;;;;4;0;0;0;0
18/02/2015;10:21:00;38;com vitima;516,4;BR-116/RS;Norte;Abalr.Transversal;0;0;1;1;0;0;;;;;1;1;0;0;0
18/02/2015;17:13:00;92;sem vitima;62,2;BR-392/RS;Sul;Colisao Traseira;1;0;1;0;0;0;;;;;2;0;0;0;0
18/02/2015;18:25:00;105;com vitima;519,2;BR-116/RS;Sul;Tombamento;1;0;0;1;0;0;;;;;1;1;0;0;0
19/02/2015;16:46:00;107;sem vitima;455,5;BR-116/RS;Norte;Saida de Pista;0;0;2;0;0;0;;;;;2;0;0;0;0
19/02/2015;15:35:00;93;sem vitima;54,3;BR-392/RS;Norte;Saida de Pista;2;0;0;0;0;0;;;;;7;0;0;0;0
19/02/2015;20:09:00;132;com vitima;555,5;BR-116/RS;Norte;Saida de Pista;0;0;0;0;2;0;;;;;0;11;11;9;1
19/02/2015;16:05:00;100;sem vitima;142,2;BR-392/RS;Sul;Saida de Pista;1;0;2;0;0;0;;;;;5;0;0;0;0
21/02/2015;23:01:00;133;com vitima;452,1;BR-116/RS;Norte;Saida de Pista;0;0;1;0;1;0;;;;;6;0;1;0;0
21/02/2015;23:48:00;136;com vitima;27,8;BR-392/RS;Norte;Saida de Pista;0;0;0;1;0;0;;;;;0;1;0;0;0
22/02/2015;13:23:00;59;com vitima;519,4;BR-116/RS;Sul;Abalr.Transversal;0;0;1;0;0;0;;;;;0;1;0;0;0
23/02/2015;21:54:00;98;com vitima;20,9;BR-392/RS;Sul;Saida de Pista;1;0;0;0;0;0;;;;;1;1;0;0;0
23/02/2015;21:11:00;94;sem vitima;572,1;BR-116/RS;Sul;Saida de Pista;1;0;0;0;0;0;;;;;1;0;0;0;0
24/02/2015;17:12:00;70;sem vitima;454,5;BR-116/RS;Norte;Abalr.Transversal;1;0;0;1;0;0;;;;;3;0;0;0;0
26/02/2015;16:49:00;46;com vitima;99,6;BR-392/RS;Norte;Tombamento;0;0;1;1;0;0;;;;;1;0;1;0;0
01/03/2015;16:16:00;54;com vitima;519,2;BR-116/RS;Sul;Abalr.Transversal;1;0;0;1;0;0;;;;;2;0;2;0;0
03/03/2015;20:01:00;84;com vitima;523,1;BR-116/RS;Sul;Tombamento;1;0;0;1;0;0;;;;;1;1;0;0;0
03/03/2015;11:28:00;45;sem vitima;193,6;BR-392/RS;Sul;Saida de Pista;0;0;1;0;0;0;;;;;1;0;0;0;0
04/03/2015;11:49:00;51;com vitima;62,1;BR-392/RS;Sul;Colisao Traseira;0;0;1;0;0;0;;;;;0;1;0;0;0
05/03/2015;16:21:00;73;sem vitima;424,7;BR-116/RS;Norte;Tombamento;0;0;1;0;0;0;;;;;1;0;0;0;0
05/03/2015;12:46:00;59;sem vitima;510,7;BR-116/RS;Norte;Tombamento;0;0;1;0;0;0;;;;;1;0;0;0;0
05/03/2015;22:57:00;105;sem vitima;526,8;BR-116/RS;Norte;Abalr.Transversal;1;0;0;0;0;0;;;;;1;0;0;0;0
07/03/2015;06:22:00;24;sem vitima;422,6;BR-116/RS;Sul;Saida de Pista;1;0;0;0;0;0;;;;;3;0;0;0;0
07/03/2015;08:03:00;30;com vitima;22;BR-392/RS;Sul;Saida de Pista;0;0;1;0;0;0;;;;;0;1;0;0;0
07/03/2015;13:28:00;58;com vitima;477,2;BR-116/RS;Sul;Tombamento;0;0;0;2;0;0;;;;;0;0;2;0;0
07/03/2015;11:49:00;50;sem vitima;66,9;BR-392/RS;Sul;Abalr.Transversal;1;0;0;0;0;0;;;;;1;0;0;0;0
08/03/2015;05:47:00;20;com vitima;2,5;BR-392/RS;Sul;Outros tipos de acidente;0;0;1;0;0;0;;;;;0;1;0;1;0
08/03/2015;18:03:00;106;com vitima;44,8;BR-392/RS;Norte;Colisao Traseira;2;0;0;0;0;0;;;;;1;1;2;0;0
09/03/2015;08:56:00;43;sem vitima;497,4;BR-116/RS;Sul;Abalr.Mesmo Sentido;2;0;0;0;0;0;;;;;2;0;0;0;0
09/03/2015;17:19:00;103;com vitima;500,5;BR-116/RS;Sul;Colisao Traseira;1;0;0;0;0;0;;;;;0;2;0;0;0
09/03/2015;09:32:00;46;com vitima;65;BR-392/RS;Norte;Colisao Traseira;1;0;1;0;0;0;;;;;1;0;1;0;0
10/03/2015;18:18:00;97;com vitima;4,9;BR-392/RS;Norte;Colisao Frontal;1;0;0;0;0;0;;;;;0;4;0;0;0
10/03/2015;08:19:00;34;sem vitima;57,9;BR-392/RS;Norte;Saida de Pista;1;0;0;0;0;0;;;;;1;0;0;0;0
11/03/2015;14:16:00;62;com vitima;501,5;BR-116/RS;Norte;Colisao Frontal;2;0;0;1;0;0;;;;;0;3;0;0;0
11/03/2015;23:47:00;110;sem vitima;526,2;BR-116/RS;Norte;Saida de Pista;0;0;1;0;0;0;;;;;1;0;0;0;0
12/03/2015;18:46:00;102;com vitima;28,2;BR-392/RS;Sul;Abalr.Mesmo Sentido;0;0;1;0;0;0;;;;;0;0;1;0;0
13/03/2015;22:49:00;118;sem vitima;12,5;BR-392/RS;Sul;Colisao Traseira;0;0;1;0;0;0;;;;;1;0;0;0;0
13/03/2015;13:43:00;70;sem vitima;61;BR-392/RS;Sul;Colisao Traseira;1;0;1;0;0;0;;;;;4;0;0;0;0
13/03/2015;08:53:00;36;com vitima;520,7;BR-116/RS;Norte;Colisao Traseira;1;0;0;1;0;0;;;;;1;1;0;0;0
13/03/2015;20:05:00;108;sem vitima;600,5;BR-116/RS;Sul;Atropelamento de Animal;1;0;0;0;0;0;;;;;4;0;0;0;0
14/03/2015;11:50:00;68;sem vitima;562,9;BR-116/RS;Norte;Capotamento;2;0;1;0;0;0;;;;;3;0;0;0;0
15/03/2015;17:30:00;83;com vitima;498,7;BR-116/RS;Norte;Abalr.Transversal;0;0;0;1;0;0;;;;;0;1;0;0;0
15/03/2015;21:54:00;116;sem vitima;525;BR-116/RS;Norte;Saida de Pista;3;0;0;0;0;0;;;;;11;0;0;0;0
15/03/2015;09:47:00;45;sem vitima;118;BR-392/RS;Norte;Saida de Pista;2;0;0;0;0;0;;;;;3;0;0;0;0
16/03/2015;19:31:00;124;com vitima;427,6;BR-116/RS;Sul;Atropelamento;1;0;0;0;0;0;;;;;0;0;1;0;0
16/03/2015;09:21:00;49;com vitima;454,6;BR-116/RS;Sul;Colisao Frontal;2;0;0;0;0;0;;;;;3;5;0;0;0
16/03/2015;07:15:00;24;com vitima;19,8;BR-392/RS;Sul;Colisao Traseira;1;0;1;0;0;0;;;;;3;0;1;0;0
16/03/2015;08:49:00;47;com vitima;498,6;BR-116/RS;Sul;Colisao Traseira;0;0;0;1;0;0;;;;;0;1;0;0;0
16/03/2015;20:52:00;133;sem vitima;521,1;BR-116/RS;Norte;Colisao Traseira;0;0;1;0;0;0;;;;;1;0;0;0;0
18/03/2015;16:08:00;82;com vitima;416,2;BR-116/RS;Sul;Abalr.Mesmo Sentido;1;0;0;1;0;0;;;;;2;0;0;1;1
20/03/2015;10:38:00;61;com vitima;32,5;BR-392/RS;Sul;Abalr.Mesmo Sentido;0;0;0;1;0;0;;;;;0;1;0;0;0
20/03/2015;15:51:00;96;sem vitima;485,9;BR-116/RS;Sul;Abalr.Sentido Oposto;2;0;0;0;0;0;;;;;6;0;0;0;0
21/03/2015;03:04:00;14;sem vitima;503,6;BR-116/RS;Sul;Saida de Pista;1;0;0;0;0;0;;;;;1;0;0;0;0
22/03/2015;09:22:00;30;sem vitima;427,6;BR-116/RS;Sul;Abalr.Transversal;1;0;0;0;0;0;;;;;4;0;0;0;0
22/03/2015;09:06:00;28;com vitima;30;BR-392/RS;Sul;Colisao Traseira;0;0;2;0;0;0;;;;;0;2;0;0;0
22/03/2015;07:57:00;25;com vitima;36;BR-392/RS;Norte;Saida de Pista;1;0;0;0;0;0;;;;;2;0;1;0;0
23/03/2015;19:17:00;107;sem vitima;4,4;BR-392/RS;Norte;Colisao Traseira;0;0;1;0;0;0;;;;;1;0;0;0;0
23/03/2015;18:46:00;104;com vitima;525,4;BR-116/RS;Sul;Colisao Traseira;1;0;0;0;0;0;;;;;0;1;0;0;0
23/03/2015;17:53:00;97;sem vitima;118,2;BR-392/RS;Norte;Colisao Traseira;1;0;0;0;0;0;;;;;1;0;0;0;0
23/03/2015;04:58:00;16;sem vitima;568;BR-116/RS;Sul;Saida de Pista;0;0;1;0;0;0;;;;;1;0;0;0;0
25/03/2015;00:41:00;6;sem vitima;146,3;BR-392/RS;Sul;Saida de Pista;2;0;0;0;0;0;;;;;3;0;0;0;0
27/03/2015;14:23:00;70;sem vitima;430,3;BR-116/RS;Norte;Colisao Traseira;0;0;2;0;0;0;;;;;2;0;0;0;0
27/03/2015;22:26:00;115;sem vitima;510,9;BR-116/RS;Norte;Colisao Traseira;1;0;1;0;0;0;;;;;2;0;0;0;0
27/03/2015;14:00:00;68;com vitima;150,4;BR-392/RS;Sul;Tombamento;0;0;1;1;0;0;;;;;1;0;0;0;1
28/03/2015;20:40:00;102;sem vitima;482,1;BR-116/RS;Sul;Saida de Pista;2;0;0;0;0;0;;;;;7;0;0;0;0
28/03/2015;07:37:00;19;com vitima;513,9;BR-116/RS;Sul;Tombamento;1;0;1;0;0;0;;;;;1;0;0;1;0
28/03/2015;10:20:00;41;sem vitima;117,5;BR-392/RS;Sul;Tombamento;2;0;0;0;0;0;;;;;2;0;0;0;0
28/03/2015;21:35:00;104;com vitima;641,1;BR-116/RS;Sul;Colisao Traseira;1;0;0;0;0;0;;;;;0;3;0;0;0
29/03/2015;10:32:00;51;sem vitima;49,3;BR-392/RS;Norte;Saida de Pista;2;0;0;0;0;0;;;;;5;0;0;0;0
29/03/2015;13:41:00;68;sem vitima;520,9;BR-116/RS;Norte;Abalr.Transversal;1;0;1;0;0;0;;;;;5;0;0;0;0
29/03/2015;15:59:00;76;sem vitima;521,7;BR-116/RS;Sul;Colisao Traseira;2;0;0;0;0;0;;;;;6;0;0;0;0
29/03/2015;21:45:00;116;sem vitima;107,4;BR-392/RS;Sul;Colisao Traseira;1;0;0;0;0;0;;;;;2;0;0;0;0
30/03/2015;06:26:00;15;sem vitima;8,5;BR-392/RS;Norte;Abalr.Transversal;1;0;0;0;0;0;;;;;2;0;0;0;0
30/03/2015;05:59:00;14;sem vitima;451,7;BR-116/RS;Sul;Saida de Pista;2;0;0;0;0;0;;;;;6;0;0;0;0
30/03/2015;07:33:00;25;sem vitima;119,8;BR-392/RS;Norte;Colisao Frontal;3;0;0;0;0;0;;;;;8;0;0;0;0
31/03/2015;00:24:00;5;sem vitima;417,2;BR-116/RS;Sul;Abalr.Sentido Oposto;1;0;0;0;0;0;;;;;3;0;0;0;0
31/03/2015;11:59:00;70;com vitima;71,2;BR-392/RS;Norte;Abalr.Mesmo Sentido;1;0;0;0;0;0;;;;;0;0;1;0;0
31/03/2015;19:20:00;110;com vitima;95,4;BR-392/RS;Norte;Colisao Frontal;1;0;0;0;0;0;;;;;0;1;0;0;0
01/04/2015;10:35:00;50;sem vitima;422,6;BR-116/RS;Sul;Colisao com Objeto Fixo;1;0;0;0;0;0;;;;;1;0;0;0;0