data;horario;n_da_ocorrencia;tipo_de_ocorrencia;km;trecho;sentido;tipo_de_acidente;automovel;bicicleta;caminhao;moto;onibus;outros;tracao_animal;transporte_de_cargas_especiais;trator_maquinas;utilitarios;ilesos;levemente_feridos;moderadamente_feridos;gravemente_feridos;mortos
01/04/2015;07:38:00;20;sem vitima;516,7;BR-116/RS;Norte;Abalr.Transversal;0;0;1;1;0;0;;;;;3;0;0;0;0
01/04/2015;18:14:00;101;sem vitima;526,8;BR-116/RS;Norte;Colisao Traseira;2;0;0;0;0;0;;;;;2;0;0;0;0
02/04/2015;13:06:00;65;sem vitima;1,4;BR-392/RS;Sul;Colisao Traseira;1;0;1;0;0;0;;;;;2;0;0;0;0
02/04/2015;06:13:00;14;sem vitima;407,1;BR-116/RS;Norte;Saida de Pista;1;0;1;0;0;0;;;;;4;0;0;0;0
02/04/2015;07:37:00;20;sem vitima;9,8;BR-392/RS;Sul;Colisao Traseira;0;0;1;0;0;0;;;;;1;0;0;0;0
02/04/2015;20:56:00;116;com vitima;74,2;BR-392/RS;Norte;Abalr.Transversal;1;0;0;1;0;0;;;;;3;0;1;1;0
02/04/2015;23:06:00;124;sem vitima;94,6;BR-392/RS;Norte;Abalr.Transversal;1;0;0;0;0;0;;;;;2;0;0;0;0
02/04/2015;20:20:00;113;com vitima;102,4;BR-392/RS;Norte;Colisao Traseira;1;0;0;1;0;0;;;;;1;1;0;0;0
03/04/2015;23:44:00;104;sem vitima;3,1;BR-392/RS;Sul;Atropelamento de Animal;0;0;0;1;0;0;;;;;1;0;0;0;0
03/04/2015;08:13:00;19;sem vitima;34,1;BR-392/RS;Norte;Saida de Pista;1;0;1;0;0;0;;;;;2;0;0;0;0
03/04/2015;14:05:00;57;sem vitima;114,8;BR-392/RS;Sul;Colisao Traseira;0;0;2;0;0;0;;;;;2;0;0;0;0
03/04/2015;12:20:00;46;sem vitima;155,2;BR-392/RS;Sul;Abalr.Transversal;2;0;0;0;0;0;;;;;4;0;0;0;0
04/04/2015;15:27:00;86;com vitima;498,7;BR-116/RS;Sul;Colisao Traseira;0;0;1;1;0;0;;;;;1;0;1;0;0
04/04/2015;04:14:00;20;com vitima;551,7;BR-116/RS;Norte;Atropelamento de Animal;1;0;0;1;0;0;;;;;1;0;1;1;0
05/04/2015;21:02:00;107;com vitima;426,5;BR-116/RS;Norte;Colisao Frontal;1;0;1;0;0;0;;;;;1;2;0;0;0
05/04/2015;18:00:00;90;sem vitima;509,1;BR-116/RS;Sul;Colisao Traseira;0;0;1;0;0;0;;;;;1;0;0;0;0
05/04/2015;16:55:00;80;com vitima;99,6;BR-392/RS;Sul;Tombamento;1;0;0;1;0;0;;;;;1;0;1;1;0
05/04/2015;18:51:00;95;sem vitima;589,6;BR-116/RS;Norte;Saida de Pista;1;0;0;0;0;0;;;;;1;0;0;0;0
06/04/2015;09:16:00;48;sem vitima;33,4;BR-392/RS;Norte;Tombamento;1;0;0;0;0;0;;;;;2;0;0;0;0
07/04/2015;12:45:00;58;com vitima;410,6;BR-116/RS;Sul;Tombamento;0;0;0;1;0;0;;;;;1;1;0;0;0
07/04/2015;20:03:00;89;sem vitima;26;BR-392/RS;Norte;Abalr.Mesmo Sentido;1;0;1;0;0;0;;;;;2;0;0;0;0
07/04/2015;13:20:00;62;com vitima;509,3;BR-116/RS;Norte;Colisao Traseira;1;0;1;0;0;0;;;;;1;1;0;1;0
07/04/2015;08:02:00;20;sem vitima;114;BR-392/RS;Norte;Colisao Traseira;1;0;1;0;0;0;;;;;2;0;0;0;0
08/04/2015;07:25:00;14;sem vitima;20,6;BR-392/RS;Sul;Abalr.Mesmo Sentido;1;0;1;0;0;0;;;;;3;0;0;0;0
09/04/2015;11:11:00;52;sem vitima;20,4;BR-392/RS;Sul;Colisao Traseira;0;0;0;0;0;1;;;;;1;0;0;0;0
09/04/2015;01:09:00;13;sem vitima;469;BR-116/RS;Sul;Saida de Pista;2;0;0;0;0;0;;;;;5;0;0;0;0
09/04/2015;15:50:00;78;sem vitima;58,8;BR-392/RS;Norte;Saida de Pista;0;0;1;0;0;0;;;;;1;0;0;0;0
10/04/2015;07:45:00;20;sem vitima;8,9;BR-392/RS;Sul;Colisao Traseira;0;0;2;0;0;0;;;;;2;0;0;0;0
10/04/2015;13:59:00;54;sem vitima;12,1;BR-392/RS;Sul;Tombamento;1;0;0;0;0;1;;;;;2;0;0;0;0
10/04/2015;14:09:00;55;sem vitima;444,5;BR-116/RS;Sul;Tombamento;0;0;1;0;0;1;;;;;2;0;0;0;0
10/04/2015;08:08:00;21;com vitima;31,8;BR-392/RS;Norte;Colisao Traseira;0;0;1;0;0;0;;;;;0;1;0;0;0
10/04/2015;22:42:00;101;com vitima;113;BR-392/RS;Sul;Colisao Traseira;0;0;1;0;0;0;;;;;0;1;0;0;0
11/04/2015;00:19:00;1;sem vitima;2,5;BR-392/RS;Sul;Atropelamento;1;0;0;1;0;0;;;;;3;0;0;0;0
11/04/2015;17:16:00;63;sem vitima;20,4;BR-392/RS;Norte;Saida de Pista;1;0;0;0;0;0;;;;;2;0;0;0;0
11/04/2015;07:30:00;20;sem vitima;96,4;BR-392/RS;Norte;Abalr.Sentido Oposto;0;0;1;0;0;0;;;;;1;0;0;0;0
12/04/2015;17:52:00;73;com vitima;405,1;BR-116/RS;Sul;Colisao Traseira;1;0;0;1;0;0;;;;;1;0;1;0;0
12/04/2015;08:55:00;38;com vitima;73,2;BR-392/RS;Sul;Abalr.Sentido Oposto;1;0;0;0;0;0;;;;;0;1;1;0;0
12/04/2015;19:05:00;82;com vitima;534;BR-116/RS;Norte;Atropelamento de Animal;0;0;1;0;1;0;;;;;20;0;0;3;0
13/04/2015;17:52:00;105;com vitima;13;BR-392/RS;Norte;Colisao Traseira;0;0;1;1;0;0;;;;;1;1;0;0;0
13/04/2015;19:16:00;109;sem vitima;23;BR-392/RS;Sul;Colisao Traseira;1;0;1;0;0;0;;;;;3;0;0;0;0
13/04/2015;07:28:00;23;sem vitima;523,5;BR-116/RS;Sul;Abalr.Mesmo Sentido;2;0;0;0;0;0;;;;;4;0;0;0;0
13/04/2015;06:15:00;19;com vitima;136,1;BR-392/RS;Sul;Colisao Frontal;0;0;2;0;0;0;;;;;0;1;1;0;0
14/04/2015;12:21:00;67;com vitima;415,9;BR-116/RS;Sul;Outros tipos de acidente;0;0;1;0;0;0;;;;;0;1;0;0;0
15/04/2015;12:30:00;68;sem vitima;85,8;BR-392/RS;Sul;Saida de Pista;0;0;2;0;0;0;;;;;2;0;0;0;0
16/04/2015;02:08:00;12;com vitima;12,1;BR-392/RS;Norte;Colisao Traseira;1;0;0;0;1;0;;;;;1;2;0;0;0
16/04/2015;06:14:00;16;com vitima;522;BR-116/RS;Sul;Tombamento;0;0;0;1;0;0;;;;;0;2;0;0;0
16/04/2015;09:49:00;51;com vitima;96;BR-392/RS;Norte;Saida de Pista;2;0;0;0;0;0;;;;;5;1;0;0;0
16/04/2015;21:15:00;99;com vitima;529,2;BR-116/RS;Sul;Abalr.Mesmo Sentido;1;0;0;1;0;0;;;;;2;0;1;0;0
17/04/2015;08:12:00;31;com vitima;10,5;BR-392/RS;Sul;Abalr.Mesmo Sentido;1;0;0;0;0;0;1;;;;2;0;0;0;1
17/04/2015;21:34:00;109;sem vitima;19,9;BR-392/RS;Norte;Colisao Traseira;0;0;1;0;0;0;;;;;1;0;0;0;0
17/04/2015;15:00:00;73;com vitima;481,6;BR-116/RS;Sul;Abalr.Transversal;1;0;0;0;0;0;;;;;0;0;1;1;0
17/04/2015;05:12:00;18;com vitima;34,4;BR-392/RS;Norte;Atropelamento de Animal;1;0;1;0;0;0;;;;;1;3;0;0;0
17/04/2015;08:57:00;40;com vitima;514,6;BR-116/RS;Norte;Abalr.Transversal;0;0;2;0;0;0;;;;;1;1;0;0;0
17/04/2015;20:08:00;102;com vitima;71;BR-392/RS;Sul;Saida de Pista;1;0;0;0;0;0;;;;;0;1;1;2;0
17/04/2015;16:52:00;88;sem vitima;178,3;BR-392/RS;Sul;Colisao Frontal;0;0;1;0;0;0;;;;;1;0;0;0;0
18/04/2015;02:49:00;13;com vitima;28,4;BR-392/RS;Sul;Atropelamento de Animal;0;0;0;1;0;0;;;;;0;0;1;0;0
18/04/2015;12:24:00;67;sem vitima;140,4;BR-392/RS;Norte;Abalr.Mesmo Sentido;1;0;0;0;0;0;;;;;2;0;0;0;0
19/04/2015;19:20:00;102;com vitima;427,4;BR-116/RS;Sul;Abalr.Transversal;1;0;0;1;0;0;;;;;1;0;1;0;0
19/04/2015;05:50:00;27;sem vitima;464,8;BR-116/RS;Sul;Saida de Pista;1;0;1;0;0;0;;;;;5;0;0;0;0
19/04/2015;15:05:00;75;sem vitima;71,6;BR-392/RS;Norte;Abalr.Mesmo Sentido;1;0;0;0;0;0;;;;;1;0;0;0;0
19/04/2015;06:11:00;28;sem vitima;74,4;BR-392/RS;Sul;Abalr.Transversal;0;0;2;0;0;0;;;;;2;0;0;0;0
20/04/2015;18:59:00;101;com vitima;67,9;BR-392/RS;Norte;Colisao Traseira;2;0;0;0;0;0;;;;;0;2;0;0;0
20/04/2015;04:30:00;18;com vitima;113,4;BR-392/RS;Norte;Atropelamento;0;0;1;1;0;0;;;;;2;2;0;0;0
20/04/2015;17:32:00;91;com vitima;563,4;BR-116/RS;Sul;Abalr.Transversal;0;0;1;1;0;0;;;;;1;1;0;0;0
21/04/2015;13:28:00;56;sem vitima;634;BR-116/RS;Norte;Saida de Pista;0;0;2;0;0;0;;;;;2;0;0;0;0
22/04/2015;15:28:00;74;sem vitima;7,5;BR-392/RS;Sul;Abalr.Transversal;0;0;2;0;0;0;;;;;2;0;0;0;0
22/04/2015;07:52:00;22;com vitima;10;BR-392/RS;Sul;Colisao Traseira;2;0;2;0;0;0;;;;;0;4;2;0;0
23/04/2015;12:08:00;48;com vitima;527,3;BR-116/RS;Sul;Colisao Traseira;0;0;1;1;0;0;;;;;1;1;0;0;0
24/04/2015;21:55:00;93;com vitima;2,9;BR-392/RS;Sul;Atropelamento de Animal;1;0;0;0;0;0;;;;;0;1;0;0;0
24/04/2015;04:22:00;16;sem vitima;454,1;BR-116/RS;Norte;Abalr.Sentido Oposto;1;0;0;0;1;0;;;;;3;0;0;0;0
25/04/2015;07:10:00;15;com vitima;469,5;BR-116/RS;Norte;Colisao com Objeto Fixo;1;0;0;1;0;0;;;;;1;2;0;0;0
25/04/2015;09:57:00;36;com vitima;83,1;BR-392/RS;Sul;Colisao Traseira;1;0;1;0;0;0;;;;;1;1;0;0;0
25/04/2015;11:58:00;48;sem vitima;118,5;BR-392/RS;Sul;Tombamento;1;0;0;0;0;0;;;;;1;0;0;0;0
26/04/2015;17:44:00;70;com vitima;436,4;BR-116/RS;Norte;Tombamento;0;0;1;1;0;0;;;;;1;0;1;0;0
27/04/2015;17:23:00;74;com vitima;186,5;BR-392/RS;Sul;Abalr.Transversal;1;0;0;1;0;0;;;;;3;0;0;0;1
28/04/2015;23:54:00;110;com vitima;436,2;BR-116/RS;Sul;Atropelamento de Animal;0;0;1;0;0;0;;;;;0;0;0;1;0
28/04/2015;17:24:00;86;com vitima;453,2;BR-116/RS;Sul;Saida de Pista;1;0;0;0;0;0;;;;;2;2;0;0;0
28/04/2015;16:29:00;78;com vitima;469;BR-116/RS;Sul;Saida de Pista;1;0;0;0;0;1;;;;;3;2;0;0;0
28/04/2015;18:42:00;90;sem vitima;482;BR-116/RS;Sul;Colisao Traseira;1;0;0;0;0;0;;;;;2;0;0;0;0
29/04/2015;18:08:00;96;com vitima;90,5;BR-392/RS;Norte;Tombamento;1;0;0;1;0;0;;;;;1;1;0;0;0
30/04/2015;18:14:00;84;sem vitima;464,8;BR-116/RS;Sul;Abalr. Transversal;1;0;0;0;0;0;;;;;1;0;0;0;0
30/04/2015;19:12:00;87;com vitima;510,8;BR-116/RS;Sul;Colisao Traseira;1;0;0;0;0;0;;;;;0;1;0;0;0
30/04/2015;21:55:00;107;com vitima;529,8;BR-116/RS;Sul;Saida de Pista;1;0;0;0;0;0;;;;;1;3;0;0;0
30/04/2015;14:52:00;62;com vitima;641,4;BR-116/RS;Sul;Saida de Pista;1;0;0;0;0;0;;;;;1;0;0;0;1
01/05/2015;20:59:00;87;sem vitima;514,3;BR-116/RS;Norte;Tombamento;1;0;0;0;0;0;;;;;3;0;0;0;0
01/05/2015;19:49:00;81;com vitima;531,8;BR-116/RS;Norte;Tombamento;1;0;1;0;0;0;;;;;1;1;0;0;0
02/05/2015;19:30:00;91;com vitima;22;BR-392/RS;Sul;Tombamento;0;0;1;0;0;0;;;;;0;1;0;0;0
02/05/2015;13:25:00;69;com vitima;600,4;BR-116/RS;Sul;Saida de Pista;0;0;1;0;0;0;;;;;0;1;0;0;0
03/05/2015;11:12:00;54;com vitima;52,5;BR-392/RS;Norte;Colisao Traseira;0;0;0;1;0;0;;;;;0;1;0;0;0
05/05/2015;07:19:00;20;com vitima;521;BR-116/RS;Norte;Abalr. Transversal;0;0;2;0;0;0;;;;;0;2;0;0;0
05/05/2015;08:38:00;27;sem vitima;77,4;BR-392/RS;Sul;Abalr. Sentido Oposto;1;0;1;0;0;0;;;;;3;0;0;0;0
07/05/2015;18:55:00;85;com vitima;131,5;BR-392/RS;Sul;Colisao Frontal;0;0;0;1;0;0;;;;;0;1;0;0;0
07/05/2015;09:09:00;38;com vitima;140,4;BR-392/RS;Norte;Abalr. Transversal;1;0;0;0;0;0;;;;;1;1;0;0;1
08/05/2015;08:21:00;26;com vitima;27,5;BR-392/RS;Norte;Atropelamento;1;0;0;0;0;0;;;;;1;1;0;0;0
09/05/2015;09:57:00;45;com vitima;464,8;BR-116/RS;Sul;Abalr. Transversal;1;0;0;0;0;0;;;;;0;0;2;0;0
09/05/2015;23:05:00;99;com vitima;51,8;BR-392/RS;Norte;Saida de Pista;0;0;1;0;1;0;;;;;7;2;0;0;0
10/05/2015;17:03:00;74;com vitima;7,8;BR-392/RS;Norte;Colisao com Objeto Fixo;0;0;0;2;0;0;;;;;0;0;2;1;0
10/05/2015;01:53:00;13;com vitima;8,9;BR-392/RS;Norte;Capotamento;0;0;0;1;0;0;;;;;0;1;0;0;0
10/05/2015;10:07:00;53;com vitima;448,6;BR-116/RS;Norte;Saida de Pista;1;0;0;0;0;0;;;;;0;0;1;0;0
10/05/2015;12:10:00;62;com vitima;26,6;BR-392/RS;Norte;Atropelamento;0;0;1;0;0;0;1;;;;1;1;1;0;0
10/05/2015;18:32:00;82;com vitima;523,5;BR-116/RS;Norte;Abalr. Transversal;1;0;0;0;0;0;;;;;0;0;3;0;0
10/05/2015;22:47:00;107;com vitima;526;BR-116/RS;Sul;Abalr. Mesmo Sentido;1;0;0;1;0;0;;;;;1;0;0;1;1
11/05/2015;19:07:00;102;sem vitima;479,7;BR-116/RS;Norte;Saida de Pista;1;0;0;0;0;0;;;;;2;0;0;0;0
11/05/2015;08:26:00;35;com vitima;511,8;BR-116/RS;Sul;Saida de Pista;1;0;0;1;0;0;;;;;1;0;1;0;0
11/05/2015;22:11:00;120;com vitima;64;BR-392/RS;Norte;Abalr. Sentido Oposto;0;0;0;1;0;0;;;;;0;0;1;0;0
11/05/2015;08:15:00;32;sem vitima;521,9;BR-116/RS;Sul;Tombamento;1;0;0;0;0;0;;;;;1;0;0;0;0
11/05/2015;08:18:00;33;com vitima;521,9;BR-116/RS;Sul;Colisao com Objeto Fixo;1;0;0;0;0;0;;;;;0;1;0;0;0
12/05/2015;16:54:00;58;com vitima;50,7;BR-392/RS;Sul;Saida de Pista;0;0;0;1;0;0;;;;;0;1;0;0;0
13/05/2015;07:32:00;14;com vitima;418,9;BR-116/RS;Sul;Saida de Pista;2;0;0;1;0;0;;;;;2;0;0;0;1
13/05/2015;06:51:00;13;com vitima;426,9;BR-116/RS;Sul;Colisao Traseira;1;0;1;0;0;0;;;;;3;1;1;0;0
13/05/2015;09:43:00;27;sem vitima;526,5;BR-116/RS;Sul;Abalr. Transversal;0;0;2;0;0;0;;;;;2;0;0;0;0
13/05/2015;18:47:00;68;com vitima;190,7;BR-392/RS;Norte;Saida de Pista;1;0;1;0;0;0;;;;;1;2;0;0;0
14/05/2015;19:31:00;108;sem vitima;8,7;BR-392/RS;Sul;Colisao Frontal;2;0;0;0;0;0;;;;;5;0;0;0;0
14/05/2015;07:56:00;25;com vitima;11,5;BR-392/RS;Sul;Atropelamento de Animal;1;0;0;0;0;0;;;;;0;0;1;0;0
14/05/2015;11:01:00;55;com vitima;20,3;BR-392/RS;Sul;Colisao Traseira;1;0;0;1;0;0;;;;;3;1;0;0;0
14/05/2015;12:31:00;65;com vitima;24,3;BR-392/RS;Norte;Atropelamento;1;0;1;0;0;0;;;;;1;0;2;0;0
14/05/2015;13:18:00;70;com vitima;66,9;BR-392/RS;Sul;Abalr. Transversal;1;0;0;0;0;0;;;;;0;2;0;0;0
14/05/2015;17:45:00;90;com vitima;67;BR-392/RS;Norte;Tombamento;1;0;0;0;0;0;;;;;0;1;0;0;0
14/05/2015;18:44:00;99;com vitima;96;BR-392/RS;Sul;Atropelamento de Animal;0;0;3;0;0;0;;;;;3;0;2;0;0
14/05/2015;18:53:00;100;com vitima;612;BR-116/RS;Norte;Abalr. Transversal;0;0;1;0;0;1;;;;;0;2;0;0;0
15/05/2015;15:16:00;73;sem vitima;1,4;BR-392/RS;Norte;Abalr. Transversal;2;0;0;0;0;0;;;;;3;0;0;0;0
15/05/2015;11:49:00;57;sem vitima;22,9;BR-392/RS;Norte;Tombamento;0;0;0;0;0;1;;;;;3;0;0;0;0
15/05/2015;18:01:00;97;sem vitima;517;BR-116/RS;Norte;Colisao Traseira;1;0;0;0;0;0;;;;;3;0;0;0;0
15/05/2015;21:09:00;114;sem vitima;94,2;BR-392/RS;Norte;Tombamento;1;0;0;0;0;0;;;;;1;0;0;0;0
15/05/2015;17:41:00;91;com vitima;160,4;BR-392/RS;Norte;Colisao com Objeto Fixo;0;0;1;0;0;0;;;;;0;4;1;0;0
16/05/2015;01:08:00;7;sem vitima;423,6;BR-116/RS;Norte;Abalr. Sentido Oposto;1;0;0;0;0;0;;;;;1;0;0;0;0
16/05/2015;13:18:00;61;sem vitima;112,9;BR-392/RS;Norte;Abalr. Transversal;0;0;2;0;0;0;;;;;2;0;0;0;0
16/05/2015;09:55:00;46;com vitima;193,3;BR-392/RS;Sul;Saida de Pista;1;0;0;0;0;0;;;;;0;0;2;0;0
17/05/2015;19:21:00;83;sem vitima;400,6;BR-116/RS;Norte;Capotamento;1;0;1;0;0;0;;;;;4;0;0;0;0
18/05/2015;11:34:00;54;sem vitima;29;BR-392/RS;Norte;Abalr. Transversal;1;0;0;0;0;0;;;;;3;0;0;0;0
18/05/2015;20:38:00;88;com vitima;522;BR-116/RS;Norte;Tombamento;1;0;0;0;0;0;;;;;0;1;0;0;0
18/05/2015;12:39:00;59;sem vitima;529,2;BR-116/RS;Sul;Tombamento;0;0;1;0;0;0;;;;;1;0;0;0;0
19/05/2015;12:02:00;53;com vitima;42,8;BR-392/RS;Sul;Abalr. Transversal;1;0;0;1;0;0;;;;;1;1;0;0;0
19/05/2015;10:52:00;47;com vitima;525,5;BR-116/RS;Sul;Colisao Traseira;0;0;0;1;0;0;;;;;0;0;0;0;1
20/05/2015;08:47:00;22;sem vitima;4,8;BR-392/RS;Sul;Abalr. Transversal;1;0;1;0;0;0;;;;;2;0;0;0;0
21/05/2015;09:59:00;38;com vitima;524;BR-116/RS;Sul;Abalr. Mesmo Sentido;0;0;0;1;1;0;;;;;1;0;1;0;0
21/05/2015;07:45:00;27;sem vitima;525,5;BR-116/RS;Sul;Colisao Traseira;1;0;0;0;0;0;;;;;2;0;0;0;0
22/05/2015;18:30:00;100;sem vitima;93,3;BR-392/RS;Sul;Atropelamento;1;0;0;0;0;0;;;;;1;0;0;0;0
23/05/2015;07:22:00;15;sem vitima;1,6;BR-392/RS;Sul;Colisao Frontal;1;0;0;0;0;0;;;;;3;0;0;0;0
23/05/2015;00:10:00;1;com vitima;1,7;BR-392/RS;Sul;Abalr. Transversal;1;0;0;1;0;0;;;;;2;1;0;0;0
23/05/2015;08:21:00;19;sem vitima;8,9;BR-392/RS;Norte;Colisao Traseira;3;0;0;0;0;0;;;;;3;0;0;0;0
23/05/2015;13:06:00;54;com vitima;523,3;BR-116/RS;Sul;Colisao Traseira;0;0;1;0;0;0;;;;;0;1;0;0;0
23/05/2015;12:03:00;50;com vitima;526,4;BR-116/RS;Norte;Colisao Traseira;1;0;0;0;0;0;;;;;0;1;0;0;0
23/05/2015;16:07:00;70;sem vitima;198,5;BR-392/RS;Sul;Saida de Pista;1;0;0;0;0;0;;;;;5;0;0;0;0
24/05/2015;20:26:00;69;com vitima;49;BR-392/RS;Sul;Colisao Traseira;1;0;0;0;0;0;;;;;0;1;0;0;0
25/05/2015;12:03:00;44;com vitima;58,1;BR-392/RS;Sul;Colisao Traseira;0;0;1;0;0;0;;;;;0;2;0;0;0
26/05/2015;19:22:00;95;sem vitima;118,2;BR-392/RS;Sul;Abalr. Transversal;2;0;0;0;0;0;;;;;2;0;0;0;0
27/05/2015;14:41:00;60;com vitima;427,3;BR-116/RS;Norte;Abalr. Transversal;2;0;0;0;0;0;;;;;1;1;0;0;0
27/05/2015;14:59:00;61;sem vitima;9,8;BR-392/RS;Sul;Colisao Traseira;1;0;1;0;0;0;;;;;3;0;0;0;0
27/05/2015;08:30:00;33;sem vitima;461,1;BR-116/RS;Norte;Colisao Frontal;1;0;1;0;0;0;;;;;3;0;0;0;0
27/05/2015;18:57:00;79;com vitima;123;BR-392/RS;Norte;Abalr. Mesmo Sentido;2;0;0;0;0;0;;;;;4;0;0;1;0
28/05/2015;05:12:00;12;com vitima;525,4;BR-116/RS;Norte;Saida de Pista;1;0;1;0;0;0;;;;;1;0;1;1;0
30/05/2015;14:13:00;67;sem vitima;539,6;BR-116/RS;Sul;Abalr. Transversal;2;0;0;0;0;0;;;;;5;0;0;0;0
31/05/2015;19:41:00;87;com vitima;401,2;BR-116/RS;Sul;Abalr. Transversal;0;0;0;1;0;0;;;;;0;0;2;0;0
31/05/2015;14:36:00;60;com vitima;91,1;BR-392/RS;Sul;Abalr. Mesmo Sentido;2;0;0;0;0;0;;;;;3;1;2;0;0
01/06/2015;18:53:00;90;com vitima;560;BR-116/RS;Norte;Atropelamento de Animal;0;0;0;1;0;0;;;;;0;0;1;0;0
02/06/2015;15:03:00;82;sem vitima;99,5;BR-392/RS;Sul;Tombamento;2;0;0;0;0;0;;;;;6;0;0;0;0
03/06/2015;08:37:00;34;com vitima;10,5;BR-392/RS;Sul;Colisao Traseira;0;0;0;1;0;0;;;;;0;0;1;0;0
03/06/2015;00:13:00;2;com vitima;530,7;BR-116/RS;Norte;Atropelamento de Animal;1;0;0;1;0;0;;;;;2;1;0;0;0
04/06/2015;20:12:00;104;com vitima;4,2;BR-392/RS;Norte;Atropelamento de Animal;1;0;0;0;0;0;;;;;2;2;0;0;0
04/06/2015;10:48:00;63;com vitima;416;BR-116/RS;Sul;Colisao Traseira;1;0;0;0;0;0;;;;;1;1;0;0;0
04/06/2015;10:47:00;62;sem vitima;417;BR-116/RS;Sul;Colisao Traseira;0;0;2;0;0;0;;;;;2;0;0;0;0
04/06/2015;10:27:00;60;sem vitima;417,1;BR-116/RS;Sul;Colisao Traseira;2;0;0;0;0;0;;;;;7;0;0;0;0
04/06/2015;03:49:00;14;sem vitima;5,5;BR-392/RS;Sul;Saida de Pista;2;0;0;0;0;0;;;;;2;0;0;0;0
04/06/2015;11:32:00;71;com vitima;522,8;BR-116/RS;Norte;Abalr. Transversal;1;0;0;0;0;0;;;;;1;0;0;1;0
04/06/2015;18:36:00;96;sem vitima;99,5;BR-392/RS;Sul;Tombamento;1;0;0;0;0;0;;;;;1;0;0;0;0
04/06/2015;08:52:00;49;sem vitima;529,2;BR-116/RS;Norte;Abalr. Transversal;2;0;0;0;0;0;;;;;5;0;0;0;0
04/06/2015;18:56:00;100;sem vitima;118;BR-392/RS;Norte;Abalr. Transversal;1;0;0;0;0;0;;;;;1;0;0;0;0
05/06/2015;16:10:00;58;sem vitima;406,1;BR-116/RS;Sul;Colisao Traseira;0;0;2;0;0;0;;;;;2;0;0;0;0
05/06/2015;22:10:00;88;sem vitima;418,4;BR-116/RS;Sul;Colisao Frontal;0;0;2;0;0;0;;;;;2;0;0;0;0
05/06/2015;21:21:00;83;sem vitima;22,3;BR-392/RS;Sul;Abalr. Mesmo Sentido;0;0;2;0;0;0;;;;;4;0;0;0;0
05/06/2015;06:20:00;10;com vitima;32,2;BR-392/RS;Sul;Saida de Pista;0;0;1;0;0;0;;;;;0;1;0;0;0
05/06/2015;18:33:00;74;sem vitima;91,1;BR-392/RS;Sul;Colisao Frontal;1;0;0;0;0;0;;;;;1;0;0;0;0
05/06/2015;11:04:00;36;sem vitima;576,9;BR-116/RS;Norte;Saida de Pista;1;0;2;0;0;0;;;;;3;0;0;0;0
06/06/2015;18:32:00;105;sem vitima;28,4;BR-392/RS;Norte;Atropelamento;0;0;1;0;0;0;;;;;1;0;0;0;0
06/06/2015;13:30:00;70;com vitima;37,9;BR-392/RS;Sul;Saida de Pista;0;0;0;1;1;0;;;;;1;0;0;0;1
06/06/2015;15:08:00;80;com vitima;499;BR-116/RS;Sul;Saida de Pista;2;0;0;0;0;0;;;;;2;1;0;0;0
06/06/2015;10:11:00;49;sem vitima;516,8;BR-116/RS;Sul;Colisao Frontal;1;0;1;0;0;0;;;;;2;0;0;0;0
07/06/2015;21:26:00;105;com vitima;83,2;BR-392/RS;Sul;Colisao Traseira;1;0;0;1;0;0;;;;;1;1;0;0;0
08/06/2015;18:09:00;86;com vitima;501,3;BR-116/RS;Sul;Atropelamento;2;0;0;0;0;0;;;;;1;2;0;0;0
09/06/2015;06:49:00;19;sem vitima;20,3;BR-392/RS;Sul;Saida de Pista;0;0;2;0;0;0;;;;;3;0;0;0;0
09/06/2015;04:49:00;16;sem vitima;473;BR-116/RS;Sul;Saida de Pista;2;0;0;0;0;0;;;;;2;0;0;0;0
09/06/2015;16:18:00;70;com vitima;526,5;BR-116/RS;Norte;Abalr. Sentido Oposto;1;0;1;0;0;0;;;;;1;2;2;0;0
10/06/2015;02:04:00;10;sem vitima;10;BR-392/RS;Sul;Abalr. Transversal;0;0;3;0;0;0;;;;;3;0;0;0;0
10/06/2015;23:11:00;117;com vitima;535;BR-116/RS;Norte;Saida de Pista;2;0;1;0;0;0;;;;;2;1;0;0;0
11/06/2015;23:28:00;100;sem vitima;544;BR-116/RS;Norte;Saida de Pista;1;0;0;0;0;0;;;;;2;0;0;0;0
12/06/2015;23:45:00;128;com vitima;513,3;BR-116/RS;Sul;Outros tipos de acidente;1;0;0;0;0;0;;;;;0;1;0;0;0
12/06/2015;13:24:00;76;com vitima;516,8;BR-116/RS;Norte;Colisao Frontal;2;0;0;0;0;0;;;;;5;1;0;0;0
12/06/2015;11:14:00;61;com vitima;81,9;BR-392/RS;Norte;Abalr. Mesmo Sentido;1;0;0;0;0;0;;;;;0;0;1;0;0
13/06/2015;14:20:00;68;com vitima;416,1;BR-116/RS;Norte;Abalr. Mesmo Sentido;0;0;1;1;0;0;;;;;1;1;0;0;0
14/06/2015;16:00:00;51;sem vitima;10,5;BR-392/RS;Norte;Abalr. Mesmo Sentido;1;0;0;0;0;0;;;;;1;0;0;0;0
14/06/2015;06:22:00;14;sem vitima;95,2;BR-392/RS;Norte;Colisao Frontal;2;0;0;0;0;0;;;;;2;0;0;0;0