data;horario;n_da_ocorrencia;tipo_de_ocorrencia;km;trecho;sentido;tipo_de_acidente;automovel;bicicleta;caminhao;moto;onibus;outros;tracao_animal;transporte_de_cargas_especiais;trator_maquinas;utilitarios;ilesos;levemente_feridos;moderadamente_feridos;gravemente_feridos;mortos
14/06/2015;06:15:00;13;sem vitima;99,5;BR-392/RS;Sul;Colisao com Objeto Fixo;1;0;1;0;0;0;;;;;4;0;0;0;0
15/06/2015;20:27:00;103;sem vitima;35,1;BR-392/RS;Norte;Atropelamento de Animal;1;0;2;0;0;0;;;;;6;0;0;0;0
15/06/2015;16:35:00;80;sem vitima;75,7;BR-392/RS;Norte;Abalr. Mesmo Sentido;1;0;0;0;0;0;;;;;1;0;0;0;0
15/06/2015;00:29:00;1;sem vitima;83,5;BR-392/RS;Sul;Saida de Pista;1;0;1;0;0;0;;;;;2;0;0;0;0
15/06/2015;07:53:00;29;com vitima;529;BR-116/RS;Sul;Abalr. Transversal;1;0;0;0;0;1;;;;;0;2;2;0;0
16/06/2015;16:26:00;98;sem vitima;415,6;BR-116/RS;Norte;Colisao Traseira;1;0;1;0;0;0;;;;;2;0;0;0;0
16/06/2015;09:02:00;44;sem vitima;510,7;BR-116/RS;Sul;Abalr. Transversal;1;0;0;0;0;0;;;;;1;0;0;0;0
17/06/2015;22:03:00;101;com vitima;2,5;BR-392/RS;Sul;Colisao Frontal;1;0;0;1;0;0;;;;;3;0;2;0;0
17/06/2015;07:43:00;17;sem vitima;9,9;BR-392/RS;Sul;Abalr. Mesmo Sentido;1;0;1;0;0;0;;;;;3;0;0;0;0
17/06/2015;13:42:00;60;com vitima;113;BR-392/RS;Norte;Abalr. Transversal;0;0;0;1;0;0;;;;;0;0;1;0;0
19/06/2015;11:53:00;56;com vitima;61,1;BR-392/RS;Sul;Abalr. Mesmo Sentido;1;0;0;0;0;0;;;;;2;1;2;0;0
19/06/2015;07:39:00;21;com vitima;528,5;BR-116/RS;Sul;Abalr. Transversal;2;0;0;0;0;0;;;;;4;1;0;0;0
20/06/2015;03:40:00;11;com vitima;411,7;BR-116/RS;Norte;Colisao Frontal;2;0;0;0;0;0;;;;;2;1;0;0;0
20/06/2015;18:27:00;80;sem vitima;72,5;BR-392/RS;Sul;Tombamento;0;0;2;0;0;0;;;;;2;0;0;0;0
21/06/2015;09:10:00;32;com vitima;411,5;BR-116/RS;Norte;Saida de Pista;0;0;1;0;0;0;;;;;0;1;0;0;0
21/06/2015;22:50:00;92;com vitima;18;BR-392/RS;Sul;Abalr. Mesmo Sentido;3;0;3;0;0;0;;;;;7;0;3;0;0
22/06/2015;18:29:00;92;com vitima;626,4;BR-116/RS;Norte;Atropelamento de Animal;1;1;0;0;0;0;;;;;1;0;1;0;0
23/06/2015;13:53:00;69;com vitima;494,5;BR-116/RS;Norte;Capotamento;0;0;1;0;0;0;;;;;0;1;0;0;0
23/06/2015;19:53:00;96;sem vitima;516,8;BR-116/RS;Sul;Abalr. Transversal;0;0;0;0;1;0;;;;;1;0;0;0;0
24/06/2015;04:35:00;16;com vitima;487,7;BR-116/RS;Sul;Saida de Pista;1;0;0;1;0;0;;;;;1;0;1;0;0
25/06/2015;08:32:00;26;sem vitima;407,5;BR-116/RS;Norte;Saida de Pista;1;0;1;0;0;0;;;;;9;0;0;0;0
26/06/2015;17:45:00;76;sem vitima;66,5;BR-392/RS;Sul;Colisao Traseira;0;0;1;0;1;0;;;;;8;0;0;0;0
26/06/2015;21:45:00;101;com vitima;120,3;BR-392/RS;Sul;Atropelamento;1;0;1;0;0;0;;;;;2;0;1;0;0
27/06/2015;15:09:00;67;com vitima;99,5;BR-392/RS;Sul;Saida de Pista;1;0;0;0;0;0;;;;;0;0;1;0;0
27/06/2015;06:45:00;24;com vitima;570,6;BR-116/RS;Sul;Saida de Pista;1;0;0;0;0;0;;;;;0;2;1;0;0
28/06/2015;13:36:00;49;com vitima;448,7;BR-116/RS;Norte;Saida de Pista;1;0;1;0;0;0;;;;;1;1;0;0;0
28/06/2015;07:46:00;23;sem vitima;101,2;BR-392/RS;Norte;Saida de Pista;1;0;1;0;0;0;;;;;2;0;0;0;0
30/06/2015;08:07:00;21;sem vitima;413,4;BR-116/RS;Sul;Saida de Pista;1;0;0;0;0;0;;;;;1;0;0;0;0
30/06/2015;19:34:00;82;com vitima;514;BR-116/RS;Sul;Colisao Frontal;0;0;1;0;0;0;;;;;0;1;0;0;0
30/06/2015;19:57:00;83;com vitima;122,2;BR-392/RS;Norte;Abalr. Transversal;0;0;0;1;0;0;;;;;0;1;0;0;0
01/07/2015;14:36:00;60;sem vitima;95,8;BR-392/RS;Sul;Colisao Traseira;0;0;2;0;0;0;;;;;2;0;0;0;0
02/07/2015;18:13:00;92;sem vitima;515,8;BR-116/RS;Sul;Abalr. Transversal;1;0;0;0;0;0;;;;;3;0;0;0;0
02/07/2015;15:20:00;79;com vitima;517;BR-116/RS;Norte;Abalr. Transversal;1;0;0;1;0;0;;;;;2;0;1;0;0
03/07/2015;06:08:00;17;com vitima;63,1;BR-392/RS;Norte;Saida de Pista;0;0;0;1;0;0;;;;;0;0;1;0;0
03/07/2015;17:29:00;85;sem vitima;88,2;BR-392/RS;Norte;Colisao Traseira;2;0;0;0;0;0;;;;;7;0;0;0;0
03/07/2015;19:18:00;94;sem vitima;124,3;BR-392/RS;Sul;Colisao Frontal;1;0;0;0;1;0;;;;;2;0;0;0;0
03/07/2015;17:39:00;86;com vitima;654;BR-116/RS;Norte;Abalr. Transversal;0;0;0;1;0;0;;;;;0;1;0;0;0
05/07/2015;19:25:00;74;sem vitima;494,5;BR-116/RS;Sul;Saida de Pista;2;0;0;0;0;0;;;;;2;0;0;0;0
05/07/2015;22:22:00;90;sem vitima;141,3;BR-392/RS;Sul;Colisao Frontal;0;0;1;0;0;0;;;;;1;0;0;0;0
06/07/2015;07:38:00;15;sem vitima;8,5;BR-392/RS;Sul;Abalr. Mesmo Sentido;1;0;1;0;0;0;;;;;3;0;0;0;0
06/07/2015;16:01:00;65;sem vitima;524,4;BR-116/RS;Norte;Tombamento;1;0;1;0;0;0;;;;;3;0;0;0;0
07/07/2015;08:07:00;24;com vitima;58,5;BR-392/RS;Sul;Outros tipos de acidente;1;0;0;0;0;0;;;;;0;0;1;0;0
08/07/2015;14:07:00;60;com vitima;96,5;BR-392/RS;Sul;Abalr. Sentido Oposto;1;0;0;0;1;0;;;;;1;0;0;1;1
08/07/2015;17:54:00;83;sem vitima;154;BR-392/RS;Sul;Abalr. Transversal;2;0;0;0;0;0;;;;;3;0;0;0;0
09/07/2015;17:36:00;78;sem vitima;466,4;BR-116/RS;Norte;Saida de Pista;1;0;1;0;0;0;;;;;3;0;0;0;0
09/07/2015;21:35:00;98;com vitima;600,9;BR-116/RS;Sul;Atropelamento de Animal;0;1;1;0;0;0;;;;;1;0;0;0;1
10/07/2015;15:36:00;86;com vitima;68;BR-392/RS;Norte;Colisao Traseira;1;0;0;0;0;0;;;;;0;2;1;0;0
11/07/2015;19:00:00;78;sem vitima;624,3;BR-116/RS;Norte;Atropelamento de Animal;1;0;1;0;0;0;;;;;3;0;0;0;0
13/07/2015;14:12:00;54;com vitima;475,5;BR-116/RS;Norte;Colisao Frontal;1;0;0;0;0;0;;;;;0;1;0;0;0
13/07/2015;17:03:00;69;sem vitima;555,8;BR-116/RS;Sul;Saida de Pista;1;0;1;0;0;0;;;;;4;0;0;0;0
14/07/2015;09:04:00;38;sem vitima;522,9;BR-116/RS;Norte;Colisao Frontal;2;0;0;0;0;0;;;;;3;0;0;0;0
14/07/2015;05:00:00;13;sem vitima;529;BR-116/RS;Norte;Atropelamento de Animal;1;0;0;0;0;0;;;;;2;0;0;0;0
15/07/2015;19:29:00;88;sem vitima;42,7;BR-392/RS;Sul;Colisao Traseira;1;0;0;0;0;0;;;;;1;0;0;0;0
15/07/2015;11:15:00;53;sem vitima;194,1;BR-392/RS;Norte;Saida de Pista;1;0;0;0;0;0;;;;;1;0;0;0;0
17/07/2015;14:01:00;71;com vitima;464,8;BR-116/RS;Sul;Abalr. Transversal;0;0;2;0;0;0;;;;;1;0;0;0;1
17/07/2015;18:13:00;88;sem vitima;571,3;BR-116/RS;Sul;Colisao Frontal;1;0;1;0;0;0;;;;;2;0;0;0;0
18/07/2015;05:49:00;17;sem vitima;410,2;BR-116/RS;Sul;Saida de Pista;0;0;1;0;0;0;;;;;1;0;0;0;0
18/07/2015;08:58:00;34;com vitima;7,8;BR-392/RS;Sul;Abalr. Transversal;0;0;1;1;0;0;;;;;1;0;0;1;0
18/07/2015;14:47:00;61;com vitima;434,9;BR-116/RS;Sul;Saida de Pista;1;0;0;1;0;0;;;;;1;0;1;0;0
18/07/2015;12:22:00;52;sem vitima;517;BR-116/RS;Norte;Abalr. Transversal;1;0;1;0;0;0;;;;;2;0;0;0;0
19/07/2015;06:16:00;17;sem vitima;471,1;BR-116/RS;Sul;Colisao Traseira;1;0;1;0;0;0;;;;;2;0;0;0;0
20/07/2015;07:34:00;21;sem vitima;1,3;BR-392/RS;Norte;Atropelamento;0;0;2;0;0;0;;;;;2;0;0;0;0
20/07/2015;19:29:00;93;com vitima;411;BR-116/RS;Sul;Saida de Pista;1;0;0;0;0;0;;;;;0;1;0;0;0
21/07/2015;11:31:00;51;sem vitima;516,9;BR-116/RS;Norte;Abalr. Transversal;0;0;1;0;1;0;;;;;9;0;0;0;0
21/07/2015;05:17:00;26;com vitima;163;BR-392/RS;Norte;Saida de Pista;1;0;0;1;0;0;;;;;1;0;0;1;0
22/07/2015;08:03:00;34;com vitima;516,8;BR-116/RS;Norte;Abalr. Transversal;1;0;2;0;0;0;;;;;2;0;0;1;0
22/07/2015;20:25:00;103;sem vitima;93,7;BR-392/RS;Sul;Colisao Traseira;1;0;0;0;0;0;;;;;5;0;0;0;0
22/07/2015;13:13:00;67;sem vitima;117,5;BR-392/RS;Sul;Outros tipos de acidente;0;0;2;0;0;0;;;;;2;0;0;0;0
24/07/2015;00:51:00;7;sem vitima;7,8;BR-392/RS;Norte;Outros tipos de acidente;0;0;1;0;0;0;;;;;1;0;0;0;0
24/07/2015;21:14:00;89;com vitima;45,9;BR-392/RS;Sul;Atropelamento de Animal;2;0;0;0;0;0;;;;;1;1;0;0;0
24/07/2015;14:20:00;56;com vitima;115,5;BR-392/RS;Norte;Atropelamento;2;0;0;0;0;0;;;;;2;0;1;0;0
25/07/2015;12:13:00;51;sem vitima;568,5;BR-116/RS;Sul;Saida de Pista;1;0;1;0;0;0;;;;;3;0;0;0;0
26/07/2015;16:13:00;52;sem vitima;66,5;BR-392/RS;Sul;Saida de Pista;1;0;0;0;0;0;;;;;1;0;0;0;0
27/07/2015;18:25:00;78;com vitima;410,5;BR-116/RS;Sul;Atropelamento de Animal;1;0;0;0;0;0;;;;;0;1;0;0;0
27/07/2015;15:41:00;63;com vitima;517;BR-116/RS;Norte;Abalr. Transversal;1;0;1;0;0;0;;;;;1;0;1;0;0
29/07/2015;05:11:00;20;com vitima;457,7;BR-116/RS;Norte;Saida de Pista;1;0;0;0;0;0;;;;;0;1;0;0;0
31/07/2015;21:04:00;123;com vitima;515,8;BR-116/RS;Sul;Atropelamento;1;0;0;0;0;0;;;;;0;0;0;1;0
01/08/2015;18:10:00;65;sem vitima;632,5;BR-116/RS;Sul;Colisao Traseira;0;0;1;0;0;0;;;;;1;0;0;0;0
02/08/2015;22:26:00;85;com vitima;5,7;BR-392/RS;Sul;Atropelamento;0;0;2;0;0;0;;;;;1;0;0;0;1
02/08/2015;06:35:00;14;sem vitima;107,4;BR-392/RS;Sul;Saida de Pista;0;0;2;0;0;0;;;;;2;0;0;0;0
03/08/2015;02:53:00;10;sem vitima;5,7;BR-392/RS;Sul;Abalr. Mesmo Sentido;3;0;1;0;0;0;;;;;8;0;0;0;0
03/08/2015;03:21:00;11;sem vitima;442,2;BR-116/RS;Sul;Tombamento;1;0;1;0;0;0;;;;;3;0;0;0;0
03/08/2015;14:04:00;50;com vitima;84,8;BR-392/RS;Norte;Saida de Pista;1;0;0;0;0;0;;;;;0;1;0;0;0
04/08/2015;08:42:00;20;sem vitima;4,1;BR-392/RS;Norte;Abalr. Transversal;2;0;0;0;0;0;;;;;7;0;0;0;0
04/08/2015;14:35:00;55;com vitima;4,8;BR-392/RS;Sul;Abalr. Transversal;0;0;1;1;0;0;;;;;2;0;1;0;0
04/08/2015;07:09:00;16;sem vitima;18,1;BR-392/RS;Sul;Abalr. Transversal;1;0;1;0;0;0;;;;;4;0;0;0;0
05/08/2015;03:24:00;9;sem vitima;58,1;BR-392/RS;Sul;Saida de Pista;1;0;0;0;0;0;;;;;1;0;0;0;0
05/08/2015;18:25:00;69;sem vitima;529;BR-116/RS;Sul;Abalr. Transversal;1;0;0;0;0;0;;;;;2;0;0;0;0
06/08/2015;16:27:00;76;com vitima;498,8;BR-116/RS;Sul;Colisao Traseira;1;0;0;0;0;0;;;;;0;1;0;0;0
08/08/2015;17:16:00;62;sem vitima;17,3;BR-392/RS;Norte;Atropelamento;1;0;1;0;0;0;;;;;3;0;0;0;0
08/08/2015;15:04:00;50;com vitima;530,7;BR-116/RS;Norte;Saida de Pista;2;0;0;0;0;0;;;;;0;0;3;1;0
09/08/2015;10:51:00;43;com vitima;93,4;BR-392/RS;Sul;Abalr. Transversal;1;0;0;1;0;0;;;;;1;1;0;0;0
10/08/2015;22:27:00;98;com vitima;10,3;BR-392/RS;Sul;Saida de Pista;1;0;0;0;0;0;;;;;0;1;0;0;0
12/08/2015;20:24:00;74;sem vitima;454,6;BR-116/RS;Norte;Abalr. Transversal;2;0;0;0;0;0;;;;;4;0;0;0;0
12/08/2015;12:12:00;43;com vitima;482;BR-116/RS;Sul;Tombamento;0;0;1;0;0;0;;;;;1;1;0;0;0
13/08/2015;10:56:00;35;com vitima;81,3;BR-392/RS;Norte;Atropelamento;1;0;0;0;0;0;;;;;1;0;1;0;0
14/08/2015;18:48:00;74;sem vitima;485,5;BR-116/RS;Sul;Atropelamento;0;0;1;0;0;0;;;;;1;0;0;0;0
14/08/2015;05:38:00;15;sem vitima;37,8;BR-392/RS;Sul;Saida de Pista;1;0;1;0;0;0;;;;;2;0;0;0;0
15/08/2015;00:10:00;1;com vitima;583,9;BR-116/RS;Sul;Saida de Pista;1;0;0;0;0;0;;;;;0;1;0;0;0
16/08/2015;18:27:00;65;com vitima;532,4;BR-116/RS;Norte;Colisao Frontal;2;0;0;0;0;0;;;;;2;4;1;0;0
18/08/2015;04:00:00;13;com vitima;0,8;BR-392/RS;Norte;Abalr. Transversal;1;0;0;0;0;0;;;;;0;0;1;0;0
18/08/2015;05:53:00;20;sem vitima;404,3;BR-116/RS;Norte;Atropelamento de Animal;1;0;0;0;0;0;;;;;2;0;0;0;0
18/08/2015;17:14:00;81;sem vitima;485,9;BR-116/RS;Norte;Colisao Traseira;0;0;2;0;0;0;;;;;3;0;0;0;0
18/08/2015;16:03:00;75;com vitima;525,9;BR-116/RS;Norte;Abalr. Transversal;1;0;0;0;0;0;1;;;;1;0;1;0;0
18/08/2015;02:27:00;11;com vitima;654;BR-116/RS;Sul;Colisao com Objeto Fixo;1;0;1;0;0;0;;;;;1;1;0;0;0
21/08/2015;00:18:00;2;com vitima;464,3;BR-116/RS;Sul;Saida de Pista;1;0;0;1;0;0;;;;;2;0;1;0;0
21/08/2015;17:32:00;64;com vitima;60;BR-392/RS;Sul;Colisao Traseira;1;0;0;0;0;0;;;;;1;1;0;0;0
21/08/2015;10:22:00;42;sem vitima;582,2;BR-116/RS;Norte;Saida de Pista;1;0;0;0;0;0;;;;;2;0;0;0;0
22/08/2015;20:07:00;79;com vitima;0,1;BR-392/RS;Norte;Saida de Pista;0;0;1;0;0;0;;;;;0;0;0;0;1
22/08/2015;16:31:00;62;com vitima;16,5;BR-392/RS;Norte;Colisao com Objeto Fixo;0;0;0;1;0;0;;;;;0;1;0;0;0
22/08/2015;09:57:00;37;sem vitima;66,4;BR-392/RS;Norte;Abalr. Mesmo Sentido;1;0;1;0;0;0;;;;;2;0;0;0;0
24/08/2015;08:48:00;35;sem vitima;462;BR-116/RS;Norte;Saida de Pista;1;0;1;0;0;0;;;;;2;0;0;0;0
24/08/2015;05:30:00;17;com vitima;528,8;BR-116/RS;Sul;Colisao Traseira;2;0;0;1;0;1;;;;;5;1;0;0;1
25/08/2015;10:24:00;38;sem vitima;421,7;BR-116/RS;Norte;Saida de Pista;1;0;0;0;0;0;;;;;1;0;0;0;0
25/08/2015;11:42:00;51;sem vitima;522,9;BR-116/RS;Norte;Abalr. Transversal;0;0;2;0;0;0;;;;;2;0;0;0;0
27/08/2015;18:48:00;79;com vitima;409;BR-116/RS;Norte;Colisao Traseira;0;0;1;1;0;0;;;;;0;0;1;0;0
27/08/2015;08:42:00;30;com vitima;459,7;BR-116/RS;Sul;Saida de Pista;1;0;0;1;0;0;;;;;2;0;2;0;0
27/08/2015;22:30:00;86;com vitima;515;BR-116/RS;Norte;Saida de Pista;1;0;0;1;0;0;;;;;1;1;0;0;0
27/08/2015;13:54:00;55;sem vitima;521,3;BR-116/RS;Sul;Colisao Traseira;0;0;1;0;0;0;;;;;1;0;0;0;0
27/08/2015;13:34:00;53;com vitima;86,6;BR-392/RS;Norte;Colisao Traseira;1;0;1;0;0;0;;;;;3;0;1;0;0
27/08/2015;03:10:00;9;com vitima;574,8;BR-116/RS;Sul;Saida de Pista;0;0;1;0;0;0;;;;;0;1;0;0;0
28/08/2015;23:37:00;115;com vitima;452,8;BR-116/RS;Sul;Atropelamento de Animal;1;0;0;0;0;0;;;;;0;2;0;0;0
28/08/2015;13:07:00;62;com vitima;619,5;BR-116/RS;Sul;Saida de Pista;0;0;2;0;0;0;;;;;1;0;0;1;0
29/08/2015;20:18:00;80;com vitima;127,5;BR-392/RS;Norte;Saida de Pista;2;0;0;0;0;0;;;;;1;0;1;0;0
31/08/2015;09:56:00;38;com vitima;414,4;BR-116/RS;Sul;Saida de Pista;1;0;1;0;0;0;;;;;1;0;1;0;0
31/08/2015;14:46:00;63;com vitima;612,1;BR-116/RS;Norte;Saida de Pista;1;0;0;1;0;0;;;;;1;1;0;0;0
01/09/2015;20:50:00;93;sem vitima;406,9;BR-116/RS;Sul;Atropelamento;0;0;2;0;0;0;;;;;2;0;0;0;0
01/09/2015;12:05:00;51;com vitima;468,2;BR-116/RS;Norte;Saida de Pista;2;0;0;0;0;0;;;;;1;1;0;0;0
01/09/2015;02:34:00;10;sem vitima;526,5;BR-116/RS;Sul;Saida de Pista;1;0;1;0;0;0;;;;;2;0;0;0;0
02/09/2015;16:13:00;64;com vitima;521,1;BR-116/RS;Norte;Abalr. Transversal;0;0;2;0;0;0;;;;;0;0;0;2;0
02/09/2015;19:01:00;81;com vitima;540;BR-116/RS;Norte;Atropelamento de Animal;0;0;2;0;0;0;;;;;1;1;0;0;0
02/09/2015;11:29:00;43;sem vitima;567;BR-116/RS;Norte;Colisao com Objeto Fixo;0;0;1;0;0;0;;;;;1;0;0;0;0
03/09/2015;00:45:00;8;sem vitima;21,1;BR-392/RS;Sul;Saida de Pista;0;0;1;0;1;0;;;;;3;0;0;0;0
03/09/2015;20:34:00;91;sem vitima;529,2;BR-116/RS;Norte;Abalr. Transversal;0;0;1;0;0;0;;;;;1;0;0;0;0
04/09/2015;05:45:00;17;com vitima;520,2;BR-116/RS;Norte;Atropelamento de Animal;1;0;0;0;0;0;;;;;0;1;0;0;0
05/09/2015;12:20:00;55;sem vitima;487,5;BR-116/RS;Sul;Saida de Pista;0;0;1;0;0;1;;;;;2;0;0;0;0
05/09/2015;06:46:00;19;sem vitima;143,2;BR-392/RS;Norte;Saida de Pista;2;0;0;0;0;0;;;;;5;0;0;0;0
06/09/2015;02:38:00;14;com vitima;4,7;BR-392/RS;Sul;Saida de Pista;1;0;0;0;0;0;;;;;1;0;1;0;0
06/09/2015;20:49:00;78;com vitima;40,1;BR-392/RS;Sul;Tombamento;1;0;0;0;0;0;;;;;0;1;0;0;0
06/09/2015;12:11:00;46;sem vitima;531,3;BR-116/RS;Norte;Colisao com Objeto Fixo;1;0;0;0;0;0;;;;;1;0;0;0;0
06/09/2015;19:20:00;70;sem vitima;536,1;BR-116/RS;Norte;Atropelamento de Animal;0;0;1;0;0;0;;;;;1;0;0;0;0
06/09/2015;14:39:00;51;com vitima;160,3;BR-392/RS;Norte;Colisao com Objeto Fixo;1;0;1;0;0;0;;;;;1;1;0;0;0
07/09/2015;07:08:00;21;com vitima;2,8;BR-392/RS;Norte;Colisao com Objeto Fixo;1;0;0;1;0;0;;;;;2;0;1;0;0
07/09/2015;06:33:00;19;sem vitima;438,4;BR-116/RS;Norte;Saida de Pista;1;0;1;0;0;0;;;;;5;0;0;0;0
08/09/2015;12:46:00;52;sem vitima;427,5;BR-116/RS;Norte;Abalr. Mesmo Sentido;0;0;1;0;0;0;;;;;2;0;0;0;0
08/09/2015;20:50:00;91;sem vitima;634,8;BR-116/RS;Sul;Colisao Traseira;0;0;2;0;0;0;;;;;2;0;0;0;0
09/09/2015;08:43:00;27;sem vitima;403,7;BR-116/RS;Norte;Abalr. Sentido Oposto;1;0;0;0;0;0;;;;;2;0;0;0;0
09/09/2015;21:41:00;88;sem vitima;509,1;BR-116/RS;Norte;Saida de Pista;1;0;0;0;0;0;;;;;1;0;0;0;0
09/09/2015;16:21:00;67;sem vitima;153,9;BR-392/RS;Sul;Colisao Traseira;2;0;0;0;0;0;;;;;3;0;0;0;0
10/09/2015;11:20:00;41;sem vitima;429,2;BR-116/RS;Norte;Abalr. Transversal;1;0;1;0;0;0;;;;;3;0;0;0;0
10/09/2015;04:56:00;8;sem vitima;65,5;BR-392/RS;Sul;Colisao Traseira;1;0;2;0;0;0;;;;;3;0;0;0;0
10/09/2015;16:54:00;72;com vitima;85;BR-392/RS;Sul;Abalr. Sentido Oposto;1;0;1;0;0;0;;;;;3;1;1;0;0
11/09/2015;16:17:00;72;sem vitima;413;BR-116/RS;Sul;Saida de Pista;2;0;0;0;0;0;;;;;3;0;0;0;0
11/09/2015;00:08:00;1;sem vitima;62,5;BR-392/RS;Sul;Colisao com Objeto Fixo;0;0;1;0;0;0;;;;;1;0;0;0;0
12/09/2015;12:35:00;41;com vitima;410,7;BR-116/RS;Sul;Saida de Pista;1;0;1;0;0;0;;;;;1;1;0;0;0
12/09/2015;17:20:00;57;sem vitima;118,6;BR-392/RS;Sul;Abalr. Transversal;1;0;1;0;0;0;;;;;2;0;0;0;0
14/09/2015;01:07:00;9;com vitima;17,8;BR-392/RS;Norte;Saida de Pista;2;0;0;0;0;0;;;;;3;1;0;0;0
14/09/2015;21:16:00;92;sem vitima;457,5;BR-116/RS;Norte;Abalr. Sentido Oposto;1;0;0;0;0;0;;;;;5;0;0;0;0
14/09/2015;21:57:00;95;sem vitima;38;BR-392/RS;Norte;Atropelamento de Animal;0;0;2;0;0;0;;;;;2;0;0;0;0
14/09/2015;14:15:00;54;com vitima;66,7;BR-392/RS;Norte;Tombamento;1;0;0;0;0;0;;;;;0;1;0;0;0
14/09/2015;20:35:00;88;sem vitima;523,7;BR-116/RS;Sul;Saida de Pista;2;0;0;0;0;0;;;;;2;0;0;0;0
15/09/2015;14:33:00;68;sem vitima;424,8;BR-116/RS;Sul;Abalr. Transversal;2;0;0;0;0;0;;;;;4;0;0;0;0
15/09/2015;17:23:00;81;sem vitima;123,4;BR-392/RS;Norte;Colisao Traseira;1;0;0;0;0;0;;;;;1;0;0;0;0
16/09/2015;23:10:00;94;sem vitima;475,3;BR-116/RS;Norte;Colisao Frontal;1;0;0;0;0;0;;;;;2;0;0;0;0
16/09/2015;17:01:00;69;com vitima;107,2;BR-392/RS;Sul;Abalr. Mesmo Sentido;1;1;0;0;0;0;;;;;1;0;0;0;1
18/09/2015;07:26:00;16;com vitima;5,2;BR-392/RS;Sul;Abalr. Transversal;0;0;0;1;0;0;;;;;0;1;0;0;0
19/09/2015;05:12:00;9;sem vitima;402,3;BR-116/RS;Sul;Colisao Frontal;3;0;0;0;0;0;;;;;6;0;0;0;0
19/09/2015;22:35:00;73;sem vitima;71,9;BR-392/RS;Sul;Colisao Traseira;2;0;0;0;0;0;;;;;2;0;0;0;0
20/09/2015;20:38:00;68;com vitima;486;BR-116/RS;Norte;Colisao Frontal;1;0;0;0;0;0;;;;;2;0;1;0;0
20/09/2015;18:49:00;61;sem vitima;489,1;BR-116/RS;Sul;Colisao Frontal;2;0;0;0;0;0;;;;;5;0;0;0;0
23/09/2015;03:52:00;7;com vitima;111;BR-392/RS;Sul;Saida de Pista;1;0;0;0;0;0;;;;;0;2;0;0;0
24/09/2015;13:10:00;59;com vitima;141,6;BR-392/RS;Norte;Saida de Pista;1;0;0;0;0;0;;;;;0;1;1;0;0
26/09/2015;16:16:00;68;com vitima;52,3;BR-392/RS;Norte;Colisao Traseira;0;0;0;1;0;0;;;;;0;0;0;0;1
27/09/2015;10:55:00;38;sem vitima;66,9;BR-392/RS;Sul;Abalr. Transversal;1;0;1;0;0;0;;;;;2;0;0;0;0
27/09/2015;20:40:00;79;sem vitima;582;BR-116/RS;Sul;Atropelamento de Animal;0;0;1;0;0;0;;;;;1;0;0;0;0
29/09/2015;16:04:00;61;sem vitima;526;BR-116/RS;Sul;Colisao Traseira;0;0;2;0;0;0;;;;;2;0;0;0;0
29/09/2015;12:53:00;51;sem vitima;586;BR-116/RS;Norte;Colisao Traseira;1;0;1;0;0;0;;;;;5;0;0;0;0
30/09/2015;14:09:00;46;com vitima;515;BR-116/RS;Norte;Saida de Pista;1;0;1;0;0;0;;;;;1;2;0;0;0
30/09/2015;16:41:00;55;com vitima;120,7;BR-392/RS;Norte;Abalr. Transversal;1;0;1;0;0;0;;;;;1;1;1;0;0
01/10/2015;16:36:00;69;com vitima;520,9;BR-116/RS;Sul;Abalr. Transversal;1;0;0;1;0;0;;;;;1;0;1;0;0
01/10/2015;04:58:00;17;com vitima;523;BR-116/RS;Sul;Saida de Pista;0;0;0;1;1;0;;;;;1;1;0;0;0
01/10/2015;08:55:00;30;sem vitima;525,3;BR-116/RS;Sul;Saida de Pista;1;0;0;0;0;1;;;;;1;0;0;0;0
01/10/2015;07:43:00;24;com vitima;525,6;BR-116/RS;Sul;Colisao Traseira;1;0;0;0;0;0;;;;;1;1;0;0;0
03/10/2015;11:02:00;36;sem vitima;460,7;BR-116/RS;Sul;Saida de Pista;0;0;1;0;0;0;;;;;1;0;0;0;0
04/10/2015;07:24:00;18;com vitima;15;BR-392/RS;Sul;Saida de Pista;2;0;0;0;0;0;;;;;0;0;0;3;0
04/10/2015;23:15:00;64;com vitima;455,3;BR-116/RS;Sul;Atropelamento de Animal;1;0;0;0;0;0;;;;;0;1;0;0;0
07/10/2015;08:25:00;22;sem vitima;452,5;BR-116/RS;Norte;Saida de Pista;0;0;1;0;0;0;;;;;1;0;0;0;0
07/10/2015;12:59:00;48;sem vitima;90,5;BR-392/RS;Sul;Saida de Pista;1;0;1;0;0;0;;;;;2;0;0;0;0
08/10/2015;19:50:00;71;com vitima;43,9;BR-392/RS;Norte;Colisao Traseira;0;0;0;1;0;0;;;;;0;0;1;0;0
08/10/2015;17:33:00;63;sem vitima;522,7;BR-116/RS;Sul;Colisao Frontal;0;0;1;0;2;0;;;;;3;0;0;0;0
08/10/2015;07:41:00;19;sem vitima;84,9;BR-392/RS;Norte;Saida de Pista;6;0;0;0;0;0;;;;;16;0;0;0;0