data;horario;n_da_ocorrencia;tipo_de_ocorrencia;km;trecho;sentido;tipo_de_acidente;automovel;bicicleta;caminhao;moto;onibus;outros;tracao_animal;transporte_de_cargas_especiais;trator_maquinas;utilitarios;ilesos;levemente_feridos;moderadamente_feridos;gravemente_feridos;mortos
09/10/2015;14:16:00;58;sem vitima;63,2;BR-392/RS;Sul;Colisao Frontal;2;0;1;0;0;0;;;;;12;0;0;0;0
10/10/2015;16:33:00;66;sem vitima;514,9;BR-116/RS;Sul;Capotamento;2;0;0;0;0;0;;;;;2;0;0;0;0
11/10/2015;13:11:00;47;sem vitima;402;BR-116/RS;Norte;Saida de Pista;1;0;0;0;0;0;;;;;2;0;0;0;0
11/10/2015;09:58:00;29;sem vitima;432,1;BR-116/RS;Norte;Tombamento;0;0;2;0;0;0;;;;;2;0;0;0;0
12/10/2015;01:58:00;13;sem vitima;526,4;BR-116/RS;Sul;Saida de Pista;1;0;1;0;0;0;;;;;3;0;0;0;0
13/10/2015;06:59:00;25;com vitima;11,3;BR-293/RS;Norte;Saida de Pista;0;0;0;0;1;0;;;;;1;0;1;0;0
13/10/2015;07:54:00;26;sem vitima;496,9;BR-116/RS;Sul;Saida de Pista;0;0;1;0;0;0;;;;;1;0;0;0;0
13/10/2015;10:47:00;44;sem vitima;565;BR-116/RS;Norte;Colisao Traseira;0;0;1;0;0;0;;;;;1;0;0;0;0
14/10/2015;04:37:00;14;com vitima;6,3;BR-392/RS;Norte;Colisao com Objeto Fixo;0;0;1;1;0;0;;;;;1;0;1;0;0
14/10/2015;21:00:00;98;sem vitima;51,5;BR-392/RS;Norte;Outros tipos de acidente;0;0;1;0;0;0;;;;;1;0;0;0;0
14/10/2015;18:09:00;82;sem vitima;522;BR-116/RS;Norte;Colisao com Objeto Fixo;1;0;0;0;0;0;;;;;2;0;0;0;0
14/10/2015;16:57:00;77;sem vitima;68;BR-392/RS;Norte;Colisao Traseira;0;0;1;0;0;0;;;;;2;0;0;0;0
15/10/2015;07:34:00;21;sem vitima;43,7;BR-392/RS;Norte;Saida de Pista;1;0;0;0;0;0;;;;;1;0;0;0;0
17/10/2015;14:48:00;56;com vitima;640,1;BR-116/RS;Sul;Colisao Frontal;0;0;0;1;0;0;;;;;0;0;1;0;0
19/10/2015;21:35:00;93;sem vitima;5,3;BR-392/RS;Norte;Colisao Frontal;0;0;1;0;0;0;;;;;1;0;0;0;0
19/10/2015;21:10:00;92;sem vitima;23;BR-392/RS;Norte;Abalr. Mesmo Sentido;1;0;1;0;0;0;;;;;3;0;0;0;0
20/10/2015;21:16:00;90;sem vitima;12,1;BR-392/RS;Norte;Abalr. Transversal;1;0;0;0;0;0;;;;;4;0;0;0;0
21/10/2015;08:43:00;24;com vitima;481,7;BR-116/RS;Sul;Saida de Pista;0;0;1;1;0;0;;;;;1;0;0;1;0
21/10/2015;11:27:00;44;com vitima;87,1;BR-392/RS;Norte;Colisao Traseira;1;0;1;0;0;0;;;;;2;1;0;0;0
22/10/2015;01:16:00;12;com vitima;523,4;BR-116/RS;Sul;Saida de Pista;0;0;1;1;0;0;;;;;2;1;0;0;0
22/10/2015;10:57:00;47;sem vitima;524,4;BR-116/RS;Norte;Tombamento;1;0;0;0;0;0;;;;;1;0;0;0;0
24/10/2015;02:10:00;14;com vitima;33,8;BR-392/RS;Norte;Atropelamento de Animal;1;0;0;0;0;0;;;;;0;1;0;0;0
25/10/2015;17:12:00;62;sem vitima;55,8;BR-392/RS;Norte;Saida de Pista;1;0;0;0;0;0;;;;;4;0;0;0;0
27/10/2015;14:11:00;50;com vitima;522,9;BR-116/RS;Norte;Colisao Frontal;0;1;0;1;0;0;;;;;0;2;0;0;0
29/10/2015;11:56:00;45;sem vitima;4,3;BR-392/RS;Sul;Abalr. Transversal;2;0;0;0;0;0;;;;;3;0;0;0;0
29/10/2015;21:08:00;81;com vitima;30,2;BR-392/RS;Norte;Atropelamento;1;0;0;1;0;0;;;;;0;2;0;0;0
29/10/2015;22:28:00;84;sem vitima;530,1;BR-116/RS;Sul;Abalr. Transversal;0;0;1;0;0;0;;;;;1;0;0;0;0
30/10/2015;20:48:00;78;sem vitima;427,3;BR-116/RS;Norte;Abalr. Transversal;2;0;0;0;0;0;;;;;2;0;0;0;0
31/10/2015;14:39:00;58;sem vitima;40,7;BR-392/RS;Sul;Saida de Pista;1;0;1;0;0;0;;;;;3;0;0;0;0
31/10/2015;04:30:00;9;sem vitima;100;BR-392/RS;Norte;Saida de Pista;1;0;0;0;0;1;;;;;2;0;0;0;0
02/11/2015;17:27:00;43;sem vitima;563,4;BR-116/RS;Sul;Abalr. Transversal;2;0;0;0;0;0;;;;;5;0;0;0;0
03/11/2015;14:28:00;57;com vitima;403,8;BR-116/RS;Sul;Saida de Pista;1;0;0;0;0;0;;;;;0;1;0;0;0
03/11/2015;22:06:00;94;sem vitima;428,5;BR-116/RS;Sul;Colisao Traseira;0;0;1;0;0;0;;;;;2;0;0;0;0
03/11/2015;13:30:00;50;sem vitima;525,7;BR-116/RS;Sul;Abalr. Transversal;1;0;0;0;0;0;;;;;2;0;0;0;0
03/11/2015;20:45:00;92;sem vitima;85,7;BR-392/RS;Sul;Saida de Pista;2;0;0;0;0;0;;;;;4;0;0;0;0
04/11/2015;18:27:00;73;sem vitima;520,6;BR-116/RS;Sul;Colisao Traseira;1;0;1;0;0;0;;;;;2;0;0;0;0
04/11/2015;10:56:00;40;sem vitima;98,2;BR-392/RS;Sul;Saida de Pista;2;0;0;0;0;0;;;;;5;0;0;0;0
05/11/2015;11:03:00;34;sem vitima;7,5;BR-392/RS;Sul;Colisao Traseira;2;0;0;0;0;0;;;;;4;0;0;0;0
05/11/2015;11:12:00;35;sem vitima;145,6;BR-392/RS;Sul;Colisao Traseira;2;0;0;0;0;0;;;;;7;0;0;0;0
07/11/2015;09:24:00;29;sem vitima;498,2;BR-116/RS;Sul;Colisao Traseira;1;0;0;0;0;0;;;;;1;0;0;0;0
07/11/2015;11:15:00;40;com vitima;47,1;BR-392/RS;Norte;Saida de Pista;1;0;0;0;0;0;;;;;0;1;0;0;0
07/11/2015;10:11:00;34;com vitima;530;BR-116/RS;Norte;Abalr. Transversal;1;0;0;1;0;0;;;;;1;0;1;0;0
08/11/2015;23:20:00;90;com vitima;5;BR-392/RS;Sul;Saida de Pista;0;1;1;0;0;0;;;;;1;0;1;0;0
08/11/2015;06:46:00;17;com vitima;6,5;BR-392/RS;Sul;Saida de Pista;0;0;0;1;0;0;;;;;0;0;1;0;0
08/11/2015;21:42:00;83;com vitima;21;BR-392/RS;Sul;Atropelamento de Animal;0;0;1;0;1;0;;;;;13;3;1;1;0
08/11/2015;00:40:00;8;com vitima;52,3;BR-392/RS;Norte;Colisao Traseira;0;0;1;1;0;0;;;;;1;1;0;0;0
09/11/2015;05:24:00;14;sem vitima;124,9;BR-392/RS;Norte;Abalr. Transversal;1;0;1;0;0;0;;;;;2;0;0;0;0
11/11/2015;21:32:00;98;sem vitima;402,7;BR-116/RS;Norte;Colisao Frontal;1;0;1;0;0;0;;;;;2;0;0;0;0
11/11/2015;13:46:00;54;com vitima;463,4;BR-116/RS;Norte;Saida de Pista;2;0;0;0;0;0;;;;;3;1;0;0;0
12/11/2015;23:55:00;82;sem vitima;63,5;BR-392/RS;Sul;Abalr. Sentido Oposto;2;0;0;0;0;0;;;;;2;0;0;0;0
13/11/2015;22:33:00;96;com vitima;48,9;BR-392/RS;Norte;Saida de Pista;2;0;0;0;0;0;;;;;1;1;0;0;0
14/11/2015;00:58:00;8;sem vitima;51,5;BR-392/RS;Norte;Colisao Traseira;1;0;0;0;0;0;;;;;1;0;0;0;0
14/11/2015;01:22:00;10;sem vitima;93,7;BR-392/RS;Norte;Colisao com Objeto Fixo;1;0;0;0;0;0;;;;;2;0;0;0;0
15/11/2015;15:33:00;56;sem vitima;61,1;BR-392/RS;Norte;Tombamento;1;0;1;0;0;0;;;;;4;0;0;0;0
17/11/2015;07:47:00;16;sem vitima;8,5;BR-392/RS;Sul;Abalr. Mesmo Sentido;1;0;0;0;0;0;;;;;2;0;0;0;0
18/11/2015;21:49:00;89;sem vitima;430,4;BR-116/RS;Sul;Colisao com Objeto Fixo;0;0;1;0;1;0;;;;;2;0;0;0;0
18/11/2015;22:07:00;90;sem vitima;450;BR-116/RS;Sul;Saida de Pista;1;0;1;0;0;0;;;;;2;0;0;0;0
19/11/2015;18:24:00;74;com vitima;52,3;BR-392/RS;Norte;Colisao Traseira;1;0;0;1;0;0;;;;;1;1;0;0;0
20/11/2015;12:02:00;46;sem vitima;29,6;BR-392/RS;Norte;Atropelamento;0;0;0;1;1;0;;;;;2;0;0;0;0
20/11/2015;23:31:00;101;sem vitima;630,4;BR-116/RS;Norte;Atropelamento de Animal;1;0;0;0;0;0;;;;;1;0;0;0;0
21/11/2015;13:29:00;45;com vitima;25,3;BR-392/RS;Sul;Colisao Traseira;1;0;0;1;0;0;;;;;1;1;0;0;0
21/11/2015;11:32:00;38;sem vitima;595,8;BR-116/RS;Sul;Saida de Pista;1;0;1;0;0;0;;;;;4;0;0;0;0
22/11/2015;14:49:00;51;sem vitima;17,1;BR-392/RS;Sul;Tombamento;2;0;0;0;0;0;;;;;2;0;0;0;0
22/11/2015;13:49:00;49;com vitima;526,3;BR-116/RS;Norte;Saida de Pista;1;0;1;0;0;0;;;;;1;0;0;0;1
23/11/2015;19:02:00;82;com vitima;517,9;BR-116/RS;Sul;Abalr. Mesmo Sentido;0;0;1;1;0;0;;;;;1;0;0;0;1
23/11/2015;13:41:00;56;sem vitima;589,9;BR-116/RS;Norte;Saida de Pista;1;0;1;0;0;0;;;;;2;0;0;0;0
23/11/2015;16:57:00;75;sem vitima;606,2;BR-116/RS;Sul;Abalr. Transversal;1;0;0;0;0;0;;;;;3;0;0;0;0
24/11/2015;07:49:00;12;sem vitima;12;BR-392/RS;Norte;Saida de Pista;1;0;1;0;0;0;;;;;6;0;0;0;0
24/11/2015;13:43:00;53;com vitima;543,4;BR-116/RS;Sul;Saida de Pista;0;0;1;1;0;0;;;;;1;0;0;1;1
25/11/2015;09:58:00;30;sem vitima;51,1;BR-392/RS;Norte;Saida de Pista;1;0;0;0;0;0;;;;;4;0;0;0;0
27/11/2015;17:21:00;72;com vitima;12,5;BR-392/RS;Norte;Saida de Pista;3;0;0;1;0;0;;;;;3;0;1;0;0
27/11/2015;14:00:00;56;com vitima;60,9;BR-392/RS;Sul;Saida de Pista;2;0;0;0;0;1;;;;;2;0;0;0;1
27/11/2015;18:30:00;82;com vitima;63,4;BR-392/RS;Norte;Saida de Pista;0;0;0;1;0;0;;;;;0;2;0;0;0
27/11/2015;21:00:00;97;com vitima;530,4;BR-116/RS;Norte;Atropelamento de Animal;0;0;0;1;0;0;;;;;0;0;1;0;0
28/11/2015;17:10:00;70;sem vitima;42,7;BR-392/RS;Sul;Colisao com Objeto Fixo;3;0;0;0;0;0;;;;;3;0;0;0;0
29/11/2015;20:07:00;81;sem vitima;611,5;BR-116/RS;Sul;Abalr. Transversal;1;0;0;0;0;0;;;;;3;0;0;0;0
29/11/2015;15:19:00;53;sem vitima;638,9;BR-116/RS;Sul;Tombamento;0;0;1;1;0;0;;;;;2;0;0;0;0
30/11/2015;22:57:00;93;com vitima;482,1;BR-116/RS;Sul;Saida de Pista;0;0;1;0;0;1;;;;;3;2;0;0;0
01/12/2015;15:23:00;63;com vitima;0,4;BR-392/RS;Sul;Abalr. Transversal;2;0;0;1;0;0;;;;;2;1;0;0;0
03/12/2015;02:05:00;17;com vitima;4,9;BR-392/RS;Norte;Saida de Pista;1;0;1;0;0;0;;;;;1;0;1;0;0
03/12/2015;18:26:00;144;com vitima;528,4;BR-116/RS;Sul;Abalr. Transversal;0;0;2;0;0;0;;;;;1;0;1;0;0
04/12/2015;23:38:00;179;sem vitima;4,9;BR-392/RS;Norte;Colisao Traseira;2;0;0;0;0;0;;;;;3;0;0;0;0
04/12/2015;07:45:00;55;sem vitima;7,2;BR-392/RS;Sul;Colisao Traseira;1;0;1;0;0;0;;;;;5;0;0;0;0
04/12/2015;21:52:00;159;sem vitima;427,5;BR-116/RS;Sul;Abalr. Transversal;0;0;1;0;0;0;;;;;2;0;0;0;0
04/12/2015;15:30:00;118;sem vitima;522;BR-116/RS;Sul;Tombamento;1;0;0;0;0;0;;;;;1;0;0;0;0
05/12/2015;10:10:00;63;sem vitima;21;BR-392/RS;Sul;Saida de Pista;2;0;0;0;0;0;;;;;2;0;0;0;0
05/12/2015;11:00:00;68;com vitima;512;BR-116/RS;Sul;Abalr. Mesmo Sentido;0;0;0;0;0;1;;;;;1;0;0;0;1
06/12/2015;04:49:00;13;sem vitima;119,9;BR-392/RS;Norte;Saida de Pista;2;0;0;0;0;0;;;;;3;0;0;0;0
09/12/2015;00:52:00;9;sem vitima;464,8;BR-116/RS;Sul;Abalr. Sentido Oposto;1;0;0;0;0;0;;;;;1;0;0;0;0
09/12/2015;17:38:00;137;com vitima;464,8;BR-116/RS;Sul;Abalr. Transversal;0;0;1;1;0;0;;;;;1;0;0;1;0
09/12/2015;16:55:00;134;com vitima;65,9;BR-392/RS;Sul;Abalr. Transversal;1;0;1;0;0;0;;;;;1;0;1;0;0
10/12/2015;02:17:00;19;sem vitima;519,4;BR-116/RS;Norte;Atropelamento de Animal;1;0;0;0;0;0;;;;;1;0;0;0;0
10/12/2015;19:22:00;151;com vitima;544,5;BR-116/RS;Norte;Saida de Pista;1;0;0;0;0;0;;;;;0;1;0;0;0
11/12/2015;07:33:00;31;com vitima;487,8;BR-116/RS;Sul;Atropelamento;0;0;0;1;0;0;;;;;0;1;0;0;0
11/12/2015;14:33:00;90;sem vitima;40;BR-392/RS;Sul;Outros tipos de acidente;1;0;1;0;0;0;;;;;3;0;0;0;0
14/12/2015;13:48:00;114;com vitima;543,6;BR-116/RS;Sul;Saida de Pista;1;0;0;0;0;0;;;;;0;0;2;0;0
14/12/2015;12:43:00;106;sem vitima;585,5;BR-116/RS;Sul;Saida de Pista;0;0;2;0;0;0;;;;;2;0;0;0;0
15/12/2015;16:08:00;93;com vitima;66,4;BR-392/RS;Sul;Colisao Traseira;1;0;0;0;0;0;;;;;0;0;1;0;0
15/12/2015;02:07:00;12;sem vitima;648;BR-116/RS;Norte;Colisao Frontal;0;0;1;0;0;0;;;;;1;0;0;0;0
16/12/2015;12:04:00;87;sem vitima;427,5;BR-116/RS;Sul;Abalr. Transversal;0;0;2;0;0;0;;;;;3;0;0;0;0
16/12/2015;09:16:00;66;sem vitima;504,2;BR-116/RS;Norte;Saida de Pista;1;0;0;0;0;0;;;;;1;0;0;0;0
16/12/2015;12:33:00;89;sem vitima;516,9;BR-116/RS;Norte;Abalr. Transversal;0;0;1;0;1;0;;;;;26;0;0;0;0
16/12/2015;22:26:00;146;com vitima;523,2;BR-116/RS;Norte;Colisao com Objeto Fixo;1;0;2;0;0;0;;;;;2;1;0;0;0
17/12/2015;12:43:00;84;com vitima;34,6;BR-392/RS;Sul;Saida de Pista;1;0;0;0;0;0;;;;;0;1;0;0;0
18/12/2015;23:00:00;167;sem vitima;519,9;BR-116/RS;Norte;Atropelamento;1;0;0;0;0;0;;;;;1;0;0;0;0
23/12/2015;18:50:00;127;com vitima;441,8;BR-116/RS;Norte;Saida de Pista;1;0;1;0;0;0;;;;;1;0;1;0;0
23/12/2015;18:57:00;129;sem vitima;477,4;BR-116/RS;Sul;Abalr. Sentido Oposto;1;0;0;0;0;0;;;;;2;0;0;0;0
23/12/2015;17:36:00;121;com vitima;34,3;BR-392/RS;Norte;Saida de Pista;0;0;1;0;0;0;;;;;1;0;0;0;1
23/12/2015;07:27:00;21;sem vitima;144,5;BR-392/RS;Sul;Saida de Pista;1;0;1;0;0;0;;;;;3;0;0;0;0
23/12/2015;09:41:00;57;sem vitima;170;BR-392/RS;Norte;Saida de Pista;0;0;2;0;0;0;;;;;2;0;0;0;0
23/12/2015;14:34:00;99;sem vitima;170;BR-392/RS;Norte;Saida de Pista;1;0;1;0;0;0;;;;;2;0;0;0;0
23/12/2015;14:14:00;96;sem vitima;175,1;BR-392/RS;Norte;Saida de Pista;2;0;1;0;0;0;;;;;6;0;0;0;0
24/12/2015;15:00:00;84;sem vitima;516,9;BR-116/RS;Norte;Abalr. Transversal;0;0;1;0;0;0;;;;;1;0;0;0;0
25/12/2015;23:16:00;151;sem vitima;514,2;BR-116/RS;Norte;Colisao Traseira;1;0;0;0;0;0;;;;;1;0;0;0;0
25/12/2015;09:14:00;42;com vitima;540,8;BR-116/RS;Sul;Colisao com Objeto Fixo;2;0;0;0;0;0;;;;;1;1;0;0;0
26/12/2015;06:50:00;23;sem vitima;14,6;BR-392/RS;Norte;Saida de Pista;0;0;1;0;0;0;;;;;1;0;0;0;0
27/12/2015;18:13:00;103;sem vitima;415,4;BR-116/RS;Norte;Abalr. Sentido Oposto;2;0;1;0;0;0;;;;;4;0;0;0;0
27/12/2015;17:24:00;98;sem vitima;20,5;BR-392/RS;Norte;Colisao Traseira;2;0;0;0;0;0;;;;;6;0;0;0;0
28/12/2015;13:05:00;82;com vitima;449,6;BR-116/RS;Sul;Colisao Traseira;0;0;1;1;0;0;;;;;1;0;2;0;0
30/12/2015;16:36:00;108;sem vitima;24,6;BR-392/RS;Norte;Saida de Pista;0;0;1;0;0;0;;;;;2;0;0;0;0
30/12/2015;11:37:00;70;sem vitima;503,7;BR-116/RS;Sul;Saida de Pista;1;0;1;2;0;0;;;;;4;0;0;0;0
02/01/2016;21:55:00;166;com vitima;18;BR-392/RS;Sul;Atropelamento - Animal;1;0;0;0;0;0;;;;;0;1;0;0;0
02/01/2016;05:06:00;42;com vitima;59,2;BR-392/RS;Sul;Colisao com Objeto Fixo;0;0;0;1;0;0;;;;;0;1;0;0;0
03/01/2016;22:48:00;139;sem vitima;518,3;BR-116/RS;Sul;Saida de Pista;0;0;2;0;0;0;;;;;2;0;0;0;0
05/01/2016;20:07:00;129;com vitima;26,4;BR-392/RS;Norte;Atropelamento;0;0;0;2;0;0;;;;;0;0;2;0;0
05/01/2016;15:03:00;99;sem vitima;619,3;BR-116/RS;Norte;Saida de Pista;1;0;0;0;0;0;;;;;1;0;0;0;0
08/01/2016;15:01:00;88;com vitima;39,8;BR-392/RS;Norte;Saida de Pista;2;0;0;0;0;0;;;;;9;0;0;1;0
09/01/2016;13:52:00;92;com vitima;1,2;BR-392/RS;Norte;Abalroamento - Transversal;0;0;1;0;0;0;;;;;0;1;0;0;0
10/01/2016;20:47:00;131;com vitima;514,3;BR-116/RS;Norte;Colisao Traseira;0;0;1;0;0;0;;;;;0;0;1;0;0
10/01/2016;09:37:00;73;sem vitima;541;BR-116/RS;Norte;Colisao com Objeto Fixo;0;0;1;0;0;0;;;;;1;0;0;0;0
11/01/2016;18:04:00;140;com vitima;66,9;BR-392/RS;Norte;Abalroamento - Transversal;2;0;0;0;0;0;;;;;1;1;0;0;0
11/01/2016;11:10:00;90;sem vitima;529,3;BR-116/RS;Norte;Abalroamento - Transversal;1;0;0;0;0;0;;;;;2;0;0;0;0
11/01/2016;11:43:00;96;com vitima;582,8;BR-116/RS;Norte;Saida de Pista;2;0;0;0;0;0;;;;;3;0;3;1;0
12/01/2016;11:14:00;66;com vitima;512,9;BR-116/RS;Norte;Colisao Traseira;0;0;1;0;0;0;;;;;0;0;1;0;0
12/01/2016;04:18:00;12;sem vitima;566,4;BR-116/RS;Norte;Atropelamento - Animal;2;0;1;0;0;0;;;;;3;0;0;0;0
14/01/2016;12:24:00;76;com vitima;19,9;BR-392/RS;Sul;Colisao Traseira;1;0;0;1;0;0;;;;;0;1;1;0;0
14/01/2016;07:16:00;23;sem vitima;470,8;BR-116/RS;Norte;Saida de Pista;1;0;1;0;0;0;;;;;3;0;0;0;0
14/01/2016;19:32:00;122;sem vitima;552,1;BR-116/RS;Sul;Saida de Pista;1;0;0;0;0;0;;;;;1;0;0;0;0
15/01/2016;05:01:00;13;sem vitima;611,2;BR-116/RS;Norte;Atropelamento - Animal;2;0;0;0;0;0;;;;;7;0;0;0;0
15/01/2016;08:25:00;46;com vitima;193,7;BR-392/RS;Norte;Tombamento;1;0;1;0;0;0;;;;;1;0;0;1;0
16/01/2016;12:42:00;75;sem vitima;530,2;BR-116/RS;Sul;Abalroamento - Transversal;0;0;2;0;0;0;;;;;2;0;0;0;0
16/01/2016;22:53:00;154;com vitima;565,2;BR-116/RS;Sul;Colisao Frontal;1;0;0;1;0;0;;;;;1;0;1;0;0
17/01/2016;18:51:00;134;sem vitima;540,9;BR-116/RS;Norte;Colisao Traseira;1;0;1;0;0;0;;;;;6;0;0;0;0
17/01/2016;18:28:00;132;com vitima;625,2;BR-116/RS;Norte;Saida de Pista;1;0;0;0;0;0;;;;;0;0;0;0;1
18/01/2016;07:24:00;31;com vitima;1,2;BR-392/RS;Norte;Abalroamento - Transversal;1;1;0;0;0;0;;;;;1;0;1;0;0
18/01/2016;14:08:00;95;com vitima;439,7;BR-116/RS;Norte;Outros tipos de acidente;1;0;0;1;0;0;;;;;1;0;2;0;0
18/01/2016;22:41:00;161;com vitima;612,5;BR-116/RS;Sul;Colisao Traseira;2;0;0;0;0;0;;;;;2;1;0;0;0
20/01/2016;09:36:00;50;com vitima;460,2;BR-116/RS;Norte;Saida de Pista;1;0;1;0;0;0;;;;;2;1;3;0;0
21/01/2016;18:47:00;137;com vitima;524,3;BR-116/RS;Sul;Abalroamento - Transversal;1;0;0;1;0;0;;;;;2;0;1;0;0
22/01/2016;22:06:00;152;sem vitima;518,1;BR-116/RS;Norte;Colisao com Objeto Fixo;3;0;0;0;0;0;;;;;6;0;0;0;0
23/01/2016;16:01:00;112;sem vitima;481,7;BR-116/RS;Sul;Abalroamento - Transversal;1;0;0;0;0;0;;;;;4;0;0;0;0
23/01/2016;17:52:00;136;sem vitima;107,2;BR-392/RS;Norte;Saida de Pista;0;0;0;1;0;0;;;;;2;0;0;0;0
23/01/2016;21:43:00;169;com vitima;132,5;BR-392/RS;Norte;Abalroamento - Sentido Oposto;1;0;2;0;0;0;;;;;2;1;0;0;0
24/01/2016;01:44:00;17;sem vitima;42,2;BR-392/RS;Sul;Tombamento;1;0;0;0;0;1;;;;;2;0;0;0;0
25/01/2016;04:12:00;24;sem vitima;452,3;BR-116/RS;Sul;Saida de Pista;1;0;0;0;0;0;;;;;1;0;0;0;0
25/01/2016;07:00:00;46;sem vitima;476,5;BR-116/RS;Norte;Colisao Frontal;1;0;1;0;0;0;;;;;5;0;0;0;0
25/01/2016;18:21:00;139;com vitima;525;BR-116/RS;Norte;Colisao Traseira;1;0;0;0;0;0;;;;;0;1;0;0;0
27/01/2016;10:37:00;66;com vitima;41,2;BR-392/RS;Norte;Saida de Pista;1;0;0;1;0;0;;;;;0;1;2;0;0
28/01/2016;18:10:00;119;com vitima;516,8;BR-116/RS;Sul;Abalroamento - Transversal;0;0;3;0;0;0;;;;;2;0;1;0;0
29/01/2016;08:16:00;37;sem vitima;483,5;BR-116/RS;Norte;Saida de Pista;2;0;0;0;0;0;;;;;4;0;0;0;0
29/01/2016;19:32:00;127;com vitima;48,9;BR-392/RS;Norte;Saida de Pista;2;0;0;0;0;0;;;;;2;0;2;0;0
29/01/2016;17:38:00;114;sem vitima;96,4;BR-392/RS;Sul;Saida de Pista;0;0;1;0;0;0;;;;;1;0;0;0;0
29/01/2016;15:03:00;93;sem vitima;529,3;BR-116/RS;Norte;Colisao Traseira;2;0;0;0;0;0;;;;;3;0;0;0;0
30/01/2016;02:32:00;15;sem vitima;482,2;BR-116/RS;Sul;Tombamento;2;0;0;0;0;0;;;;;6;0;0;0;0
30/01/2016;04:59:00;23;com vitima;54,6;BR-392/RS;Norte;Colisao Traseira;1;0;1;1;0;0;;;;;2;1;0;0;0
31/01/2016;20:05:00;115;com vitima;40,8;BR-392/RS;Norte;Atropelamento - Animal;2;0;0;0;0;0;;;;;0;2;0;0;0
01/02/2016;02:02:00;15;com vitima;482,2;BR-116/RS;Sul;Outros tipos de acidente;1;0;0;0;0;0;;;;;1;2;1;0;0
01/02/2016;17:48:00;116;sem vitima;67;BR-392/RS;Sul;Tombamento;1;0;0;0;0;0;;;;;3;0;0;0;0
01/02/2016;19:07:00;122;sem vitima;611,8;BR-116/RS;Sul;Abalroamento - Transversal;1;0;0;0;0;0;;;;;2;0;0;0;0
02/02/2016;16:18:00;100;sem vitima;536,1;BR-116/RS;Sul;Tombamento;1;0;0;0;0;0;;;;;1;0;0;0;0
03/02/2016;14:19:00;108;sem vitima;506,9;BR-116/RS;Sul;Tombamento;1;0;0;1;0;0;;;;;2;0;0;0;0
04/02/2016;21:59:00;157;sem vitima;2,8;BR-392/RS;Sul;Atropelamento - Animal;1;0;0;0;0;0;;;;;1;0;0;0;0
04/02/2016;15:20:00;112;sem vitima;7,8;BR-392/RS;Norte;Abalroamento - Mesmo Sentido;1;0;0;0;0;0;;;;;1;0;0;0;0
05/02/2016;18:43:00;115;sem vitima;414,5;BR-116/RS;Sul;Saida de Pista;0;0;2;0;0;0;;;;;2;0;0;0;0
05/02/2016;13:09:00;78;com vitima;6,3;BR-392/RS;Sul;Abalroamento - Mesmo Sentido;1;0;1;0;0;0;;;;;4;0;1;0;0
06/02/2016;01:22:00;10;sem vitima;116;BR-392/RS;Norte;Colisao Frontal;0;0;1;0;0;0;;;;;1;0;0;0;0
06/02/2016;19:08:00;160;sem vitima;558,6;BR-116/RS;Sul;Abalroamento - Mesmo Sentido;1;0;1;0;0;0;;;;;3;0;0;0;0
07/02/2016;10:11:00;80;sem vitima;448;BR-116/RS;Sul;Saida de Pista;2;0;0;0;0;0;;;;;5;0;0;0;0
07/02/2016;02:04:00;18;sem vitima;25;BR-392/RS;Norte;Abalroamento - Transversal;3;0;0;0;0;0;;;;;3;0;0;0;0
07/02/2016;05:58:00;40;sem vitima;112,4;BR-392/RS;Norte;Tombamento;1;0;1;0;0;0;;;;;2;0;0;0;0
08/02/2016;09:54:00;50;sem vitima;77,8;BR-392/RS;Sul;Saida de Pista;1;0;0;0;0;0;;;;;1;0;0;0;0
09/02/2016;20:37:00;142;com vitima;481,8;BR-116/RS;Norte;Abalroamento - Transversal;1;0;1;0;0;0;;;;;1;1;0;1;0
10/02/2016;06:00:00;43;sem vitima;521,7;BR-116/RS;Norte;Colisao Traseira;1;0;0;0;0;1;;;;;3;0;0;0;0
10/02/2016;09:04:00;83;com vitima;615,9;BR-116/RS;Norte;Saida de Pista;1;0;0;0;0;0;;;;;0;0;1;0;1
11/02/2016;07:32:00;26;sem vitima;2,8;BR-392/RS;Norte;Abalroamento - Mesmo Sentido;0;0;2;0;0;0;;;;;5;0;0;0;0
11/02/2016;14:59:00;99;sem vitima;483;BR-116/RS;Sul;Abalroamento - Transversal;1;0;0;0;0;1;;;;;5;0;0;0;0
12/02/2016;00:40:00;6;com vitima;71;BR-392/RS;Sul;Tombamento;1;1;0;0;0;0;;;;;1;0;0;0;1
13/02/2016;14:43:00;92;com vitima;2;BR-392/RS;Norte;Colisao Frontal;1;0;0;1;0;0;;;;;1;1;0;0;0
13/02/2016;06:48:00;23;sem vitima;68,2;BR-392/RS;Sul;Outros tipos de acidente;0;0;3;0;0;0;;;;;3;0;0;0;0
14/02/2016;22:44:00;138;sem vitima;533,7;BR-116/RS;Sul;Tombamento;1;0;1;0;0;0;;;;;4;0;0;0;0