data;horario;n_da_ocorrencia;tipo_de_ocorrencia;km;trecho;sentido;tipo_de_acidente;automovel;bicicleta;caminhao;moto;onibus;outros;tracao_animal;transporte_de_cargas_especiais;trator_maquinas;utilitarios;ilesos;levemente_feridos;moderadamente_feridos;gravemente_feridos;mortos
15/02/2016;06:47:00;27;sem vitima;478,1;BR-116/RS;Sul;Colisao Frontal;2;0;0;0;0;0;;;;;6;0;0;0;0
15/02/2016;03:53:00;18;sem vitima;41,8;BR-392/RS;Sul;Tombamento;1;0;1;0;0;0;;;;;2;0;0;0;0
17/02/2016;15:29:00;94;sem vitima;16,4;BR-392/RS;Norte;Colisao Traseira;3;0;0;0;0;1;;;;;6;0;0;0;0
17/02/2016;17:30:00;105;com vitima;455,2;BR-116/RS;Norte;Abalroamento - Transversal;0;0;0;1;0;0;;;;;0;0;1;0;0
17/02/2016;14:11:00;86;sem vitima;39,5;BR-392/RS;Norte;Saida de Pista;0;0;1;0;0;0;;;;;1;0;0;0;0
17/02/2016;08:49:00;39;com vitima;116,7;BR-392/RS;Sul;Colisao Traseira;0;0;1;1;0;0;;;;;1;1;0;0;0
17/02/2016;14:06:00;84;sem vitima;606,4;BR-116/RS;Norte;Saida de Pista;1;0;0;0;0;0;;;;;4;0;0;0;0
18/02/2016;07:06:00;34;com vitima;530,1;BR-116/RS;Norte;Abalroamento - Transversal;0;0;0;1;0;0;;;;;0;1;0;0;0
19/02/2016;20:46:00;157;sem vitima;26,5;BR-392/RS;Norte;Atropelamento;0;0;1;2;0;0;;;;;4;0;0;0;0
19/02/2016;09:34:00;65;com vitima;520,9;BR-116/RS;Sul;Abalroamento - Transversal;0;0;0;1;0;0;;;;;0;1;1;0;0
20/02/2016;22:55:00;129;sem vitima;31,8;BR-392/RS;Sul;Colisao com Objeto Fixo;1;0;1;0;0;0;;;;;2;0;0;0;0
21/02/2016;07:16:00;18;com vitima;33,7;BR-392/RS;Sul;Colisao com Objeto Fixo;1;0;0;0;0;0;;;;;1;0;1;1;0
21/02/2016;15:28:00;62;sem vitima;511,9;BR-116/RS;Sul;Tombamento;2;0;0;0;0;1;;;;;3;0;0;0;0
21/02/2016;06:22:00;15;sem vitima;57,7;BR-392/RS;Sul;Saida de Pista;0;0;2;0;0;0;;;;;2;0;0;0;0
22/02/2016;19:36:00;135;sem vitima;28,5;BR-392/RS;Sul;Atropelamento;1;0;0;0;0;0;;;;;1;0;0;0;0
22/02/2016;13:44:00;94;sem vitima;491,7;BR-116/RS;Sul;Colisao Frontal;1;0;0;1;0;0;;;;;2;0;0;0;0
22/02/2016;02:11:00;13;com vitima;73,9;BR-392/RS;Sul;Atropelamento - Animal;1;1;0;0;0;0;;;;;1;1;0;0;0
23/02/2016;20:21:00;134;com vitima;24,6;BR-392/RS;Norte;Atropelamento - Animal;1;0;0;0;0;0;;;;;0;1;1;0;0
24/02/2016;09:47:00;45;com vitima;530,1;BR-116/RS;Norte;Abalroamento - Transversal;1;0;0;0;0;0;;;;;0;1;0;0;0
24/02/2016;05:39:00;14;com vitima;599,3;BR-116/RS;Norte;Saida de Pista;2;0;0;0;0;0;;;;;2;2;1;0;0
25/02/2016;00:06:00;1;com vitima;117;BR-392/RS;Sul;Tombamento;1;0;0;0;0;0;;;;;0;3;0;0;0
28/02/2016;21:01:00;106;sem vitima;2,7;BR-392/RS;Norte;Colisao Traseira;1;0;0;0;1;0;;;;;4;0;0;0;0
29/02/2016;05:53:00;13;sem vitima;3,5;BR-392/RS;Sul;Atropelamento - Animal;0;0;1;0;0;0;;;;;1;0;0;0;0
02/03/2016;05:19:00;19;com vitima;23,1;BR-392/RS;Sul;Atropelamento - Animal;1;0;0;0;0;0;;;;;2;0;1;0;0
02/03/2016;20:11:00;120;sem vitima;525,9;BR-116/RS;Norte;Saida de Pista;2;0;0;0;0;0;;;;;4;0;0;0;0
02/03/2016;19:35:00;115;sem vitima;555,7;BR-116/RS;Norte;Saida de Pista;0;0;1;0;0;0;;;;;1;0;0;0;0
03/03/2016;11:29:00;70;com vitima;450,4;BR-116/RS;Norte;Colisao Frontal;1;0;0;0;0;0;;;;;0;1;1;0;0
03/03/2016;04:57:00;15;sem vitima;37,8;BR-392/RS;Sul;Saida de Pista;0;0;1;0;0;0;;;;;2;0;0;0;0
03/03/2016;11:11:00;67;sem vitima;530,8;BR-116/RS;Sul;Abalroamento - Transversal;2;0;0;0;0;0;;;;;3;0;0;0;0
03/03/2016;02:36:00;11;com vitima;611,7;BR-116/RS;Norte;Saida de Pista;1;0;0;1;0;0;;;;;1;1;0;0;0
06/03/2016;05:53:00;19;sem vitima;20,1;BR-392/RS;Sul;Saida de Pista;2;0;0;0;0;0;;;;;5;0;0;0;0
06/03/2016;19:53:00;118;com vitima;525,9;BR-116/RS;Sul;Abalroamento - Transversal;1;0;1;0;0;0;;;;;1;0;1;0;0
07/03/2016;03:48:00;16;sem vitima;59,8;BR-392/RS;Sul;Colisao com Objeto Fixo;1;0;1;0;0;0;;;;;2;0;0;0;0
08/03/2016;18:06:00;114;sem vitima;198,4;BR-392/RS;Sul;Tombamento;1;0;1;0;0;0;;;;;4;0;0;0;0
09/03/2016;23:15:00;151;sem vitima;40;BR-392/RS;Sul;Saida de Pista;0;0;1;0;0;0;;;;;1;0;0;0;0
09/03/2016;19:38:00;131;com vitima;530,3;BR-116/RS;Norte;Atropelamento - Animal;1;0;1;0;0;0;;;;;0;1;0;1;0
10/03/2016;06:11:00;26;com vitima;39,1;BR-392/RS;Sul;Saida de Pista;0;0;1;0;0;0;;;;;0;1;0;0;0
10/03/2016;14:31:00;113;sem vitima;99,5;BR-392/RS;Sul;Tombamento;1;0;0;0;0;0;;;;;2;0;0;0;0
11/03/2016;18:45:00;123;sem vitima;49,8;BR-392/RS;Norte;Tombamento;0;0;2;1;0;0;;;;;3;0;0;0;0
11/03/2016;10:48:00;65;sem vitima;90,2;BR-392/RS;Sul;Abalroamento - Sentido Oposto;2;0;0;0;0;0;;;;;2;0;0;0;0
11/03/2016;09:34:00;55;com vitima;100,8;BR-392/RS;Sul;Saida de Pista;1;0;0;1;0;0;;;;;1;0;1;0;0
12/03/2016;16:12:00;93;com vitima;110,3;BR-392/RS;Norte;Saida de Pista;0;0;1;1;0;0;;;;;1;1;0;1;0
13/03/2016;06:30:00;22;sem vitima;411,1;BR-116/RS;Sul;Saida de Pista;0;0;1;0;0;0;;;;;1;0;0;0;0
13/03/2016;19:12:00;102;com vitima;19,2;BR-392/RS;Sul;Tombamento;1;0;1;0;0;0;;;;;1;0;1;0;0
13/03/2016;05:47:00;20;com vitima;488,6;BR-116/RS;Norte;Colisao Frontal;0;0;0;1;0;0;;;;;0;0;1;0;0
13/03/2016;21:34:00;115;sem vitima;90,1;BR-392/RS;Sul;Tombamento;1;0;2;0;0;0;;;;;3;0;0;0;0
14/03/2016;06:17:00;28;com vitima;98,9;BR-392/RS;Norte;Abalroamento - Sentido Oposto;0;0;1;0;0;1;;;;;1;1;0;0;0
14/03/2016;19:44:00;138;com vitima;561,4;BR-116/RS;Norte;Tombamento;0;0;0;1;0;0;;;;;0;2;0;0;0
16/03/2016;08:16:00;29;sem vitima;3,3;BR-392/RS;Norte;Atropelamento;1;0;1;0;0;0;;;;;3;0;0;0;0
16/03/2016;07:13:00;23;sem vitima;12,2;BR-392/RS;Sul;Atropelamento - Animal;1;0;1;0;0;0;;;;;2;0;0;0;0
16/03/2016;09:35:00;50;com vitima;117,6;BR-392/RS;Sul;Colisao Traseira;0;0;0;1;0;0;;;;;0;0;0;1;0
17/03/2016;23:05:00;137;sem vitima;66,5;BR-392/RS;Sul;Outros tipos de acidente;1;0;0;0;0;0;;;;;2;0;0;0;0
18/03/2016;06:57:00;27;com vitima;516,5;BR-116/RS;Sul;Tombamento;1;0;0;0;0;0;;;;;0;2;0;0;0
19/03/2016;16:43:00;94;sem vitima;10;BR-392/RS;Sul;Tombamento;1;0;0;0;0;0;;;;;1;0;0;0;0
19/03/2016;23:02:00;128;sem vitima;44;BR-392/RS;Norte;Tombamento;1;0;1;0;0;0;;;;;4;0;0;0;0
19/03/2016;19:20:00;108;sem vitima;516,8;BR-116/RS;Norte;Abalroamento - Transversal;1;0;1;0;0;0;;;;;4;0;0;0;0
20/03/2016;00:01:00;1;sem vitima;14,6;BR-392/RS;Sul;Colisao com Objeto Fixo;2;0;0;0;0;0;;;;;3;0;0;0;0
20/03/2016;14:19:00;68;sem vitima;450,5;BR-116/RS;Norte;Saida de Pista;2;0;0;0;0;0;;;;;5;0;0;0;0
20/03/2016;09:03:00;38;sem vitima;530,9;BR-116/RS;Norte;Abalroamento - Transversal;0;0;1;0;0;0;;;;;1;0;0;0;0
20/03/2016;07:20:00;23;sem vitima;612;BR-116/RS;Norte;Saida de Pista;1;0;0;0;0;0;;;;;3;0;0;0;0
20/03/2016;16:52:00;81;sem vitima;192,3;BR-392/RS;Norte;Saida de Pista;2;0;0;0;0;0;;;;;2;0;0;0;0
21/03/2016;10:57:00;62;com vitima;25,2;BR-392/RS;Sul;Tombamento;1;0;0;1;0;0;;;;;1;0;1;0;0
22/03/2016;16:42:00;97;com vitima;4;BR-392/RS;Norte;Abalroamento - Transversal;1;0;0;1;0;0;;;;;1;0;0;1;0
24/03/2016;13:41:00;77;com vitima;611,5;BR-116/RS;Norte;Abalroamento - Transversal;2;0;0;0;0;0;;;;;2;0;1;0;0
25/03/2016;00:07:00;1;sem vitima;521,8;BR-116/RS;Sul;Tombamento;2;0;0;0;0;0;;;;;7;0;0;0;0
25/03/2016;16:35:00;90;com vitima;160;BR-392/RS;Norte;Saida de Pista;1;0;0;0;0;0;;;;;0;0;1;0;0
26/03/2016;09:45:00;49;sem vitima;402,7;BR-116/RS;Sul;Capotamento;1;0;1;0;0;0;;;;;2;0;0;0;0
26/03/2016;15:55:00;108;sem vitima;444,6;BR-116/RS;Sul;Colisao Traseira;1;0;0;0;0;0;;;;;2;0;0;0;0
26/03/2016;13:08:00;81;com vitima;454,5;BR-116/RS;Sul;Colisao Traseira;0;0;0;1;0;0;;;;;0;1;0;0;0
26/03/2016;03:25:00;15;com vitima;50,1;BR-392/RS;Sul;Saida de Pista;1;0;0;1;0;0;;;;;2;0;0;1;0
26/03/2016;12:44:00;77;sem vitima;107,2;BR-392/RS;Sul;Saida de Pista;1;0;0;0;0;0;;;;;1;0;0;0;0
26/03/2016;18:24:00;131;com vitima;564,2;BR-116/RS;Sul;Saida de Pista;0;0;1;0;0;0;;;;;1;0;0;0;1
27/03/2016;11:13:00;59;sem vitima;84,4;BR-392/RS;Sul;Abalroamento - Mesmo Sentido;0;0;0;0;1;0;;;;;29;0;0;0;0
28/03/2016;19:18:00;115;com vitima;62,1;BR-392/RS;Sul;Abalroamento - Transversal;0;0;1;1;0;0;;;;;1;0;1;0;0
28/03/2016;18:03:00;108;com vitima;525,9;BR-116/RS;Norte;Colisao Traseira;1;0;1;0;0;0;;;;;2;0;1;2;2
28/03/2016;11:39:00;59;sem vitima;526,5;BR-116/RS;Sul;Abalroamento - Transversal;1;0;1;0;0;0;;;;;3;0;0;0;0
29/03/2016;10:57:00;76;sem vitima;34,6;BR-392/RS;Sul;Saida de Pista;1;0;0;0;0;0;;;;;2;0;0;0;0
30/03/2016;06:55:00;32;sem vitima;28,3;BR-392/RS;Sul;Colisao Traseira;1;0;1;0;0;0;;;;;3;0;0;0;0
30/03/2016;15:17:00;104;com vitima;512;BR-116/RS;Sul;Tombamento;2;0;0;0;0;0;;;;;1;1;0;0;0
30/03/2016;05:34:00;30;com vitima;99,5;BR-392/RS;Sul;Tombamento;0;0;0;1;0;0;;;;;0;2;0;0;0
31/03/2016;06:29:00;22;sem vitima;411,7;BR-116/RS;Sul;Saida de Pista;2;0;0;0;0;0;;;;;5;0;0;0;0
31/03/2016;18:48:00;110;sem vitima;10;BR-392/RS;Norte;Tombamento;2;0;0;0;0;0;;;;;4;0;0;0;0
31/03/2016;10:28:00;53;sem vitima;494;BR-116/RS;Sul;Saida de Pista;1;0;0;0;0;0;;;;;1;0;0;0;0
31/03/2016;09:43:00;50;com vitima;72;BR-392/RS;Norte;Abalroamento - Transversal;1;0;1;0;0;0;;;;;1;0;2;0;2
01/04/2016;17:14:00;96;com vitima;439,2;BR-116/RS;Norte;Tombamento;2;0;0;0;0;0;;;;;0;3;0;0;0
01/04/2016;13:36:00;80;com vitima;470,4;BR-116/RS;Norte;Colisao Traseira;1;0;0;0;0;0;;;;;2;0;0;1;0
01/04/2016;17:36:00;100;com vitima;522,9;BR-116/RS;Norte;Abalroamento - Transversal;0;0;1;1;0;0;;;;;1;1;0;0;0
02/04/2016;14:41:00;85;com vitima;483;BR-116/RS;Sul;Tombamento;0;0;0;1;0;0;;;;;0;1;1;0;0
02/04/2016;17:13:00;111;sem vitima;42;BR-392/RS;Norte;Tombamento;2;0;0;0;0;0;;;;;4;0;0;0;0
05/04/2016;12:02:00;70;com vitima;1,3;BR-392/RS;Norte;Atropelamento;0;0;0;1;0;0;;;;;0;1;1;0;0
05/04/2016;00:05:00;2;sem vitima;419,5;BR-116/RS;Norte;Abalroamento - Sentido Oposto;1;0;2;0;0;0;;;;;8;0;0;0;0
05/04/2016;16:54:00;109;com vitima;28;BR-392/RS;Norte;Tombamento;1;1;0;0;0;0;;;;;4;1;0;0;0
05/04/2016;08:56:00;37;com vitima;33,6;BR-392/RS;Sul;Saida de Pista;1;0;0;0;0;0;;;;;1;1;0;0;0
06/04/2016;08:28:00;36;com vitima;460,2;BR-116/RS;Sul;Saida de Pista;0;0;0;1;0;0;;;;;0;1;0;0;0
07/04/2016;15:43:00;114;sem vitima;148,4;BR-392/RS;Norte;Colisao Traseira;2;0;0;0;0;0;;;;;4;0;0;0;0
08/04/2016;14:53:00;107;com vitima;119,9;BR-392/RS;Sul;Colisao Traseira;0;0;1;0;0;1;;;;;2;0;1;0;0
10/04/2016;12:33:00;59;com vitima;510,8;BR-116/RS;Norte;Saida de Pista;1;0;0;0;1;0;;;;;3;1;0;0;0
10/04/2016;07:59:00;30;sem vitima;512;BR-116/RS;Sul;Tombamento;1;0;0;0;0;0;;;;;1;0;0;0;0
11/04/2016;15:42:00;97;sem vitima;84,5;BR-392/RS;Norte;Saida de Pista;1;0;1;0;0;0;;;;;4;0;0;0;0
11/04/2016;02:16:00;14;com vitima;529,5;BR-116/RS;Sul;Colisao com Objeto Fixo;0;0;1;0;0;0;;;;;0;0;0;0;2
11/04/2016;11:48:00;75;sem vitima;568,5;BR-116/RS;Sul;Saida de Pista;1;0;0;1;0;0;;;;;2;0;0;0;0
11/04/2016;14:19:00;89;com vitima;618,3;BR-116/RS;Sul;Abalroamento - Sentido Oposto;1;0;0;0;0;0;;;;;2;0;0;0;1
13/04/2016;22:23:00;129;sem vitima;404,5;BR-116/RS;Norte;Atropelamento - Animal;2;0;0;0;0;0;;;;;5;0;0;0;0
13/04/2016;08:35:00;33;com vitima;67,3;BR-392/RS;Norte;Abalroamento - Transversal;1;0;1;0;1;0;;;;;33;1;0;0;0
14/04/2016;20:01:00;169;com vitima;613;BR-116/RS;Sul;Colisao Frontal;0;0;3;0;0;0;;;;;3;0;0;0;1
16/04/2016;17:12:00;112;com vitima;6,5;BR-392/RS;Norte;Abalroamento - Transversal;1;1;0;0;0;0;;;;;3;1;1;0;0
16/04/2016;05:48:00;18;sem vitima;482,5;BR-116/RS;Sul;Tombamento;1;0;1;0;0;0;;;;;4;0;0;0;0
16/04/2016;20:56:00;157;com vitima;530,4;BR-116/RS;Norte;Atropelamento - Animal;1;1;0;0;0;0;;;;;2;0;1;0;0
16/04/2016;19:43:00;138;sem vitima;622,4;BR-116/RS;Norte;Atropelamento - Animal;0;0;2;0;0;0;;;;;2;0;0;0;0
16/04/2016;10:08:00;59;sem vitima;193,9;BR-392/RS;Sul;Tombamento;1;0;1;0;0;0;;;;;2;0;0;0;0
17/04/2016;06:37:00;25;sem vitima;54,2;BR-392/RS;Sul;Saida de Pista;1;0;0;0;0;1;;;;;2;0;0;0;0
17/04/2016;20:29:00;128;com vitima;581,1;BR-116/RS;Sul;Colisao Traseira;1;0;0;1;0;0;;;;;1;0;0;1;0
18/04/2016;10:29:00;66;sem vitima;180,2;BR-392/RS;Sul;Colisao com Objeto Fixo;2;0;1;0;0;0;;;;;5;0;0;0;0
19/04/2016;10:16:00;69;com vitima;442;BR-116/RS;Norte;Colisao Traseira;1;0;1;0;0;0;;;;;5;0;0;1;0
19/04/2016;19:15:00;135;com vitima;58,8;BR-392/RS;Norte;Colisao Traseira;1;0;0;1;0;0;;;;;8;1;0;0;0
19/04/2016;06:17:00;32;sem vitima;67,7;BR-392/RS;Norte;Tombamento;0;0;1;0;0;0;;;;;1;0;0;0;0
19/04/2016;04:06:00;25;com vitima;526,5;BR-116/RS;Norte;Tombamento;0;0;1;0;0;0;;;;;1;0;0;0;1
19/04/2016;10:43:00;73;sem vitima;529,5;BR-116/RS;Norte;Abalroamento - Transversal;1;0;0;0;0;0;;;;;2;0;0;0;0
20/04/2016;17:19:00;107;sem vitima;87,1;BR-392/RS;Norte;Colisao Traseira;1;0;1;0;0;0;;;;;9;0;0;0;0
21/04/2016;14:19:00;67;sem vitima;475,5;BR-116/RS;Norte;Colisao Frontal;0;0;1;0;0;0;;;;;1;0;0;0;0
22/04/2016;23:25:00;123;sem vitima;18,8;BR-392/RS;Norte;Abalroamento - Transversal;1;0;2;0;0;0;;;;;3;0;0;0;0
22/04/2016;13:07:00;57;com vitima;530,2;BR-116/RS;Sul;Abalroamento - Mesmo Sentido;0;0;2;0;0;0;;;;;1;0;1;0;0
22/04/2016;17:50:00;86;sem vitima;107,3;BR-392/RS;Sul;Tombamento;1;0;0;0;0;0;;;;;3;0;0;0;0
22/04/2016;20:27:00;102;com vitima;154,1;BR-392/RS;Sul;Abalroamento - Transversal;1;0;0;0;0;0;;;;;0;0;1;0;0
23/04/2016;07:00:00;32;com vitima;18,8;BR-392/RS;Norte;Abalroamento - Transversal;0;0;0;1;0;0;;;;;0;0;2;0;0
24/04/2016;20:00:00;105;com vitima;526,4;BR-116/RS;Norte;Abalroamento - Transversal;1;0;0;0;0;0;;;;;1;4;0;0;0
24/04/2016;09:54:00;41;com vitima;108;BR-392/RS;Norte;Saida de Pista;0;0;1;1;0;0;;;;;1;0;1;0;0
24/04/2016;05:15:00;19;com vitima;110,6;BR-392/RS;Norte;Abalroamento - Sentido Oposto;0;0;1;0;0;0;;;;;0;1;0;0;0
24/04/2016;06:25:00;22;sem vitima;611,3;BR-116/RS;Norte;Saida de Pista;2;0;0;0;0;0;;;;;5;0;0;0;0
24/04/2016;23:46:00;134;com vitima;165,3;BR-392/RS;Sul;Saida de Pista;0;0;1;1;0;0;;;;;1;1;0;0;0
25/04/2016;15:09:00;88;sem vitima;61,1;BR-392/RS;Sul;Colisao Frontal;1;0;1;0;0;0;;;;;2;0;0;0;0
25/04/2016;13:22:00;73;sem vitima;95,5;BR-392/RS;Sul;Colisao Traseira;2;0;0;0;0;0;;;;;3;0;0;0;0
25/04/2016;20:19:00;123;sem vitima;549;BR-116/RS;Sul;Atropelamento - Animal;2;0;0;0;0;0;;;;;2;0;0;0;0
27/04/2016;15:45:00;106;sem vitima;479,5;BR-116/RS;Norte;Saida de Pista;1;0;0;0;0;0;1;;;;4;0;0;0;0
27/04/2016;18:45:00;130;sem vitima;524,2;BR-116/RS;Norte;Colisao com Objeto Fixo;2;0;0;0;0;0;;;;;3;0;0;0;0
27/04/2016;05:24:00;22;com vitima;657,1;BR-116/RS;Sul;Saida de Pista;2;0;0;0;0;0;;;;;7;0;1;0;0
28/04/2016;06:57:00;26;sem vitima;516,2;BR-116/RS;Norte;Colisao Traseira;0;0;2;0;0;0;;;;;2;0;0;0;0
29/04/2016;19:02:00;121;com vitima;8,9;BR-392/RS;Sul;Colisao Frontal;0;0;1;1;0;0;;;;;1;0;1;0;0
29/04/2016;17:28:00;110;com vitima;28;BR-392/RS;Norte;Saida de Pista;0;0;0;1;0;0;;;;;0;0;1;0;0
30/04/2016;06:56:00;31;sem vitima;35,8;BR-392/RS;Sul;Colisao Traseira;2;0;1;0;0;0;;;;;4;0;0;0;0
30/04/2016;10:16:00;58;com vitima;194;BR-392/RS;Sul;Tombamento;1;0;0;0;0;0;;;;;1;1;0;0;0
01/05/2016;08:36:00;52;com vitima;21,5;BR-392/RS;Sul;Saida de Pista;1;0;1;0;0;0;;;;;1;0;1;0;0
02/05/2016;06:45:00;21;sem vitima;23,9;BR-392/RS;Sul;Saida de Pista;0;0;1;0;0;0;;;;;1;0;0;0;0
02/05/2016;07:12:00;25;sem vitima;57,4;BR-392/RS;Sul;Tombamento;0;0;1;0;0;0;;;;;1;0;0;0;0
02/05/2016;18:36:00;132;sem vitima;123,6;BR-392/RS;Norte;Colisao Traseira;0;0;1;0;0;0;;;;;1;0;0;0;0
03/05/2016;20:20:00;115;sem vitima;413,1;BR-116/RS;Sul;Colisao Traseira;0;0;1;0;0;0;;;;;1;0;0;0;0
03/05/2016;15:31:00;83;com vitima;467,2;BR-116/RS;Norte;Tombamento;0;0;0;2;0;0;;;;;1;0;1;0;0
03/05/2016;08:16:00;33;sem vitima;49,3;BR-392/RS;Sul;Saida de Pista;1;0;0;0;0;0;;;;;1;0;0;0;0
03/05/2016;16:31:00;91;sem vitima;183,4;BR-392/RS;Sul;Saida de Pista;1;0;0;0;0;0;;;;;4;0;0;0;0
04/05/2016;17:22:00;111;sem vitima;416,5;BR-116/RS;Sul;Saida de Pista;1;0;0;0;0;0;;;;;1;0;0;0;0
05/05/2016;22:10:00;154;com vitima;599;BR-116/RS;Norte;Colisao Frontal;1;0;1;0;0;0;;;;;5;1;0;0;0
06/05/2016;06:37:00;18;com vitima;61,1;BR-392/RS;Sul;Saida de Pista;1;0;1;0;0;0;;;;;1;0;0;1;1
06/05/2016;10:38:00;62;sem vitima;139,4;BR-392/RS;Norte;Saida de Pista;0;0;1;0;0;0;;;;;2;0;0;0;0
07/05/2016;18:33:00;103;com vitima;467,8;BR-116/RS;Norte;Colisao Traseira;1;0;1;0;0;0;;;;;5;1;0;0;0
08/05/2016;07:00:00;31;sem vitima;11,8;BR-392/RS;Sul;Tombamento;1;0;0;0;0;0;;;;;1;0;0;0;0
08/05/2016;09:30:00;55;com vitima;77,4;BR-392/RS;Norte;Saida de Pista;0;0;0;1;0;0;;;;;0;0;0;1;0
08/05/2016;19:30:00;123;com vitima;83,1;BR-392/RS;Sul;Colisao Traseira;1;0;0;1;0;0;;;;;1;1;0;0;0
08/05/2016;11:26:00;73;com vitima;106,3;BR-392/RS;Norte;Colisao Traseira;1;0;0;0;0;0;;;;;0;0;1;1;0
08/05/2016;11:05:00;69;com vitima;118;BR-392/RS;Norte;Abalroamento - Transversal;1;0;2;0;0;0;;;;;2;1;0;0;0
09/05/2016;22:00:00;140;sem vitima;417,9;BR-116/RS;Sul;Atropelamento - Animal;1;0;0;0;0;0;;;;;2;0;0;0;0
09/05/2016;07:55:00;46;sem vitima;7,8;BR-392/RS;Norte;Abalroamento - Transversal;1;0;1;0;0;0;;;;;2;0;0;0;0
09/05/2016;08:06:00;51;sem vitima;61;BR-392/RS;Norte;Tombamento;1;0;1;0;0;0;;;;;2;0;0;0;0
10/05/2016;08:23:00;31;sem vitima;115,8;BR-392/RS;Norte;Saida de Pista;1;0;0;1;0;0;;;;;2;0;0;0;0
10/05/2016;13:59:00;77;sem vitima;563,3;BR-116/RS;Norte;Tombamento;0;0;2;0;0;0;;;;;2;0;0;0;0
11/05/2016;13:16:00;79;com vitima;93;BR-392/RS;Sul;Tombamento;0;0;2;0;0;0;;;;;10;9;2;0;0
12/05/2016;15:51:00;82;sem vitima;418;BR-116/RS;Norte;Colisao Traseira;1;0;0;0;0;0;;;;;3;0;0;0;0
12/05/2016;19:13:00;103;com vitima;77,3;BR-392/RS;Sul;Abalroamento - Sentido Oposto;3;0;1;0;0;0;;;;;4;0;1;0;0
12/05/2016;07:55:00;44;com vitima;103,6;BR-392/RS;Sul;Tombamento;1;1;0;0;0;0;;;;;1;1;0;0;0
12/05/2016;12:21:00;64;sem vitima;122,8;BR-392/RS;Norte;Colisao Traseira;0;0;2;0;0;0;;;;;2;0;0;0;0
13/05/2016;10:47:00;69;com vitima;585,6;BR-116/RS;Sul;Colisao Traseira;1;0;1;0;0;0;;;;;0;3;0;0;0
14/05/2016;21:01:00;107;sem vitima;4,5;BR-392/RS;Norte;Colisao Traseira;1;0;1;0;0;0;;;;;2;0;0;0;0
14/05/2016;20:48:00;105;sem vitima;425,1;BR-116/RS;Norte;Abalroamento - Transversal;1;0;0;0;0;0;;;;;2;0;0;0;0
14/05/2016;04:46:00;15;sem vitima;65,4;BR-392/RS;Norte;Abalroamento - Transversal;0;0;2;0;0;0;;;;;3;0;0;0;0
14/05/2016;17:23:00;85;com vitima;66,9;BR-392/RS;Sul;Abalroamento - Transversal;1;0;1;0;0;0;;;;;1;1;0;0;0
15/05/2016;06:38:00;24;sem vitima;1;BR-392/RS;Sul;Saida de Pista;2;0;0;0;0;0;;;;;2;0;0;0;0
15/05/2016;15:25:00;78;sem vitima;44;BR-392/RS;Norte;Saida de Pista;0;0;2;0;0;0;;;;;4;0;0;0;0
15/05/2016;04:45:00;20;com vitima;103,5;BR-392/RS;Norte;Saida de Pista;1;0;0;0;0;0;;;;;0;1;1;0;1
15/05/2016;04:15:00;19;com vitima;106,3;BR-392/RS;Sul;Abalroamento - Sentido Oposto;1;0;1;0;0;0;;;;;3;0;1;0;0
15/05/2016;09:41:00;46;sem vitima;107,9;BR-392/RS;Norte;Saida de Pista;0;0;1;0;0;0;;;;;1;0;0;0;0
16/05/2016;19:08:00;133;sem vitima;77,5;BR-392/RS;Norte;Atropelamento - Animal;1;0;0;0;0;0;;;;;2;0;0;0;0
18/05/2016;07:04:00;23;sem vitima;515,3;BR-116/RS;Norte;Colisao Traseira;1;0;0;0;0;0;;;;;5;0;0;0;0
19/05/2016;09:39:00;47;sem vitima;117,8;BR-392/RS;Sul;Abalroamento - Transversal;0;0;3;0;0;0;;;;;3;0;0;0;0
19/05/2016;11:43:00;62;sem vitima;135,1;BR-392/RS;Norte;Atropelamento;2;0;0;0;0;0;;;;;3;0;0;0;0
20/05/2016;01:38:00;11;com vitima;59,6;BR-392/RS;Sul;Colisao com Objeto Fixo;0;0;0;1;0;0;;;;;0;0;0;1;0
21/05/2016;19:29:00;111;sem vitima;26,9;BR-392/RS;Sul;Tombamento;1;0;1;0;0;0;;;;;3;0;0;0;0
22/05/2016;21:24:00;104;sem vitima;95;BR-392/RS;Sul;Saida de Pista;1;0;0;0;0;0;;;;;5;0;0;0;0
23/05/2016;08:00:00;24;com vitima;1,6;BR-392/RS;Sul;Colisao Frontal;0;0;1;0;0;0;;;;;0;0;1;0;0
24/05/2016;06:26:00;35;com vitima;4,7;BR-392/RS;Sul;Tombamento;1;1;0;0;0;0;;;;;3;0;1;0;0
24/05/2016;02:45:00;20;com vitima;481;BR-116/RS;Sul;Atropelamento;3;0;1;0;0;0;;;;;4;0;1;0;0
25/05/2016;07:29:00;27;com vitima;77,7;BR-392/RS;Norte;Saida de Pista;0;1;1;0;0;0;;;;;1;0;0;1;0