data;horario;n_da_ocorrencia;tipo_de_ocorrencia;km;trecho;sentido;tipo_de_acidente;automovel;bicicleta;caminhao;moto;onibus;outros;tracao_animal;transporte_de_cargas_especiais;trator_maquinas;utilitarios;ilesos;levemente_feridos;moderadamente_feridos;gravemente_feridos;mortos
26/05/2016;06:10:00;13;com vitima;0,9;BR-392/RS;Norte;Colisao Frontal;0;0;1;1;0;0;;;;;1;0;0;1;0
27/05/2016;07:21:00;21;com vitima;2,4;BR-392/RS;Sul;Colisao Traseira;1;0;0;1;0;0;;;;;2;1;0;0;0
27/05/2016;01:30:00;12;sem vitima;5,5;BR-392/RS;Norte;Saida de Pista;1;0;0;1;0;0;;;;;4;0;0;0;0
27/05/2016;14:44:00;70;sem vitima;525;BR-116/RS;Norte;Colisao Traseira;0;0;2;0;0;0;;;;;2;0;0;0;0
27/05/2016;20:14:00;106;sem vitima;639;BR-116/RS;Norte;Saida de Pista;0;0;1;0;0;0;;;;;1;0;0;0;0
28/05/2016;18:34:00;83;sem vitima;428,5;BR-116/RS;Norte;Atropelamento;1;0;0;0;0;0;;;;;1;0;0;0;0
28/05/2016;13:33:00;54;com vitima;103;BR-392/RS;Sul;Tombamento;1;0;0;0;0;0;;;;;1;1;0;0;0
28/05/2016;06:29:00;24;sem vitima;128,8;BR-392/RS;Sul;Colisao Frontal;1;0;0;0;0;0;;;;;1;0;0;0;0
29/05/2016;19:05:00;107;sem vitima;415,2;BR-116/RS;Sul;Saida de Pista;1;0;1;0;0;0;;;;;2;0;0;0;0
29/05/2016;13:19:00;73;com vitima;421;BR-116/RS;Norte;Outros tipos de acidente;0;0;0;1;0;0;;;;;0;2;0;0;0
29/05/2016;06:46:00;26;sem vitima;482,4;BR-116/RS;Sul;Tombamento;2;0;0;0;0;0;;;;;9;0;0;0;0
29/05/2016;11:57:00;70;com vitima;537,1;BR-116/RS;Norte;Saida de Pista;0;0;1;0;0;0;1;;;;1;0;1;0;0
30/05/2016;15:14:00;85;com vitima;73,4;BR-392/RS;Sul;Colisao Traseira;1;0;0;0;0;0;;;;;1;0;1;1;0
31/05/2016;05:49:00;15;com vitima;37,5;BR-392/RS;Sul;Tombamento;2;0;0;0;0;0;;;;;7;0;1;0;0
01/06/2016;07:15:00;39;com vitima;6,5;BR-392/RS;Sul;Abalroamento - Transversal;0;0;0;1;0;0;;;;;0;2;0;0;0
02/06/2016;18:55:00;129;sem vitima;525,5;BR-116/RS;Norte;Colisao Traseira;1;0;1;0;0;0;;;;;2;0;0;0;0
03/06/2016;16:28:00;84;com vitima;114,5;BR-392/RS;Sul;Colisao Traseira;0;0;0;1;0;0;;;;;0;1;0;0;0
04/06/2016;10:51:00;52;sem vitima;400,8;BR-116/RS;Norte;Tombamento;1;0;1;0;0;0;;;;;2;0;0;0;0
05/06/2016;11:42:00;71;sem vitima;33,2;BR-392/RS;Norte;Colisao Traseira;1;0;0;0;0;0;;;;;1;0;0;0;0
05/06/2016;17:01:00;102;sem vitima;33,6;BR-392/RS;Sul;Saida de Pista;1;0;0;0;0;0;;;;;2;0;0;0;0
05/06/2016;01:14:00;11;sem vitima;177;BR-392/RS;Sul;Saida de Pista;0;0;1;0;1;0;;;;;34;0;0;0;0
06/06/2016;11:56:00;85;sem vitima;464,8;BR-116/RS;Sul;Abalroamento - Transversal;1;0;0;0;0;0;;;;;1;0;0;0;0
06/06/2016;05:52:00;31;sem vitima;27;BR-392/RS;Sul;Saida de Pista;1;0;0;0;0;0;;;;;1;0;0;0;0
06/06/2016;11:09:00;78;com vitima;519,5;BR-116/RS;Norte;Abalroamento - Transversal;0;0;1;0;0;1;;;;;0;2;0;0;0
09/06/2016;09:00:00;60;com vitima;9,6;BR-392/RS;Sul;Colisao Traseira;2;0;0;0;0;0;;;;;2;1;0;0;0
09/06/2016;15:14:00;93;sem vitima;526,5;BR-116/RS;Norte;Abalroamento - Transversal;2;0;0;0;0;1;;;;;4;0;0;0;0
10/06/2016;18:05:00;110;com vitima;461,4;BR-116/RS;Sul;Abalroamento - Sentido Oposto;1;0;0;0;0;0;;;;;1;0;0;2;0
10/06/2016;00:51:00;2;com vitima;42,9;BR-392/RS;Norte;Saida de Pista;1;0;1;0;0;0;;;;;1;0;0;1;0
10/06/2016;19:21:00;117;com vitima;68;BR-392/RS;Norte;Colisao Traseira;0;0;0;1;0;0;;;;;0;0;0;1;0
10/06/2016;18:45:00;115;sem vitima;74;BR-392/RS;Norte;Colisao Traseira;0;0;0;2;0;0;;;;;2;0;0;0;0
10/06/2016;08:54:00;45;com vitima;551;BR-116/RS;Sul;Saida de Pista;2;0;0;0;0;0;;;;;1;1;0;0;0
10/06/2016;06:02:00;25;com vitima;140,5;BR-392/RS;Norte;Abalroamento - Transversal;0;0;0;0;1;0;;;;;10;0;4;0;0
12/06/2016;16:01:00;71;com vitima;18;BR-392/RS;Sul;Abalroamento - Transversal;1;0;0;0;0;0;;;;;0;1;0;0;0
13/06/2016;17:56:00;113;sem vitima;2,9;BR-392/RS;Norte;Abalroamento - Transversal;1;0;1;0;0;0;;;;;2;0;0;0;0
13/06/2016;07:34:00;35;sem vitima;41,5;BR-392/RS;Norte;Saida de Pista;1;0;0;0;1;0;;;;;42;0;0;0;0
13/06/2016;02:57:00;17;com vitima;574,5;BR-116/RS;Norte;Atropelamento - Animal;0;0;1;0;0;1;;;;;2;1;2;0;0
14/06/2016;08:30:00;35;sem vitima;486,5;BR-116/RS;Norte;Abalroamento - Sentido Oposto;1;0;0;1;0;0;;;;;2;0;0;0;0
14/06/2016;00:22:00;3;sem vitima;43,2;BR-392/RS;Sul;Colisao Traseira;0;0;1;0;0;0;;;;;1;0;0;0;0
15/06/2016;10:04:00;47;com vitima;510,7;BR-116/RS;Sul;Abalroamento - Transversal;1;1;0;0;0;0;;;;;2;1;0;0;0
15/06/2016;08:01:00;33;sem vitima;93,7;BR-392/RS;Sul;Saida de Pista;1;0;0;0;0;0;;;;;1;0;0;0;0
15/06/2016;17:38:00;106;sem vitima;529,3;BR-116/RS;Norte;Abalroamento - Transversal;1;0;0;0;0;0;;;;;2;0;0;0;0
15/06/2016;11:18:00;59;sem vitima;150;BR-392/RS;Sul;Tombamento;1;0;0;0;0;0;;;;;4;0;0;0;0
16/06/2016;23:43:00;124;com vitima;6,2;BR-392/RS;Norte;Saida de Pista;2;0;0;0;0;0;;;;;4;1;1;0;0
16/06/2016;11:52:00;59;sem vitima;123,2;BR-392/RS;Norte;Abalroamento - Transversal;1;0;2;0;0;0;;;;;3;0;0;0;0
17/06/2016;20:22:00;125;com vitima;5,4;BR-392/RS;Sul;Colisao Frontal;1;0;1;0;0;0;;;;;3;0;1;1;0
18/06/2016;06:34:00;36;sem vitima;411,1;BR-116/RS;Sul;Abalroamento - Sentido Oposto;0;0;1;0;1;0;;;;;2;0;0;0;0
18/06/2016;03:00:00;27;com vitima;6,6;BR-392/RS;Norte;Saida de Pista;1;0;0;1;0;0;;;;;1;1;0;0;0
18/06/2016;07:29:00;39;com vitima;7,7;BR-392/RS;Norte;Colisao Frontal;0;0;1;0;0;0;;;;;0;1;1;0;0
18/06/2016;06:44:00;37;com vitima;19,2;BR-392/RS;Sul;Tombamento;0;0;0;1;0;0;;;;;0;0;0;1;0
18/06/2016;19:04:00;105;com vitima;494,6;BR-116/RS;Norte;Colisao Traseira;0;0;0;1;0;0;;;;;0;0;1;0;0
18/06/2016;11:05:00;64;com vitima;147,8;BR-392/RS;Sul;Tombamento;1;0;1;0;0;0;;;;;1;0;0;2;0
19/06/2016;00:29:00;3;sem vitima;5,5;BR-392/RS;Norte;Saida de Pista;1;0;0;0;0;0;;;;;2;0;0;0;0
19/06/2016;21:24:00;99;sem vitima;66,8;BR-392/RS;Norte;Abalroamento - Transversal;2;0;0;0;0;0;;;;;7;0;0;0;0
19/06/2016;16:49:00;83;com vitima;118,5;BR-392/RS;Norte;Colisao com Objeto Fixo;1;0;0;0;1;0;;;;;2;2;0;0;0
21/06/2016;06:21:00;32;com vitima;7,5;BR-392/RS;Norte;Abalroamento - Transversal;1;0;1;0;0;0;;;;;1;0;0;3;2
24/06/2016;10:59:00;52;sem vitima;4,3;BR-392/RS;Norte;Abalroamento - Transversal;0;0;2;0;0;0;;;;;3;0;0;0;0
24/06/2016;21:32:00;104;sem vitima;5,4;BR-392/RS;Norte;Saida de Pista;1;0;1;0;0;0;;;;;2;0;0;0;0
24/06/2016;11:16:00;55;sem vitima;521,5;BR-116/RS;Norte;Colisao Traseira;2;0;0;0;0;0;;;;;9;0;0;0;0
24/06/2016;03:45:00;10;sem vitima;71,9;BR-392/RS;Sul;Saida de Pista;1;0;0;0;0;0;;;;;1;0;0;0;0
24/06/2016;04:32:00;11;sem vitima;526;BR-116/RS;Sul;Saida de Pista;1;0;0;0;0;0;;;;;2;0;0;0;0
25/06/2016;10:53:00;56;com vitima;1,6;BR-392/RS;Sul;Saida de Pista;0;0;1;0;0;0;;;;;0;3;0;0;0
25/06/2016;06:39:00;37;com vitima;5,4;BR-392/RS;Sul;Colisao Frontal;0;0;0;1;0;0;;;;;0;0;1;0;0
26/06/2016;06:42:00;24;com vitima;451,5;BR-116/RS;Sul;Outros tipos de acidente;0;0;1;1;0;0;;;;;1;0;1;0;0
27/06/2016;16:37:00;95;sem vitima;17,9;BR-392/RS;Norte;Saida de Pista;1;0;2;0;0;0;;;;;6;0;0;0;0
27/06/2016;12:20:00;67;com vitima;64,2;BR-392/RS;Norte;Atropelamento - Animal;1;1;0;0;0;0;;;;;2;0;0;0;1
27/06/2016;06:57:00;15;sem vitima;522;BR-116/RS;Sul;Tombamento;0;0;1;0;0;0;;;;;1;0;0;0;0
28/06/2016;15:10:00;73;sem vitima;13,3;BR-392/RS;Sul;Tombamento;1;0;1;0;0;0;;;;;4;0;0;0;0
28/06/2016;03:34:00;11;sem vitima;540,9;BR-116/RS;Sul;Colisao com Objeto Fixo;1;0;0;0;0;0;;;;;2;0;0;0;0
29/06/2016;17:36:00;97;sem vitima;451,5;BR-116/RS;Norte;Abalroamento - Transversal;0;0;1;0;0;0;;;;;1;0;0;0;0
29/06/2016;21:36:00;110;sem vitima;66,7;BR-392/RS;Sul;Tombamento;0;0;1;0;0;0;;;;;1;0;0;0;0
30/06/2016;17:59:00;107;com vitima;530,1;BR-116/RS;Sul;Abalroamento - Transversal;0;0;0;1;0;0;;;;;0;0;1;0;0
01/07/2016;19:53:00;123;com vitima;526,4;BR-116/RS;Sul;Colisao Traseira;1;0;1;0;0;0;;;;;1;0;2;0;0
02/07/2016;07:51:00;20;com vitima;487,7;BR-116/RS;Sul;Saida de Pista;1;0;0;0;0;0;;;;;0;1;0;0;0
02/07/2016;01:25:00;8;com vitima;134;BR-392/RS;Norte;Saida de Pista;1;0;1;0;0;0;;;;;1;0;1;0;0
03/07/2016;19:02:00;112;sem vitima;655;BR-116/RS;Sul;Colisao Traseira;0;0;2;0;0;0;;;;;2;0;0;0;0
04/07/2016;08:17:00;38;sem vitima;446,3;BR-116/RS;Norte;Capotamento;1;0;0;0;0;0;;;;;4;0;0;0;0
04/07/2016;19:25:00;131;com vitima;90;BR-392/RS;Sul;Colisao Traseira;1;0;0;0;0;0;;;;;0;0;1;0;0
04/07/2016;17:54:00;123;sem vitima;118;BR-392/RS;Norte;Abalroamento - Transversal;1;0;1;0;0;0;;;;;3;0;0;0;0
05/07/2016;16:23:00;86;sem vitima;519,5;BR-116/RS;Sul;Outros tipos de acidente;1;0;1;0;0;0;;;;;3;0;0;0;0
05/07/2016;22:39:00;122;sem vitima;555,7;BR-116/RS;Sul;Saida de Pista;1;0;1;0;0;0;;;;;2;0;0;0;0
06/07/2016;17:43:00;93;com vitima;109,2;BR-392/RS;Norte;Abalroamento - Mesmo Sentido;1;0;0;0;0;0;;;;;1;1;0;0;0
07/07/2016;11:33:00;57;sem vitima;194,1;BR-392/RS;Sul;Saida de Pista;1;0;1;0;0;0;;;;;2;0;0;0;0
08/07/2016;18:38:00;142;com vitima;427;BR-116/RS;Norte;Colisao Frontal;1;0;1;0;0;0;;;;;1;0;2;0;1
08/07/2016;01:59:00;14;sem vitima;7,2;BR-392/RS;Sul;Colisao Traseira;2;0;0;0;0;0;;;;;4;0;0;0;0
08/07/2016;15:16:00;113;com vitima;7,6;BR-392/RS;Norte;Colisao Traseira;1;0;0;0;0;0;;;;;0;0;1;0;0
08/07/2016;22:20:00;172;com vitima;29,1;BR-392/RS;Norte;Saida de Pista;1;0;0;0;0;0;;;;;2;1;2;0;0
09/07/2016;21:42:00;113;sem vitima;18,3;BR-392/RS;Norte;Atropelamento - Animal;0;0;2;0;0;0;;;;;2;0;0;0;0
09/07/2016;05:08:00;15;sem vitima;523;BR-116/RS;Sul;Colisao com Objeto Fixo;0;0;1;0;0;0;;;;;1;0;0;0;0
12/07/2016;18:27:00;106;com vitima;430,8;BR-116/RS;Norte;Colisao Traseira;1;0;0;1;0;0;;;;;4;0;1;0;0
12/07/2016;08:05:00;30;sem vitima;519,3;BR-116/RS;Norte;Abalroamento - Transversal;1;0;0;0;0;0;;;;;1;0;0;0;0
12/07/2016;22:04:00;134;sem vitima;522;BR-116/RS;Norte;Tombamento;1;0;1;0;0;0;;;;;2;0;0;0;0
12/07/2016;23:58:00;141;sem vitima;613,1;BR-116/RS;Sul;Atropelamento - Animal;2;0;0;0;0;0;;;;;2;0;0;0;0
14/07/2016;18:54:00;100;com vitima;523,9;BR-116/RS;Norte;Saida de Pista;1;0;1;0;0;0;;;;;1;1;0;0;0
14/07/2016;09:03:00;37;com vitima;99;BR-392/RS;Sul;Saida de Pista;1;0;0;0;0;0;;;;;0;1;0;0;0
16/07/2016;18:40:00;114;sem vitima;405,5;BR-116/RS;Sul;Atropelamento - Animal;1;0;1;0;0;0;;;;;2;0;0;0;0
16/07/2016;17:31:00;106;com vitima;613,5;BR-116/RS;Sul;Tombamento;1;0;0;0;0;0;;;;;1;2;0;0;0
17/07/2016;07:00:00;17;sem vitima;480,8;BR-116/RS;Sul;Colisao Traseira;4;0;0;0;0;0;;;;;8;0;0;0;0
17/07/2016;20:11:00;99;com vitima;522;BR-116/RS;Norte;Colisao com Objeto Fixo;0;0;1;0;0;0;;;;;0;1;0;0;0
18/07/2016;16:02:00;89;sem vitima;414;BR-116/RS;Sul;Saida de Pista;0;0;2;0;0;0;;;;;2;0;0;0;0
18/07/2016;00:13:00;1;com vitima;5,4;BR-392/RS;Norte;Saida de Pista;1;0;0;1;0;0;;;;;4;1;0;0;0
19/07/2016;11:25:00;73;sem vitima;472,2;BR-116/RS;Norte;Tombamento;1;0;0;0;0;0;;;;;1;0;0;0;0
19/07/2016;23:29:00;149;com vitima;170,7;BR-392/RS;Sul;Tombamento;1;0;0;1;0;0;;;;;2;1;0;0;0
20/07/2016;12:05:00;67;com vitima;511;BR-116/RS;Sul;Colisao Traseira;0;0;1;0;1;0;;;;;3;1;0;0;0
20/07/2016;19:21:00;104;sem vitima;152;BR-392/RS;Sul;Outros tipos de acidente;2;0;0;0;0;0;;;;;7;0;0;0;0
21/07/2016;21:45:00;123;com vitima;5;BR-392/RS;Sul;Saida de Pista;1;0;0;0;0;0;;;;;0;0;2;0;0
21/07/2016;18:49:00;110;com vitima;47,1;BR-392/RS;Sul;Saida de Pista;1;0;0;0;0;0;;;;;0;0;1;0;0
24/07/2016;13:13:00;74;sem vitima;61,1;BR-392/RS;Norte;Saida de Pista;0;0;2;0;0;0;;;;;3;0;0;0;0
25/07/2016;10:36:00;44;sem vitima;510,8;BR-116/RS;Sul;Abalroamento - Mesmo Sentido;1;0;1;0;0;0;;;;;2;0;0;0;0
25/07/2016;13:00:00;55;com vitima;517;BR-116/RS;Sul;Colisao Traseira;0;0;1;0;0;0;;;;;0;0;1;0;0
25/07/2016;18:23:00;85;sem vitima;523,2;BR-116/RS;Norte;Saida de Pista;1;0;1;0;0;0;;;;;2;0;0;0;0
25/07/2016;21:12:00;103;sem vitima;568,5;BR-116/RS;Sul;Saida de Pista;1;0;1;0;0;0;;;;;2;0;0;0;0
26/07/2016;07:18:00;17;com vitima;482,2;BR-116/RS;Sul;Saida de Pista;2;0;1;0;0;0;;;;;3;0;1;1;0
26/07/2016;21:47:00;138;sem vitima;74,6;BR-392/RS;Sul;Abalroamento - Transversal;1;0;0;1;0;0;;;;;3;0;0;0;0
26/07/2016;13:31:00;85;sem vitima;526,5;BR-116/RS;Norte;Abalroamento - Transversal;2;0;4;0;0;0;;;;;8;0;0;0;0
28/07/2016;15:03:00;83;com vitima;454,9;BR-116/RS;Sul;Colisao Traseira;0;0;0;2;0;0;;;;;0;1;1;2;0
28/07/2016;06:07:00;23;sem vitima;523;BR-116/RS;Sul;Colisao com Objeto Fixo;2;0;0;0;0;0;;;;;2;0;0;0;0
29/07/2016;18:16:00;96;com vitima;17,3;BR-392/RS;Norte;Atropelamento - Animal;1;0;0;0;0;0;;;;;1;0;0;0;1
29/07/2016;14:52:00;77;sem vitima;33,8;BR-392/RS;Sul;Saida de Pista;0;0;1;0;0;0;;;;;1;0;0;0;0
29/07/2016;14:49:00;76;sem vitima;526,8;BR-116/RS;Norte;Abalroamento - Transversal;0;0;2;0;0;0;;;;;2;0;0;0;0
31/07/2016;06:02:00;28;com vitima;420,4;BR-116/RS;Sul;Colisao Frontal;0;0;0;1;0;0;;;;;0;2;0;0;0
31/07/2016;21:05:00;123;sem vitima;26,5;BR-392/RS;Norte;Colisao com Objeto Fixo;1;0;0;0;0;0;;;;;2;0;0;0;0
02/08/2016;02:05:00;24;com vitima;7;BR-392/RS;Sul;Atropelamento de Animal;0;0;1;0;0;0;;;;;0;1;0;0;0
02/08/2016;21:30:00;180;com vitima;501,8;BR-116/RS;Sul;Tombamento;0;0;2;0;0;0;;;;;1;1;0;0;0
03/08/2016;07:33:00;19;sem vitima;197,3;BR-392/RS;Sul;Saida de Pista;1;0;1;0;0;0;;;;;2;0;0;0;0
04/08/2016;00:57:00;10;com vitima;5,4;BR-392/RS;Norte;Saida de Pista;1;0;2;0;0;0;;;;;2;0;1;1;1
04/08/2016;07:20:00;28;com vitima;22,4;BR-392/RS;Sul;Tombamento;2;0;0;0;0;0;;;;;0;0;0;1;1
04/08/2016;13:13:00;85;sem vitima;35,1;BR-392/RS;Sul;Saida de Pista;1;0;0;0;0;0;;;;;1;0;0;0;0
05/08/2016;21:31:00;182;sem vitima;512,5;BR-116/RS;Norte;Tombamento;1;0;0;2;0;0;;;;;4;0;0;0;0
06/08/2016;06:39:00;18;sem vitima;512,5;BR-116/RS;Norte;Saida de Pista;2;0;0;0;0;0;;;;;3;0;0;0;0
07/08/2016;20:29:00;90;com vitima;114,5;BR-392/RS;Sul;Abalr. Transversal;1;0;1;0;0;0;;;;;1;1;0;0;0
08/08/2016;20:26:00;142;com vitima;494,5;BR-116/RS;Sul;Colisao Traseira;1;0;1;0;0;;;;;;1;0;2;0;0
09/08/2016;19:46:00;138;sem vitima;450,4;BR-116/RS;Sul;Colisao Traseira;1;0;0;0;0;0;;;;;2;0;0;0;0
09/08/2016;09:32:00;47;sem vitima;607,8;BR-116/RS;Sul;Abalr. Transversal;1;0;0;0;0;0;;;;;2;0;0;0;0
10/08/2016;12:40:00;112;sem vitima;8,8;BR-392/RS;Norte;Abalr. Mesmo Sentido;1;0;1;0;0;0;;;;;4;0;0;0;0
10/08/2016;19:28:00;156;sem vitima;14,8;BR-392/RS;Sul;Colisao Traseira;0;0;1;0;0;0;;;;;1;0;0;0;0
11/08/2016;08:27:00;31;sem vitima;42,3;BR-392/RS;Sul;Colisao Traseira;1;0;1;0;0;0;;;;;3;0;0;0;0
11/08/2016;19:24:00;134;sem vitima;504,8;BR-116/RS;Sul;Colisao Traseira;0;0;1;0;0;0;;;;;1;0;0;0;0
11/08/2016;22:37:00;156;sem vitima;119,8;BR-392/RS;Sul;Saida de Pista;1;0;1;0;0;0;;;;;6;0;0;0;0
12/08/2016;22:02:00;161;com vitima;511,2;BR-116/RS;Norte;Colisao com Objeto Fixo;1;0;0;0;0;0;;;;;0;1;0;0;0
13/08/2016;10:50:00;69;com vitima;26,6;BR-392/RS;Sul;Colisao Traseira;2;0;0;0;0;0;;;;;2;1;0;0;0
14/08/2016;09:27:00;48;sem vitima;5,6;BR-392/RS;Sul;Saida de Pista;1;0;0;0;0;0;;;;;2;0;0;0;0
14/08/2016;18:01:00;120;sem vitima;530;BR-116/RS;Norte;Abalr. Transversal;2;0;0;0;0;0;;;;;6;0;0;0;0
15/08/2016;06:36:00;25;com vitima;32;BR-392/RS;Sul;Tombamento;0;0;0;1;0;0;;;;;1;1;0;0;0
15/08/2016;16:16:00;108;sem vitima;44;BR-392/RS;Norte;Saida de Pista;2;0;2;0;0;0;;;;;5;0;0;0;0
16/08/2016;13:15:00;99;sem vitima;61,2;BR-392/RS;Sul;Colisao Traseira;1;0;1;0;0;0;;;;;4;0;0;0;0
17/08/2016;13:24:00;105;com vitima;38,5;BR-392/RS;Norte;Saida de Pista;0;0;0;1;0;0;;;;;0;0;1;0;0
17/08/2016;22:19:00;167;sem vitima;61;BR-392/RS;Sul;Saida de Pista;1;0;0;1;0;0;;;;;4;0;0;0;0
17/08/2016;19:09:00;152;sem vitima;62;BR-392/RS;Norte;Colisao Traseira;1;0;0;0;0;0;;;;;1;0;0;0;0
18/08/2016;17:00:00;126;sem vitima;530,1;BR-116/RS;Norte;Abalr. Transversal;0;0;2;0;0;0;;;;;2;0;0;0;0
18/08/2016;00:35:00;2;sem vitima;132,1;BR-392/RS;Sul;Saida de Pista;0;0;1;0;0;0;;;;;1;0;0;0;0
20/08/2016;06:12:00;25;com vitima;8,6;BR-392/RS;Sul;Saida de Pista;1;0;0;1;0;0;;;;;2;1;0;0;0
20/08/2016;22:18:00;136;sem vitima;501,4;BR-116/RS;Norte;Abalr. Sentido Oposto;1;0;0;0;0;0;;;;;2;0;0;0;0
21/08/2016;17:37:00;99;sem vitima;541;BR-116/RS;Norte;Colisao com Objeto Fixo;2;0;0;0;0;0;;;;;2;0;0;0;0
21/08/2016;13:08:00;74;com vitima;125;BR-392/RS;Norte;Abalr. Transversal;1;0;0;1;0;0;;;;;0;1;1;0;0
23/08/2016;22:33:00;146;sem vitima;9,9;BR-392/RS;Sul;Abalr. Transversal;1;0;0;0;0;0;;;;;1;0;0;0;0
23/08/2016;12:27:00;84;com vitima;97,7;BR-392/RS;Norte;Colisao Frontal;0;0;0;1;0;0;;;;;0;1;0;1;0
26/08/2016;22:34:00;150;com vitima;451,7;BR-116/RS;Norte;Abalr. Transversal;1;0;1;0;0;0;;;;;0;0;0;2;0
26/08/2016;15:01:00;95;sem vitima;622,3;BR-116/RS;Sul;Saida de Pista;0;0;2;0;0;0;;;;;5;0;0;0;0
28/08/2016;14:33:00;68;com vitima;51,8;BR-392/RS;Norte;Saida de Pista;0;0;0;1;0;0;;;;;0;2;0;0;0
28/08/2016;23:15:00;105;sem vitima;529,5;BR-116/RS;Sul;Colisao com Objeto Fixo;1;0;1;0;0;0;;;;;7;0;0;0;0
28/08/2016;05:42:00;22;sem vitima;108;BR-392/RS;Norte;Colisao Traseira;1;0;0;0;0;0;;;;;1;0;0;0;0
28/08/2016;18:18:00;85;com vitima;563;BR-116/RS;Sul;Abalr. Transversal;1;0;1;0;0;0;;;;;1;1;0;0;0
29/08/2016;15:12:00;96;com vitima;481,5;BR-116/RS;Sul;Abalr. Transversal;0;0;0;1;0;0;;;;;0;1;1;0;0
30/08/2016;09:00:00;39;com vitima;7,4;BR-392/RS;Sul;Abalr. Transversal;1;0;1;0;0;0;;;;;2;1;1;0;0
30/08/2016;10:11:00;68;sem vitima;517;BR-116/RS;Sul;Abalr. Transversal;0;0;2;1;0;0;;;;;3;0;0;0;0
30/08/2016;18:40:00;131;com vitima;637;BR-116/RS;Norte;Saida de Pista;1;0;1;0;0;0;;;;;2;0;0;1;0
31/08/2016;20:02:00;129;sem vitima;17,5;BR-392/RS;Norte;Colisao com Objeto Fixo;1;0;2;0;0;0;;;;;3;0;0;0;0
01/09/2016;18:16:00;98;com vitima;31,9;BR-392/RS;Norte;Saida de Pista;0;1;0;1;0;0;;;;;0;0;2;0;0
03/09/2016;01:09:00;7;com vitima;46,2;BR-392/RS;Norte;Saida de Pista;0;1;1;0;0;0;;;;;1;1;0;0;0
03/09/2016;05:32:00;15;com vitima;91;BR-392/RS;Norte;Saida de Pista;1;0;0;0;0;1;;;;;0;1;0;2;2
03/09/2016;13:26:00;71;com vitima;61;BR-392/RS;Norte;Colisao Frontal;0;0;0;1;0;0;;;;;0;1;0;0;0
03/09/2016;16:34:00;84;sem vitima;67;BR-392/RS;Sul;Abalr. Transversal;1;0;0;0;0;0;;;;;1;0;0;0;0
03/09/2016;17:41:00;95;com vitima;530;BR-116/RS;Norte;Abalr. Transversal;0;0;0;2;0;0;;;;;1;0;1;0;0
03/09/2016;19:37:00;104;com vitima;490,7;BR-116/RS;Norte;Colisao Traseira;0;0;0;1;0;0;;;;;0;0;1;0;0
05/09/2016;11:13:00;82;sem vitima;571,5;BR-116/RS;Sul;Saida de Pista;1;0;0;0;0;0;;;;;1;0;0;0;0
05/09/2016;20:50:00;148;sem vitima;72,1;BR-392/RS;Sul;Colisao Traseira;1;0;1;0;0;0;;;;;2;0;0;0;0
06/09/2016;00:29:00;5;com vitima;493,3;BR-116/RS;Norte;Outros tipos de acidente;1;0;0;0;0;0;;;;;0;1;0;0;0
06/09/2016;17:08:00;135;sem vitima;510,7;BR-116/RS;Sul;Abalr. Transversal;1;0;0;0;0;0;;;;;1;0;0;0;0
07/09/2016;07:06:00;20;com vitima;65,5;BR-392/RS;Norte;Abalr. Transversal;1;0;0;1;0;0;;;;;1;1;0;0;0
08/09/2016;18:57:00;110;com vitima;12;BR-392/RS;Sul;Atropelamento;1;0;0;0;0;0;;;;;1;0;0;1;0
10/09/2016;07:08:00;22;com vitima;526,5;BR-116/RS;Sul;Tombamento;1;0;0;0;0;0;;;;;0;1;0;1;0
11/09/2016;14:32:00;83;sem vitima;449,3;BR-116/RS;Sul;Saida de Pista;0;0;1;0;0;0;;;;;1;0;0;0;0
12/09/2016;03:19:00;11;com vitima;430,4;BR-116/RS;Sul;Colisao com Objeto Fixo;0;0;0;1;0;0;;;;;0;1;0;0;0
13/09/2016;08:20:00;45;com vitima;526,7;BR-116/RS;Norte;Colisao Traseira;1;0;0;0;0;0;;;;;0;0;0;1;0
14/09/2016;07:44:00;46;sem vitima;418,9;BR-116/RS;Sul;Saida de Pista;0;0;1;0;0;0;;;;;1;0;0;0;0
14/09/2016;12:39:00;115;com vitima;454,4;BR-116/RS;Sul;Colisao Traseira;0;0;2;0;0;0;;;;;1;1;0;0;0
17/09/2016;07:44:00;28;com vitima;126,3;BR-392/RS;Norte;Saida de Pista;2;0;0;0;0;0;;;;;1;0;1;0;0
18/09/2016;08:43:00;46;com vitima;98,3;BR-392/RS;Sul;Colisao Frontal;2;0;0;0;0;0;;;;;2;0;4;0;0
19/09/2016;06:21:00;14;com vitima;474,7;BR-116/RS;Sul;Colisao Frontal;0;1;0;1;0;0;;;;;0;0;2;0;0
20/09/2016;15:29:00;59;com vitima;119,9;BR-392/RS;Norte;Tombamento;1;0;0;0;0;0;;;;;0;1;0;0;0