data;horario;n_da_ocorrencia;tipo_de_ocorrencia;km;trecho;sentido;tipo_de_acidente;automovel;bicicleta;caminhao;moto;onibus;outros;tracao_animal;transporte_de_cargas_especiais;trator_maquinas;utilitarios;ilesos;levemente_feridos;moderadamente_feridos;gravemente_feridos;mortos
21/09/2016;00:33:00;2;sem vitima;5,1;BR-392/RS;Norte;Abalr. Mesmo Sentido;1;0;0;0;0;0;;;;;1;0;0;0;0
21/09/2016;08:06:00;40;sem vitima;0,5;BR-392/RS;Sul;Saida de Pista;2;0;0;0;0;0;;;;;5;0;0;0;0
23/09/2016;21:02:00;133;sem vitima;413,2;BR-116/RS;Norte;Colisao Frontal;1;0;0;0;0;0;;;;;1;0;0;0;0
27/09/2016;23:42:00;139;com vitima;615;BR-116/RS;Sul;Colisao Traseira;1;0;0;1;0;0;;;;;1;1;0;0;0
28/09/2016;15:31:00;100;com vitima;56,9;BR-392/RS;Norte;Saida de Pista;1;0;0;1;0;0;;;;;1;1;0;0;0
29/09/2016;00:42:00;3;sem vitima;7,8;BR-392/RS;Norte;Tombamento;0;0;2;0;0;0;;;;;2;0;0;0;0
29/09/2016;03:56:00;15;com vitima;5,2;BR-392/RS;Norte;Colisao Traseira;3;0;0;0;0;0;;;;;6;1;0;0;0
29/09/2016;12:59:00;96;sem vitima;582;BR-116/RS;Norte;Colisao Traseira;2;0;0;0;0;0;;;;;6;0;0;0;0
29/09/2016;19:16:00;126;com vitima;35;BR-392/RS;Sul;Outros tipos de acidente;1;0;0;0;0;0;;;;;0;3;0;0;0
29/09/2016;19:29:00;129;sem vitima;37;BR-392/RS;Sul;Outros tipos de acidente;2;0;0;0;0;0;;;;;5;0;0;0;0
30/09/2016;07:56:00;29;sem vitima;88,9;BR-392/RS;Norte;Abalr. Transversal;1;0;0;0;0;0;;;;;1;0;0;0;0
30/09/2016;22:03:00;123;sem vitima;540,5;BR-116/RS;Sul;Capotamento;1;0;0;0;0;0;;;;;2;0;0;0;0
01/10/2016;11:41:00;59;com vitima;27,4;BR-392/RS;Sul;Saida de Pista;1;0;0;0;0;0;;;;;0;0;1;0;0
01/10/2016;13:51:00;67;com vitima;490,6;BR-116/RS;Sul;Abalr. Transversal;1;0;0;1;0;0;;;;;1;0;0;1;0
02/10/2016;04:56:00;11;sem vitima;485,8;BR-116/RS;Sul;Abalr. Transversal;0;0;0;0;1;0;;;;;22;0;0;0;0
03/10/2016;08:24:00;39;com vitima;526,5;BR-116/RS;Sul;Colisao Traseira;0;0;1;2;0;0;;;;;2;0;0;0;1
03/10/2016;22:10:00;131;com vitima;519,3;BR-116/RS;Sul;Abalr. Transversal;0;0;2;0;0;0;;;;;0;0;2;0;0
04/10/2016;06:10:00;21;sem vitima;637,3;BR-116/RS;Norte;Saida de Pista;1;0;0;0;0;0;;;;;1;0;0;0;0
04/10/2016;08:33:00;36;com vitima;656,1;BR-116/RS;Sul;Saida de Pista;1;0;1;0;0;0;;;;;2;0;2;0;0
04/10/2016;15:00:00;108;sem vitima;427;BR-116/RS;Sul;Abalr. Transversal;1;0;1;0;0;0;;;;;2;0;0;0;0
04/10/2016;16:41:00;118;com vitima;20,1;BR-392/RS;Norte;Abalr. Mesmo Sentido;0;0;0;1;0;0;;;;;0;0;1;0;0
04/10/2016;18:34:00;130;sem vitima;66,9;BR-392/RS;Sul;Abalr. Transversal;1;0;1;0;0;0;;;;;2;0;0;0;0
06/10/2016;16:53:00;74;sem vitima;531,9;BR-116/RS;Sul;Saida de Pista;0;0;1;0;0;0;;;;;1;0;0;0;0
07/10/2016;10:41:00;44;sem vitima;52,4;BR-392/RS;Sul;Tombamento;0;0;1;0;0;0;;;;;1;0;0;0;0
07/10/2016;17:52:00;82;sem vitima;612;BR-116/RS;Sul;Abalr. Transversal;2;0;0;0;0;0;;;;;5;0;0;0;0
08/10/2016;14:35:00;99;com vitima;400,7;BR-116/RS;Norte;Tombamento;0;0;1;0;0;0;;;;;1;0;0;1;0
10/10/2016;06:51:00;22;sem vitima;522,9;BR-116/RS;Norte;Abalr. Transversal;1;0;0;0;0;0;;;;;3;0;0;0;0
10/10/2016;19:12:00;150;com vitima;529,2;BR-116/RS;Sul;Abalr. Transversal;1;0;0;0;0;0;;;;;0;3;0;0;0
13/10/2016;06:40:00;19;com vitima;404,7;BR-116/RS;Sul;Saida de Pista;1;0;0;1;0;0;;;;;2;0;1;0;0
13/10/2016;08:37:00;32;sem vitima;478,9;BR-116/RS;Sul;Saida de Pista;1;0;0;0;0;0;;;;;1;0;0;0;0
13/10/2016;11:15:00;87;com vitima;7,8;BR-392/RS;Sul;Abalr. Transversal;1;0;0;0;0;0;;;;;0;2;0;0;0
15/10/2016;23:40:00;119;sem vitima;650,1;BR-116/RS;Norte;Atropelamento de Animal;1;0;0;0;0;0;;;;;1;0;0;0;0
16/10/2016;07:13:00;22;com vitima;2,3;BR-392/RS;Sul;Saida de Pista;1;0;1;0;0;0;;;;;1;2;0;0;0
18/10/2016;10:27:00;78;sem vitima;4,7;BR-392/RS;Norte;Abalr. Transversal;3;0;0;0;0;0;;;;;4;0;0;0;0
19/10/2016;21:54:00;161;sem vitima;36,8;BR-392/RS;Sul;Capotamento;1;0;0;0;0;0;;;;;1;0;0;0;0
21/10/2016;08:39:00;43;com vitima;117,4;BR-392/RS;Norte;Outros tipos de acidente;0;0;0;1;0;0;;;;;0;1;0;0;0
21/10/2016;12:38:00;115;sem vitima;118,5;BR-392/RS;Sul;Tombamento;1;0;0;0;0;0;;;;;1;0;0;0;0
21/10/2016;17:35:00;145;com vitima;493,4;BR-116/RS;Sul;Colisao Frontal;1;0;0;0;0;0;;;;;0;0;1;0;0
22/10/2016;02:56:00;10;sem vitima;618;BR-116/RS;Sul;Saida de Pista;0;0;1;0;0;0;;;;;1;0;0;0;0
22/10/2016;21:27:00;120;sem vitima;35,4;BR-392/RS;Sul;Saida de Pista;1;0;0;0;0;0;;;;;1;0;0;0;0
23/10/2016;19:27:00;86;sem vitima;30,5;BR-392/RS;Norte;Saida de Pista;2;0;0;0;0;0;;;;;2;0;0;0;0
23/10/2016;23:21:00;108;sem vitima;116,4;BR-392/RS;Norte;Atropelamento;1;0;0;0;0;0;;;;;1;0;0;0;0
24/10/2016;05:38:00;14;com vitima;81,1;BR-392/RS;Sul;Saida de Pista;0;0;0;1;0;0;;;;;0;1;0;0;0
26/10/2016;11:17:00;90;com vitima;5,2;BR-392/RS;Sul;Abalr. Transversal;2;0;0;0;0;0;;;;;6;1;0;0;0
27/10/2016;12:27:00;116;sem vitima;510,6;BR-116/RS;Sul;Abalr. Transversal;1;0;0;0;0;0;;;;;2;0;0;0;0
27/10/2016;19:07:00;170;com vitima;447,3;BR-116/RS;Norte;Abalr. Transversal;1;0;0;1;0;0;;;;;1;0;1;0;0
28/10/2016;07:03:00;25;sem vitima;522,9;BR-116/RS;Norte;Abalr. Transversal;1;0;0;0;0;0;;;;;1;0;0;0;0
29/10/2016;19:06:00;123;com vitima;21,9;BR-392/RS;Sul;Capotamento;0;0;1;1;0;0;;;;;1;0;1;0;0
30/10/2016;14:00:00;64;sem vitima;78,3;BR-392/RS;Norte;Tombamento;3;0;0;0;0;0;;;;;3;0;0;0;0
01/11/2016;10:56:00;104;sem vitima;93,3;BR-392/RS;Sul;Tombamento;1;0;0;0;0;0;;;;;1;0;0;0;0
01/11/2016;16:15:00;123;com vitima;99,7;BR-392/RS;Sul;Saida de Pista;1;0;1;0;0;0;;;;;1;1;0;0;0
01/11/2016;18:34:00;141;com vitima;473,2;BR-116/RS;Sul;Colisao Traseira;1;0;1;0;0;0;;;;;1;1;0;0;0
03/11/2016;19:22:00;143;com vitima;480,8;BR-116/RS;Sul;Abalr. Transversal;1;0;0;0;0;0;;;;;0;0;1;0;0
04/11/2016;10:41:00;106;com vitima;510,3;BR-116/RS;Norte;Colisao com Objeto Fixo;0;0;1;1;0;0;;;;;8;0;1;0;0
04/11/2016;19:59:00;165;sem vitima;560,3;BR-116/RS;Norte;Tombamento;1;0;0;0;0;0;;;;;1;0;0;0;0
04/11/2016;23:11:00;180;com vitima;529,5;BR-116/RS;Sul;Capotamento;1;0;1;0;0;0;;;;;1;0;1;0;0
05/11/2016;17:24:00;129;com vitima;511,9;BR-116/RS;Sul;Tombamento;0;0;2;0;0;0;;;;;1;0;1;0;0
06/11/2016;07:11:00;26;com vitima;492;BR-116/RS;Norte;Saida de Pista;1;0;1;0;0;0;;;;;5;1;0;0;0
06/11/2016;15:43:00;80;sem vitima;588,3;BR-116/RS;Sul;Saida de Pista;0;0;0;0;1;0;;;;;1;0;0;0;0
06/11/2016;21:59:00;133;sem vitima;50;BR-392/RS;Sul;Atropelamento de Animal;1;0;0;0;0;0;;;;;2;0;0;0;0
10/11/2016;06:28:00;20;com vitima;5,2;BR-392/RS;Sul;Abalr. Transversal;1;0;0;0;0;0;;;;;3;0;0;0;1
10/11/2016;12:08:00;86;com vitima;527,2;BR-116/RS;Norte;Colisao Traseira;0;0;1;1;0;0;;;;;1;0;1;0;0
11/11/2016;09:07:00;37;sem vitima;12,5;BR-392/RS;Norte;Saida de Pista;0;0;1;0;0;0;;;;;1;0;0;0;0
13/11/2016;19:20:00;156;sem vitima;536,7;BR-116/RS;Norte;Saida de Pista;1;0;0;0;0;0;;;;;1;0;0;0;0
14/11/2016;00:27:00;1;com vitima;520,8;BR-116/RS;Norte;Saida de Pista;2;0;0;0;0;0;;;;;2;0;1;1;0
14/11/2016;19:12:00;149;sem vitima;9;BR-392/RS;Sul;Outros tipos de acidente;1;0;1;0;1;0;;;;;5;0;0;0;0
14/11/2016;20:28:00;157;sem vitima;521,3;BR-116/RS;Sul;Tombamento;0;0;1;0;0;0;;;;;1;0;0;0;0
15/11/2016;17:13:00;112;com vitima;541,8;BR-116/RS;Sul;Saida de Pista;1;0;0;1;0;0;;;;;1;0;1;0;0
15/11/2016;18:06:00;117;sem vitima;36,9;BR-392/RS;Sul;Colisao Traseira;2;0;0;0;0;0;;;;;2;0;0;0;0
15/11/2016;19:19:00;122;sem vitima;138,7;BR-392/RS;Norte;Saida de Pista;1;0;0;0;0;0;;;;;1;0;0;0;0
16/11/2016;08:03:00;43;com vitima;1,8;BR-392/RS;Norte;Saida de Pista;0;0;1;0;0;0;;;;;0;1;0;0;0
16/11/2016;19:09:00;143;com vitima;409,2;BR-116/RS;Sul;Saida de Pista;1;1;0;0;0;0;;;;;1;0;0;0;1
16/11/2016;19:25:00;146;com vitima;522;BR-116/RS;Sul;Colisao Traseira;1;0;0;0;0;0;;;;;0;1;0;0;0
16/11/2016;19:42:00;149;com vitima;523;BR-116/RS;Sul;Colisao Traseira;1;0;0;0;0;0;;;;;0;0;1;0;0
17/11/2016;13:10:00;86;com vitima;525,9;BR-116/RS;Norte;Colisao Traseira;1;0;0;0;0;0;;;;;0;1;2;0;0
18/11/2016;13:13:00;102;sem vitima;24,2;BR-392/RS;Sul;Abalr. Mesmo Sentido;1;0;0;0;0;0;;;;;1;0;0;0;0
19/11/2016;10:31:00;76;com vitima;401;BR-116/RS;Norte;Abalr. Transversal;1;0;0;0;0;0;;;;;0;1;0;0;0
21/11/2016;11:47:00;98;com vitima;519,9;BR-116/RS;Sul;Atropelamento;0;0;1;0;0;0;;;;;0;0;1;0;0
22/11/2016;14:34:00;71;com vitima;572,3;BR-116/RS;Sul;Saida de Pista;0;0;2;0;0;0;;;;;1;1;0;0;0
22/11/2016;14:46:00;72;com vitima;67,8;BR-392/RS;Norte;Colisao Traseira;2;0;0;0;0;0;;;;;3;1;0;0;0
23/11/2016;06:45:00;17;sem vitima;1,6;BR-392/RS;Norte;Colisao Frontal;1;0;0;0;0;0;;;;;2;0;0;0;0
24/11/2016;21:08:00;107;com vitima;58;BR-392/RS;Norte;Tombamento;2;0;0;0;0;0;;;;;0;3;1;1;0
25/11/2016;07:19:00;37;com vitima;52,3;BR-392/RS;Sul;Colisao com Objeto Fixo;1;0;0;0;0;0;;;;;0;1;0;0;0
25/11/2016;09:49:00;70;sem vitima;37,4;BR-392/RS;Sul;Saida de Pista;2;0;0;0;0;0;;;;;6;0;0;0;0
26/11/2016;00:25:00;2;sem vitima;523,9;BR-116/RS;Sul;Tombamento;0;0;2;0;0;0;;;;;2;0;0;0;0
27/11/2016;12:15:00;48;com vitima;414,5;BR-116/RS;Norte;Saida de Pista;1;0;1;0;0;0;;;;;1;4;1;0;0
28/11/2016;08:15:00;40;com vitima;510,3;BR-116/RS;Sul;Colisao Traseira;1;0;0;0;0;0;;;;;0;0;1;0;0
28/11/2016;16:41:00;140;sem vitima;65,4;BR-392/RS;Sul;Tombamento;1;0;0;0;0;0;;;;;1;0;0;0;0
02/12/2016;22:49:00;163;sem vitima;513,7;BR-116/RS;Sul;Abalr. Transversal;1;0;0;0;0;0;;;;;2;0;0;0;0
03/12/2016;04:15:00;15;com vitima;4,4;BR-392/RS;Norte;Colisao Traseira;0;0;0;1;0;0;;;;;0;2;0;0;0
03/12/2016;11:19:00;72;com vitima;63,9;BR-392/RS;Sul;Abalr. Sentido Oposto;0;0;0;1;0;0;;;;;0;0;0;0;1
03/12/2016;19:21:00;112;sem vitima;96,3;BR-392/RS;Sul;Saida de Pista;1;0;0;0;0;0;;;;;1;0;0;0;0
03/12/2016;20:37:00;120;com vitima;530,1;BR-116/RS;Norte;Abalr. Transversal;1;0;0;0;0;0;;;;;1;1;0;0;0
04/12/2016;02:10:00;11;sem vitima;643,2;BR-116/RS;Sul;Colisao Frontal;0;0;1;0;0;0;;;;;1;0;0;0;0
06/12/2016;14:07:00;129;com vitima;8;BR-392/RS;Norte;Colisao Frontal;2;0;0;0;0;0;;;;;2;4;0;0;0
07/12/2016;17:39:00;130;sem vitima;110;BR-392/RS;Norte;Abalr. Transversal;1;0;0;0;0;0;;;;;3;0;0;0;0
08/12/2016;07:30:00;20;com vitima;521,7;BR-116/RS;Sul;Colisao Traseira;0;0;1;0;1;0;;;;;2;1;0;0;0
09/12/2016;19:14:00;151;sem vitima;58,6;BR-392/RS;Norte;Tombamento;1;0;0;1;0;0;;;;;3;0;0;0;0
10/12/2016;04:10:00;19;com vitima;636,9;BR-116/RS;Norte;Saida de Pista;1;0;0;0;0;0;;;;;1;0;1;0;0
10/12/2016;17:50:00;134;com vitima;432,3;BR-116/RS;Sul;Abalr. Mesmo Sentido;1;0;0;1;0;0;;;;;1;1;0;0;0
10/12/2016;18:34:00;139;sem vitima;115,3;BR-392/RS;Sul;Abalr. Transversal;1;0;0;0;0;0;;;;;0;0;0;0;0
10/12/2016;21:00:00;157;com vitima;493,6;BR-116/RS;Norte;Abalr. Sentido Oposto;0;0;2;0;0;0;;;;;1;0;1;0;0
11/12/2016;09:14:00;57;com vitima;405,7;BR-116/RS;Sul;Saida de Pista;1;0;0;0;0;0;;;;;1;0;1;0;0
12/12/2016;08:38:00;38;com vitima;6,2;BR-392/RS;Norte;Colisao Traseira;1;1;0;0;0;0;;;;;1;0;1;0;0
13/12/2016;14:37:00;96;com vitima;90,2;BR-392/RS;Norte;Saida de Pista;0;0;1;0;0;0;;;;;0;0;1;0;0
14/12/2016;09:39:00;74;sem vitima;16;BR-392/RS;Sul;Abalr. Mesmo Sentido;0;0;1;0;0;0;;;;;1;0;0;0;0
15/12/2016;09:35:00;53;com vitima;118;BR-392/RS;Norte;Tombamento;0;0;1;0;0;0;;;;;0;1;0;0;0
15/12/2016;21:59:00;157;com vitima;48,3;BR-392/RS;Sul;Atropelamento de Animal;2;0;0;0;0;0;;;;;1;2;0;0;0
16/12/2016;10:37:00;98;sem vitima;62;BR-392/RS;Norte;Abalr. Transversal;2;0;0;0;0;0;;;;;3;0;0;0;0
16/12/2016;11:57:00;105;sem vitima;67;BR-392/RS;Sul;Abalr. Transversal;1;0;0;0;0;0;;;;;5;0;0;0;0
17/12/2016;06:08:00;16;sem vitima;619;BR-116/RS;Sul;Saida de Pista;2;0;0;0;0;0;;;;;4;0;0;0;0
18/12/2016;08:06:00;33;com vitima;20,5;BR-392/RS;Sul;Saida de Pista;1;0;0;1;0;0;;;;;1;1;0;0;0
18/12/2016;12:40:00;84;com vitima;582;BR-116/RS;Sul;Colisao com Objeto Fixo;0;0;1;1;0;0;;;;;1;1;0;0;0
18/12/2016;15:07:00;95;com vitima;510,6;BR-116/RS;Sul;Abalr. Transversal;1;0;0;1;0;0;;;;;4;1;0;0;0
19/12/2016;07:15:00;33;sem vitima;99,7;BR-392/RS;Sul;Abalr. Transversal;1;0;0;0;0;0;;;;;2;0;0;0;0
20/12/2016;11:30:00;91;com vitima;653,2;BR-116/RS;Sul;Saida de Pista;1;0;0;1;0;0;;;;;2;0;1;0;0
20/12/2016;20:30:00;172;com vitima;90,4;BR-392/RS;Sul;Colisao Frontal;1;0;0;0;0;0;;;;;0;1;0;0;0
21/12/2016;17:37:00;142;sem vitima;401,4;BR-116/RS;Sul;Colisao Traseira;2;0;0;0;0;0;;;;;3;0;0;0;0
21/12/2016;18:05:00;149;com vitima;494,3;BR-116/RS;Sul;Abalr. Mesmo Sentido;1;0;0;0;0;0;;;;;1;1;0;0;0
21/12/2016;23:28:00;189;com vitima;41,1;BR-392/RS;Sul;Saida de Pista;2;0;0;0;0;0;;;;;1;0;1;1;0
22/12/2016;04:19:00;16;com vitima;516;BR-116/RS;Norte;Tombamento;0;0;0;1;0;0;;;;;0;0;0;1;0
22/12/2016;15:34:00;137;sem vitima;20,5;BR-392/RS;Sul;Tombamento;1;0;0;0;0;0;;;;;1;0;0;0;0
23/12/2016;10:00:00;59;com vitima;461,1;BR-116/RS;Norte;Abalr. Mesmo Sentido;1;0;0;1;0;0;;;;;2;0;1;0;0
23/12/2016;13:00:00;82;sem vitima;145,5;BR-392/RS;Sul;Saida de Pista;0;0;2;0;0;0;;;;;3;0;0;0;0
24/12/2016;18:49:00;122;com vitima;72,9;BR-392/RS;Sul;Tombamento;0;0;1;0;0;0;;;;;0;2;0;0;0
26/12/2016;03:35:00;20;com vitima;615;BR-116/RS;Norte;Saida de Pista;1;0;0;1;0;0;;;;;4;1;0;0;0
26/12/2016;15:35:00;131;sem vitima;454,3;BR-116/RS;Sul;Colisao Frontal;1;0;0;0;0;0;;;;;3;0;0;0;0
26/12/2016;16:25:00;136;com vitima;510,3;BR-116/RS;Norte;Colisao Traseira;1;0;0;1;0;0;;;;;1;2;0;0;0
26/12/2016;17:27:00;139;sem vitima;4,9;BR-392/RS;Sul;Colisao Frontal;1;0;0;0;0;0;;;;;1;0;0;0;0
26/12/2016;17:54:00;142;sem vitima;99,6;BR-392/RS;Sul;Colisao Traseira;1;0;0;0;0;0;;;;;1;0;0;0;0
27/12/2016;02:30:00;15;com vitima;606;BR-116/RS;Norte;Atropelamento de Animal;0;0;1;0;0;0;;;;;1;1;0;0;0
30/12/2016;20:10:00;145;com vitima;442;BR-116/RS;Sul;Abalr. Transversal;2;0;0;0;0;0;;;;;2;1;1;0;0
31/12/2016;04:11:00;23;com vitima;117,6;BR-392/RS;Sul;Saida de Pista;0;0;0;1;0;0;;;;;1;0;1;0;0
01/01/2017;20:27:00;127;com vitima;411,1;BR-116/RS;Norte;Abalr. Mesmo Sentido;2;0;0;0;0;0;0;0;0;0;4;4;0;0;0
01/01/2017;20:51:00;131;sem vitima;477;BR-116/RS;Sul;Colisao Traseira;5;0;0;0;0;0;0;0;0;0;14;0;0;0;0
02/01/2017;07:59:00;30;com vitima;611,7;BR-116/RS;Norte;Colisao Traseira;1;0;0;0;1;0;0;0;0;0;3;1;0;0;0
03/01/2017;07:20:00;34;com vitima;49,7;BR-392/RS;Sul;Tombamento;0;0;0;1;0;0;0;0;0;0;0;2;0;0;0
03/01/2017;10:53:00;85;com vitima;197,3;BR-392/RS;Sul;Abalr. Mesmo Sentido;1;0;3;0;0;0;0;0;0;0;3;2;0;0;0
03/01/2017;17:40:00;141;com vitima;49,8;BR-392/RS;Sul;Saida de Pista;1;0;0;0;0;0;0;0;0;0;3;0;1;0;0
04/01/2017;15:54:00;96;com vitima;435;BR-116/RS;Norte;Colisao Frontal;2;0;0;0;0;0;0;0;0;0;5;3;0;0;0
06/01/2017;20:30:00;138;sem vitima;559,3;BR-116/RS;Norte;Saida de Pista;1;0;0;0;0;0;0;0;0;0;2;0;0;0;0
07/01/2017;19:22:00;134;com vitima;41,8;BR-392/RS;Norte;Saida de Pista;1;0;0;0;0;0;0;0;0;0;3;1;0;0;0
08/01/2017;16:10:00;97;com vitima;582,3;BR-116/RS;Norte;Saida de Pista;1;0;0;0;0;0;0;0;0;0;3;0;1;0;0
09/01/2017;08:54:00;37;com vitima;86,9;BR-392/RS;Sul;Atropelamento;1;0;0;0;0;0;0;0;0;0;1;0;0;1;0
09/01/2017;10:33:00;73;com vitima;84,3;BR-392/RS;Sul;Saida de Pista;2;0;0;0;0;0;0;0;0;0;1;3;0;0;0
10/01/2017;00:11:00;2;sem vitima;598;BR-116/RS;Sul;Saida de Pista;1;0;0;0;0;0;0;0;0;0;1;0;0;0;0
10/01/2017;03:37:00;12;com vitima;93,8;BR-392/RS;Sul;Saida de Pista;1;0;0;0;0;0;0;0;0;0;0;2;0;0;0
10/01/2017;05:36:00;16;com vitima;493,9;BR-116/RS;Norte;Saida de Pista;1;0;0;0;0;0;0;0;0;0;1;1;0;0;0
12/01/2017;10:52:00;81;com vitima;117,1;BR-392/RS;Norte;Abalr. Transversal;1;0;1;0;0;0;0;0;0;0;2;1;1;0;0
12/01/2017;14:02:00;90;com vitima;528,5;BR-116/RS;Sul;Abalr. Transversal;1;0;0;1;0;0;0;0;0;0;1;1;0;0;0
13/01/2017;17:10:00;114;sem vitima;60,5;BR-392/RS;Sul;Colisao Traseira;3;0;0;0;0;0;0;0;0;0;4;0;0;0;0
13/01/2017;17:21:00;116;sem vitima;415,7;BR-116/RS;Norte;Tombamento;0;0;1;0;0;0;0;0;0;0;1;0;0;0;0
14/01/2017;12:18:00;61;com vitima;469,7;BR-116/RS;Sul;Saida de Pista;1;0;0;0;0;0;0;0;0;0;1;0;3;0;0
15/01/2017;07:29:00;27;com vitima;431,1;BR-116/RS;Norte;Saida de Pista;0;0;0;1;0;0;0;0;0;0;0;0;1;0;0
17/01/2017;08:29:00;28;com vitima;625,2;BR-116/RS;Sul;Tombamento;0;0;0;1;0;0;0;0;0;0;0;1;0;0;0
17/01/2017;13:03:00;82;com vitima;21,5;BR-392/RS;Sul;Saida de Pista;1;0;0;0;0;0;0;0;0;0;0;0;1;0;0
18/01/2017;06:16:00;15;sem vitima;6,8;BR-392/RS;Sul;Colisao com Objeto Fixo;0;0;1;0;0;0;0;0;0;0;1;0;0;0;0
18/01/2017;18:50:00;134;com vitima;17,3;BR-392/RS;Sul;Colisao Traseira;1;0;1;0;0;0;0;0;0;0;0;3;1;0;0
19/01/2017;16:16:00;131;com vitima;521,5;BR-116/RS;Norte;Tombamento;0;0;0;1;0;0;0;0;0;0;0;2;0;0;0
19/01/2017;19:50:00;155;com vitima;31,3;BR-392/RS;Sul;Colisao Traseira;1;0;0;1;0;0;0;0;0;0;1;0;0;1;0
21/01/2017;05:33:00;13;com vitima;4;BR-392/RS;Sul;Saida de Pista;1;0;0;0;0;0;0;0;0;0;0;1;0;0;0
23/01/2017;19:56:00;169;com vitima;517,9;BR-116/RS;Sul;Abalr. Transversal;0;1;0;1;0;0;0;0;0;0;2;1;0;0;0
24/01/2017;16:21:00;140;sem vitima;404,1;BR-116/RS;Norte;Saida de Pista;1;0;0;0;0;0;0;0;0;0;5;0;0;0;0
24/01/2017;20:05:00;166;com vitima;25,5;BR-392/RS;Sul;Saida de Pista;0;0;1;0;0;0;0;0;0;0;0;1;0;0;0
24/01/2017;20:07:00;167;sem vitima;452,6;BR-116/RS;Sul;Saida de Pista;1;0;0;0;0;0;0;0;0;0;1;0;0;0;0
26/01/2017;10:24:00;81;com vitima;1,4;BR-392/RS;Norte;Colisao Frontal;0;0;2;0;0;0;0;0;0;0;1;1;0;0;0
26/01/2017;12:08:00;91;sem vitima;515,3;BR-116/RS;Norte;Abalr. Mesmo Sentido;1;0;1;0;0;0;0;0;0;0;4;0;0;0;0
26/01/2017;13:58:00;99;com vitima;20,2;BR-392/RS;Sul;Abalr. Mesmo Sentido;0;0;0;1;1;0;0;0;0;0;1;0;1;0;0
27/01/2017;07:40:00;37;com vitima;530,1;BR-116/RS;Norte;Abalr. Transversal;1;0;0;1;0;0;0;0;0;0;1;1;0;0;0
27/01/2017;12:19:00;123;com vitima;530,6;BR-116/RS;Norte;Abalr. Transversal;2;0;0;0;0;0;0;0;0;0;2;2;2;0;0
30/01/2017;10:22:00;84;com vitima;529,5;BR-116/RS;Sul;Abalr. Mesmo Sentido;1;0;0;1;0;0;0;0;0;0;2;0;1;0;0
01/02/2017;07:24:00;32;com vitima;513,9;BR-116/RS;Norte;Abalr. Transversal;0;1;0;1;0;0;0;0;0;0;1;1;0;0;0
02/02/2017;17:35:00;90;com vitima;523,8;BR-116/RS;Norte;Abalr. Transversal;2;0;1;0;0;0;0;0;0;0;4;1;0;0;0
03/02/2017;19:31:00;144;com vitima;441;BR-116/RS;Sul;Saida de Pista;1;0;0;0;0;0;0;0;0;0;0;1;0;0;0
06/02/2017;21:06:00;158;com vitima;56;BR-392/RS;Sul;Atropelamento de Animal;0;0;0;1;0;0;0;0;0;0;0;0;1;0;0
07/02/2017;18:13:00;100;com vitima;530;BR-116/RS;Sul;Abalr. Transversal;1;0;0;1;0;0;0;0;0;0;2;1;0;0;0
08/02/2017;18:47:00;127;com vitima;520,9;BR-116/RS;Sul;Abalr. Transversal;0;0;1;1;0;0;0;0;0;0;1;2;0;0;0
08/02/2017;23:04:00;155;com vitima;34,2;BR-392/RS;Sul;Tombamento;0;0;1;0;0;0;0;0;0;0;0;1;0;0;0
09/02/2017;01:59:00;15;com vitima;487,6;BR-116/RS;Sul;Saida de Pista;1;0;0;0;0;0;0;0;0;0;0;4;0;0;0
09/02/2017;06:33:00;24;com vitima;555,7;BR-116/RS;Norte;Atropelamento de Animal;0;0;0;1;0;0;0;0;0;0;0;0;1;0;0
10/02/2017;16:48:00;135;com vitima;104,3;BR-392/RS;Norte;Saida de Pista;1;0;0;0;0;0;0;0;0;0;0;1;0;0;0
11/02/2017;08:51:00;36;com vitima;494,2;BR-116/RS;Norte;Colisao Frontal;1;0;6;0;0;0;0;0;0;0;5;0;1;2;4
12/02/2017;03:24:00;23;sem vitima;570,6;BR-116/RS;Sul;Saida de Pista;1;0;0;0;0;0;0;0;0;0;2;0;0;0;0
12/02/2017;04:56:00;25;sem vitima;648,4;BR-116/RS;Norte;Saida de Pista;1;0;0;0;0;0;0;0;0;0;1;0;0;0;0
12/02/2017;11:40:00;74;com vitima;417,9;BR-116/RS;Norte;Saida de Pista;0;0;0;1;0;0;0;0;0;0;0;1;0;0;0
12/02/2017;12:16:00;78;sem vitima;621,2;BR-116/RS;Norte;Saida de Pista;1;0;0;0;0;0;0;0;0;0;2;0;0;0;0
12/02/2017;19:50:00;122;com vitima;90,5;BR-392/RS;Sul;Saida de Pista;0;0;0;1;0;0;0;0;0;0;0;0;1;0;0
13/02/2017;00:00:00;1;com vitima;461;BR-116/RS;Norte;Abalr. Sentido Oposto;1;0;1;0;0;0;0;0;0;0;2;0;1;0;0
13/02/2017;04:37:00;20;com vitima;432,5;BR-116/RS;Norte;Atropelamento de Animal;1;0;0;0;0;0;0;0;0;0;0;2;0;0;0
13/02/2017;08:14:00;39;com vitima;118,5;BR-392/RS;Norte;Tombamento;0;0;0;1;0;0;0;0;0;0;0;1;0;0;0