data;horario;n_da_ocorrencia;tipo_de_ocorrencia;km;trecho;sentido;tipo_de_acidente;automovel;bicicleta;caminhao;moto;onibus;outros;tracao_animal;transporte_de_cargas_especiais;trator_maquinas;utilitarios;ilesos;levemente_feridos;moderadamente_feridos;gravemente_feridos;mortos
14/02/2017;15:32:00;119;sem vitima;53,3;BR-392/RS;Sul;Saida de Pista;1;0;0;0;0;0;0;0;0;0;1;0;0;0;0
15/02/2017;08:14:00;26;com vitima;18;BR-392/RS;Sul;Colisao Traseira;1;0;0;1;0;0;0;0;0;0;1;1;0;0;0
15/02/2017;20:39:00;104;com vitima;67;BR-392/RS;Sul;Abalr. Transversal;0;0;1;1;0;0;0;0;0;0;1;1;0;0;0
16/02/2017;02:05:00;15;com vitima;441,6;BR-116/RS;Sul;Saida de Pista;1;0;0;0;0;0;0;0;0;0;0;3;0;0;0
16/02/2017;07:33:00;27;com vitima;4,9;BR-392/RS;Norte;Abalr. Sentido Oposto;2;0;0;0;0;0;0;0;0;0;1;1;0;0;0
16/02/2017;18:37:00;156;com vitima;15,9;BR-392/RS;Norte;Colisao Traseira;0;0;1;1;0;0;0;0;0;0;1;1;0;0;0
17/02/2017;12:16:00;113;sem vitima;18,9;BR-392/RS;Sul;Tombamento;0;0;1;0;0;0;0;0;0;0;1;0;0;0;0
18/02/2017;06:54:00;27;com vitima;6,9;BR-392/RS;Sul;Colisao com Objeto Fixo;0;0;1;0;0;0;0;0;0;0;0;1;0;0;0
20/02/2017;14:22:00;124;sem vitima;70,9;BR-392/RS;Norte;Abalr. Transversal;2;0;0;0;0;0;0;0;0;0;3;0;0;0;0
20/02/2017;16:17:00;138;com vitima;471,3;BR-116/RS;Sul;Atropelamento de Animal;0;0;0;1;0;0;0;0;0;0;0;2;0;0;0
20/02/2017;17:46:00;153;com vitima;51,9;BR-392/RS;Norte;Saida de Pista;1;0;0;0;0;0;0;0;0;0;0;1;0;0;0
20/02/2017;17:52:00;154;com vitima;150,5;BR-392/RS;Sul;Tombamento;0;0;1;0;0;0;0;0;0;0;0;0;0;0;1
22/02/2017;05:48:00;14;com vitima;11,9;BR-392/RS;Sul;Tombamento;0;0;0;1;0;0;0;0;0;0;0;1;0;0;0
22/02/2017;18:17:00;141;sem vitima;66,9;BR-392/RS;Sul;Abalr. Transversal;3;0;0;0;0;0;0;0;0;0;6;0;0;0;0
24/02/2017;15:04:00;105;com vitima;2,9;BR-392/RS;Sul;Abalr. Transversal;0;1;0;1;0;0;0;0;0;0;1;0;1;0;0
24/02/2017;19:57:00;144;com vitima;516,1;BR-116/RS;Norte;Saida de Pista;1;0;0;0;0;0;0;0;0;0;2;2;0;0;0
25/02/2017;06:09:00;39;com vitima;555,1;BR-116/RS;Sul;Colisao Frontal;2;0;0;0;0;0;0;0;0;0;2;0;2;0;1
27/02/2017;03:11:00;14;sem vitima;409,5;BR-116/RS;Sul;Saida de Pista;1;0;0;0;0;0;0;0;0;0;2;0;0;0;0
27/02/2017;07:17:00;24;sem vitima;11,7;BR-392/RS;Sul;Atropelamento de Animal;1;0;0;0;0;0;0;0;0;0;1;0;0;0;0
27/02/2017;16:40:00;91;com vitima;525,9;BR-116/RS;Sul;Abalr. Transversal;1;0;0;1;0;0;0;0;0;0;2;1;0;0;0
01/03/2017;15:51:00;96;sem vitima;454;BR-116/RS;Norte;Colisao Traseira;1;0;1;0;0;0;0;0;0;0;2;0;0;0;0
03/03/2017;15:42:00;113;com vitima;569,1;BR-116/RS;Norte;Saida de Pista;0;0;1;0;0;0;0;0;0;0;1;1;0;0;0
04/03/2017;08:24:00;44;com vitima;118,6;BR-392/RS;Sul;Tombamento;0;0;1;0;0;0;0;0;0;0;0;1;0;0;0
05/03/2017;11:19:00;76;sem vitima;449,7;BR-116/RS;Norte;Saida de Pista;1;0;0;0;0;0;0;0;0;0;1;0;0;0;0
05/03/2017;20:26:00;131;com vitima;19,5;BR-392/RS;Sul;Colisao Traseira;1;0;0;1;0;0;0;0;0;0;1;0;0;1;0
06/03/2017;08:20:00;36;sem vitima;61;BR-392/RS;Sul;Abalr. Sentido Oposto;0;0;1;1;0;0;0;0;0;0;2;0;0;0;0
06/03/2017;13:51:00;83;com vitima;31,2;BR-392/RS;Sul;Tombamento;0;0;0;1;0;0;0;0;0;0;0;2;0;0;0
07/03/2017;07:03:00;19;sem vitima;1;BR-392/RS;Norte;Saida de Pista;0;0;1;0;0;0;0;0;0;0;1;0;0;0;0
07/03/2017;10:11:00;80;sem vitima;552,2;BR-116/RS;Sul;Saida de Pista;0;0;1;0;0;0;0;0;0;0;1;0;0;0;0
09/03/2017;20:46:00;162;sem vitima;402,3;BR-116/RS;Sul;Saida de Pista;1;0;0;0;0;0;0;0;0;0;1;0;0;0;0
11/03/2017;09:20:00;48;sem vitima;624,5;BR-116/RS;Sul;Atropelamento de Animal;1;0;0;0;0;0;0;0;0;0;1;0;0;0;0
11/03/2017;09:54:00;52;sem vitima;13,1;BR-392/RS;Norte;Saida de Pista;1;0;0;0;0;0;0;0;0;0;1;0;0;0;0
11/03/2017;10:51:00;59;sem vitima;529,8;BR-116/RS;Norte;Abalr. Transversal;2;0;0;0;0;0;0;0;0;0;5;0;0;0;0
11/03/2017;18:07:00;112;com vitima;19,2;BR-392/RS;Norte;Abalr. Transversal;0;0;0;2;0;0;0;0;0;0;1;0;1;0;0
13/03/2017;09:30:00;66;com vitima;17;BR-392/RS;Sul;Saida de Pista;1;0;1;0;0;0;0;0;0;0;1;2;0;0;0
13/03/2017;13:21:00;129;com vitima;21,1;BR-392/RS;Sul;Saida de Pista;1;0;0;0;0;0;0;0;0;0;0;1;0;0;0
14/03/2017;10:27:00;76;com vitima;530,8;BR-116/RS;Sul;Atropelamento;1;1;0;0;0;0;0;0;0;0;1;0;1;0;0
14/03/2017;11:21:00;98;sem vitima;27,3;BR-392/RS;Sul;Saida de Pista;1;0;0;0;0;0;0;0;0;0;4;0;0;0;0
14/03/2017;17:18:00;150;sem vitima;26,5;BR-392/RS;Norte;Colisao Traseira;0;0;3;0;0;0;0;0;0;0;3;0;0;0;0
14/03/2017;21:07:00;171;com vitima;456,1;BR-116/RS;Norte;Saida de Pista;1;0;0;0;0;0;0;0;0;0;1;0;2;0;0
16/03/2017;11:23:00;91;com vitima;122,7;BR-392/RS;Norte;Colisao Frontal;1;0;1;0;0;0;0;0;0;0;1;0;0;1;0
17/03/2017;02:31:00;14;sem vitima;418;BR-116/RS;Sul;Saida de Pista;1;0;0;0;0;0;0;0;0;0;1;0;0;0;0
17/03/2017;10:19:00;93;sem vitima;522,4;BR-116/RS;Sul;Colisao com Objeto Fixo;0;0;1;0;0;0;0;0;0;0;1;0;0;0;0
19/03/2017;19:16:00;95;com vitima;19;BR-392/RS;Sul;Abalr. Transversal;0;1;0;1;0;0;0;0;0;0;0;1;0;1;1
21/03/2017;08:01:00;50;com vitima;66,4;BR-392/RS;Norte;Abalr. Transversal;0;0;1;1;0;0;0;0;0;0;1;1;0;0;0
21/03/2017;09:26:00;59;sem vitima;66,9;BR-392/RS;Sul;Abalr. Transversal;2;0;0;0;0;0;0;0;0;0;2;0;0;0;0
21/03/2017;10:00:00;67;com vitima;26;BR-392/RS;Norte;Colisao com Objeto Fixo;1;0;0;0;0;0;0;0;0;0;0;0;1;0;0
21/03/2017;17:53:00;156;com vitima;516,6;BR-116/RS;Norte;Abalr. Transversal;1;0;0;1;0;0;0;0;0;0;1;0;1;0;0
22/03/2017;00:29:00;2;sem vitima;27,5;BR-392/RS;Sul;Colisao Traseira;0;0;2;0;0;0;0;0;0;0;2;0;0;0;0
22/03/2017;19:42:00;131;com vitima;491;BR-116/RS;Norte;Abalr. Transversal;1;1;0;0;0;0;0;0;0;0;1;0;1;0;0
24/03/2017;00:06:00;1;com vitima;1,2;BR-392/RS;Sul;Abalr. Transversal;1;0;0;1;0;0;0;0;0;0;1;1;0;0;0
24/03/2017;10:45:00;68;com vitima;120,7;BR-392/RS;Norte;Saida de Pista;0;0;1;0;0;0;0;0;0;0;0;0;1;0;0
24/03/2017;19:27:00;140;com vitima;123,3;BR-392/RS;Sul;Abalr. Transversal;1;0;0;1;0;0;0;0;0;0;2;3;2;0;0
24/03/2017;22:25:00;156;sem vitima;21,1;BR-392/RS;Norte;Outros tipos de acidente;1;0;1;0;0;0;0;0;0;0;2;0;0;0;0
25/03/2017;08:30:00;41;sem vitima;1;BR-392/RS;Norte;Abalr. Mesmo Sentido;2;0;0;0;0;0;0;0;0;0;4;0;0;0;0
25/03/2017;13:00:00;76;com vitima;184,9;BR-392/RS;Norte;Saida de Pista;0;0;1;0;0;0;0;0;0;0;0;0;1;0;0
26/03/2017;01:31:00;12;com vitima;84,1;BR-392/RS;Sul;Saida de Pista;1;0;0;0;0;0;0;0;0;0;0;1;1;0;0
27/03/2017;17:51:00;112;com vitima;52,3;BR-392/RS;Sul;Abalr. Transversal;0;0;1;1;0;0;0;0;0;0;1;1;0;0;0
28/03/2017;11:39:00;77;sem vitima;530,2;BR-116/RS;Sul;Abalr. Transversal;1;0;1;0;0;0;0;0;0;0;5;0;0;0;0
28/03/2017;18:32:00;115;sem vitima;519,4;BR-116/RS;Sul;Saida de Pista;1;0;0;0;0;0;0;0;0;0;2;0;0;0;0
28/03/2017;19:46:00;122;sem vitima;526,3;BR-116/RS;Sul;Abalr. Transversal;1;0;1;0;0;0;0;0;0;0;3;0;0;0;0
29/03/2017;15:40:00;140;com vitima;520,8;BR-116/RS;Norte;Abalr. Transversal;2;0;0;0;0;0;0;0;0;0;3;0;1;0;0
30/03/2017;09:00:00;47;com vitima;17,9;BR-392/RS;Sul;Atropelamento de Animal;0;0;0;1;0;0;0;0;0;0;0;0;1;0;0
30/03/2017;18:18:00;148;sem vitima;59,6;BR-392/RS;Norte;Colisao Traseira;0;0;2;0;0;0;0;0;0;0;2;0;0;0;0
01/04/2017;08:56:00;55;com vitima;400,8;BR-116/RS;Norte;Tombamento;0;0;0;1;0;0;0;0;0;0;1;0;1;0;0
01/04/2017;22:28:00;145;com vitima;522,4;BR-116/RS;Norte;Tombamento;0;0;0;1;0;0;0;0;0;0;0;1;0;0;0
02/04/2017;17:49:00;132;com vitima;193,7;BR-392/RS;Norte;Colisao Frontal;2;0;0;0;0;0;0;0;0;0;4;0;1;2;1
03/04/2017;07:32:00;27;com vitima;66,9;BR-392/RS;Sul;Abalr. Transversal;1;0;0;1;0;0;0;0;0;0;1;0;1;0;0
04/04/2017;12:08:00;113;com vitima;25;BR-392/RS;Norte;Outros tipos de acidente;0;1;1;0;0;0;0;0;0;0;1;0;1;0;0
04/04/2017;23:46:00;188;sem vitima;25,4;BR-392/RS;Sul;Tombamento;0;0;1;0;0;0;0;0;0;0;1;0;0;0;0
06/04/2017;08:49:00;50;sem vitima;37,3;BR-392/RS;Norte;Abalr. Transversal;1;0;1;0;0;0;0;0;0;0;2;0;0;0;0
06/04/2017;09:54:00;59;com vitima;74,4;BR-392/RS;Sul;Abalr. Transversal;1;0;0;1;0;0;0;0;0;0;1;1;1;0;0
06/04/2017;16:56:00;110;com vitima;488,6;BR-116/RS;Sul;Abalr. Transversal;1;0;1;0;0;0;0;0;0;0;2;0;1;0;0
07/04/2017;18:35:00;163;sem vitima;42,5;BR-392/RS;Sul;Saida de Pista;0;0;1;0;0;0;0;0;0;0;1;0;0;0;0
07/04/2017;19:36:00;172;com vitima;4,8;BR-392/RS;Sul;Abalr. Transversal;1;0;0;1;0;0;0;0;0;0;1;1;0;0;0
09/04/2017;15:52:00;126;sem vitima;406;BR-116/RS;Norte;Saida de Pista;1;0;0;0;0;0;0;0;0;0;4;0;0;0;0
09/04/2017;16:08:00;127;sem vitima;2,3;BR-392/RS;Norte;Saida de Pista;1;0;0;0;0;0;0;0;0;0;1;0;0;0;0
09/04/2017;18:03:00;140;com vitima;46,6;BR-392/RS;Norte;Tombamento;0;0;0;1;0;0;0;0;0;0;0;0;0;1;0
10/04/2017;06:45:00;27;sem vitima;10,1;BR-392/RS;Sul;Abalr. Mesmo Sentido;1;0;1;0;0;0;0;0;0;0;2;0;0;0;0
10/04/2017;06:50:00;28;sem vitima;41,7;BR-392/RS;Norte;Colisao com Objeto Fixo;0;0;1;0;0;0;0;0;0;0;1;0;0;0;0
10/04/2017;11:30:00;59;com vitima;21,6;BR-392/RS;Norte;Colisao Frontal;1;0;1;0;0;0;0;0;0;0;1;0;0;2;0
10/04/2017;17:24:00;94;com vitima;624,7;BR-116/RS;Norte;Saida de Pista;1;0;0;0;0;0;0;0;0;0;0;1;1;0;0
10/04/2017;22:39:00;159;com vitima;199;BR-392/RS;Sul;Colisao Frontal;1;0;1;0;0;0;0;0;0;0;3;2;0;0;0
11/04/2017;18:48:00;169;com vitima;537,4;BR-116/RS;Norte;Abalr. Transversal;0;0;0;2;0;0;0;0;0;0;1;0;1;0;0
11/04/2017;19:19:00;174;com vitima;407;BR-116/RS;Norte;Abalr. Mesmo Sentido;0;0;2;0;0;0;0;0;0;0;1;0;1;0;0
12/04/2017;10:51:00;57;com vitima;572,9;BR-116/RS;Sul;Colisao Traseira;0;0;0;2;0;0;0;0;0;0;0;1;0;1;0
12/04/2017;21:27:00;145;sem vitima;407,9;BR-116/RS;Sul;Abalr. Sentido Oposto;1;0;1;0;0;0;0;0;0;0;2;0;0;0;0
13/04/2017;05:05:00;17;com vitima;82,8;BR-392/RS;Norte;Atropelamento;0;0;1;0;0;0;0;0;0;0;0;1;0;0;0
13/04/2017;05:55:00;18;com vitima;470,1;BR-116/RS;Norte;Colisao Frontal;1;0;1;0;0;0;0;0;0;0;2;0;1;0;0
13/04/2017;16:34:00;135;sem vitima;78,5;BR-392/RS;Norte;Colisao Traseira;2;0;0;0;0;0;0;0;0;0;3;0;0;0;0
15/04/2017;14:44:00;100;sem vitima;72,3;BR-392/RS;Sul;Colisao Traseira;2;0;0;0;0;0;0;0;0;0;5;0;0;0;0
16/04/2017;18:05:00;98;com vitima;449,7;BR-116/RS;Norte;Abalr. Mesmo Sentido;1;0;0;1;0;0;0;0;0;0;4;0;1;1;0
17/04/2017;12:58:00;71;sem vitima;74,3;BR-392/RS;Sul;Colisao Traseira;2;0;0;0;0;0;0;0;0;0;4;0;0;0;0
17/04/2017;18:37:00;95;sem vitima;498,2;BR-116/RS;Sul;Colisao Traseira;0;0;2;0;0;0;0;0;0;0;2;0;0;0;0
18/04/2017;05:49:00;15;com vitima;150;BR-392/RS;Norte;Tombamento;0;0;1;0;0;0;0;0;0;0;0;1;0;0;0
19/04/2017;03:28:00;13;sem vitima;425,1;BR-116/RS;Norte;Atropelamento de Animal;0;0;1;0;0;0;0;0;0;0;3;0;0;0;0
19/04/2017;21:40:00;168;com vitima;78;BR-392/RS;Norte;Tombamento;0;0;1;0;0;0;;0;0;0;0;1;0;0;0
20/04/2017;11:26:00;61;sem vitima;48,9;BR-392/RS;Norte;Saida de Pista;0;0;1;0;0;0;0;0;0;0;1;0;0;0;0
21/04/2017;11:25:00;48;com vitima;567,9;BR-116/RS;Sul;Saida de Pista;1;0;0;0;0;0;0;0;0;0;0;0;1;1;0
21/04/2017;12:56:00;56;sem vitima;36,4;BR-392/RS;Sul;Saida de Pista;1;0;0;0;0;0;0;0;0;0;1;0;0;0;0
21/04/2017;18:34:00;99;com vitima;426,9;BR-116/RS;Norte;Abalr. Transversal;1;0;0;1;0;0;0;0;0;0;1;0;0;1;0
23/04/2017;04:37:00;20;sem vitima;544,5;BR-116/RS;Sul;Atropelamento de Animal;1;0;0;0;0;0;0;0;0;0;1;0;0;0;0
23/04/2017;14:22:00;116;com vitima;145,3;BR-392/RS;Sul;Saida de Pista;1;0;0;0;0;0;0;0;0;0;0;1;0;0;0
24/04/2017;06:13:00;17;com vitima;6,8;BR-392/RS;Sul;Colisao com Objeto Fixo;0;0;1;0;0;0;0;0;0;0;0;0;1;0;0
24/04/2017;17:19:00;125;com vitima;456;BR-116/RS;Norte;Tombamento;0;0;0;1;0;0;0;0;0;0;0;1;0;0;0
25/04/2017;00:48:00;8;com vitima;6,9;BR-392/RS;Sul;Colisao com Objeto Fixo;0;0;1;0;0;0;0;0;0;0;0;1;0;0;0
25/04/2017;20:54:00;161;com vitima;530,4;BR-116/RS;Norte;Saida de Pista;0;0;1;0;0;0;0;0;0;0;0;1;0;0;0
26/04/2017;00:55:00;11;sem vitima;617,9;BR-116/RS;Sul;Outros tipos de acidente;0;0;1;0;0;0;0;0;0;0;1;0;0;0;0
26/04/2017;07:44:00;37;com vitima;520,9;BR-116/RS;Norte;Abalr. Transversal;1;0;0;1;0;0;0;0;0;0;1;1;0;0;0
26/04/2017;14:17:00;126;com vitima;620,7;BR-116/RS;Norte;Saida de Pista;0;0;1;0;0;0;0;0;0;0;0;0;1;1;1
26/04/2017;17:35:00;147;com vitima;605;BR-116/RS;Norte;Abalr. Transversal;1;0;1;0;0;0;0;0;0;0;2;0;1;0;0
29/04/2017;16:40:00;104;com vitima;116,4;BR-392/RS;Norte;Saida de Pista;0;0;0;1;0;0;0;0;0;0;0;0;1;0;0
29/04/2017;18:33:00;117;com vitima;480;BR-116/RS;Sul;Colisao Frontal;1;0;0;1;0;0;0;0;0;0;2;0;0;1;0
29/04/2017;18:45:00;118;com vitima;480;BR-116/RS;Sul;Colisao Traseira;2;0;0;0;0;0;0;0;0;0;4;1;0;0;0
01/05/2017;06:55:00;26;com vitima;0,1;BR-392/RS;Sul;Saida de Pista;1;0;0;0;0;0;0;0;0;0;0;0;1;0;0
01/05/2017;23:00:00;130;com vitima;61,5;BR-392/RS;Norte;Tombamento;0;0;0;1;0;0;0;0;0;0;0;0;0;1;0
02/05/2017;16:28:00;116;com vitima;94,8;BR-392/RS;Sul;Abalr. Transversal;2;0;0;0;0;0;0;0;0;0;2;1;0;0;0
03/05/2017;14:23:00;114;com vitima;152;BR-392/RS;Norte;Saida de Pista;0;0;2;0;0;0;0;0;0;0;1;1;0;0;0
03/05/2017;20:37:00;135;com vitima;530;BR-116/RS;Norte;Atropelamento de Animal;0;0;0;1;0;0;0;0;0;0;0;1;0;0;0
03/05/2017;23:24:00;141;sem vitima;71,8;BR-392/RS;Sul;Saida de Pista;0;0;1;0;0;0;0;0;0;0;2;0;0;0;0
04/05/2017;22:39:00;170;com vitima;523,5;BR-116/RS;Norte;Tombamento;0;0;1;0;0;0;0;0;0;0;0;0;0;1;0
05/05/2017;21:03:00;201;com vitima;193,9;BR-392/RS;Norte;Colisao Frontal;0;0;2;0;0;0;0;0;0;0;0;0;1;0;1
06/05/2017;19:41:00;112;com vitima;4,8;BR-392/RS;Sul;Saida de Pista;1;0;0;0;0;0;0;0;0;0;0;0;1;0;0
07/05/2017;01:59:00;12;com vitima;105,4;BR-392/RS;Sul;Saida de Pista;0;0;1;0;0;0;0;0;0;0;0;0;0;1;0
07/05/2017;07:47:00;26;com vitima;118,6;BR-392/RS;Norte;Tombamento;0;0;0;1;0;0;0;0;0;0;0;0;1;0;0
07/05/2017;17:55:00;82;com vitima;403,7;BR-116/RS;Norte;Saida de Pista;1;0;0;0;0;0;0;0;0;0;0;1;1;0;0
08/05/2017;10:24:00;94;com vitima;9,6;BR-392/RS;Sul;Colisao Traseira;2;0;1;0;0;0;0;0;0;0;2;0;1;0;0
10/05/2017;16:59:00;142;com vitima;523,8;BR-116/RS;Norte;Colisao Traseira;2;0;0;1;0;0;0;0;0;0;3;0;1;0;0
11/05/2017;07:07:00;23;com vitima;23,5;BR-392/RS;Sul;Abalr. Transversal;1;0;0;1;0;0;0;0;0;0;3;0;0;2;0
13/05/2017;16:06:00;132;com vitima;6,4;BR-392/RS;Sul;Abalr. Transversal;2;0;0;0;0;0;0;0;0;0;0;2;0;0;0
14/05/2017;09:38:00;42;sem vitima;12,6;BR-392/RS;Norte;Saida de Pista;2;0;0;0;0;0;0;0;0;0;2;0;0;0;0
14/05/2017;10:07:00;46;sem vitima;42;BR-392/RS;Sul;Saida de Pista;0;0;1;0;0;0;0;0;0;0;1;0;0;0;0
14/05/2017;13:39:00;89;com vitima;76,4;BR-392/RS;Norte;Abalr. Transversal;1;0;0;1;0;0;0;0;0;0;2;2;0;0;0
14/05/2017;18:38:00;120;com vitima;636;BR-116/RS;Sul;Colisao Traseira;1;0;0;0;0;0;1;0;0;0;2;0;1;1;0
15/05/2017;19:55:00;163;sem vitima;66,9;BR-392/RS;Sul;Abalr. Transversal;2;0;0;0;0;0;0;0;0;0;4;0;0;0;0
16/05/2017;14:51:00;136;sem vitima;120,8;BR-392/RS;Norte;Abalr. Transversal;1;0;1;0;0;0;0;0;0;0;4;0;0;0;0
17/05/2017;20:34:00;155;com vitima;26,6;BR-392/RS;Norte;Abalr. Transversal;0;1;0;1;0;0;0;0;0;0;0;0;1;1;0
19/05/2017;22:59:00;141;sem vitima;99,6;BR-392/RS;Norte;Colisao com Objeto Fixo;1;0;0;0;0;0;0;0;0;0;5;0;0;0;0
20/05/2017;01:09:00;10;sem vitima;108,6;BR-392/RS;Norte;Saida de Pista;1;0;0;0;0;0;0;0;0;0;3;0;0;0;0
20/05/2017;06:04:00;18;sem vitima;526,5;BR-116/RS;Sul;Saida de Pista;1;0;0;0;0;0;0;0;0;0;1;0;0;0;0
20/05/2017;16:43:00;103;com vitima;22,8;BR-392/RS;Norte;Atropelamento;0;0;1;0;0;0;0;0;0;0;1;0;0;0;1
20/05/2017;17:17:00;106;sem vitima;555,8;BR-116/RS;Norte;Saida de Pista;1;0;0;0;0;0;0;0;0;0;2;0;0;0;0
20/05/2017;21:24:00;130;sem vitima;452,9;BR-116/RS;Norte;Saida de Pista;1;0;0;0;0;0;0;0;0;0;1;0;0;0;0
20/05/2017;21:34:00;141;com vitima;510,7;BR-116/RS;Norte;Tombamento;0;0;0;1;0;0;0;0;0;0;0;1;0;0;0
21/05/2017;19:22:00;127;com vitima;563,4;BR-116/RS;Sul;Abalr. Transversal;2;0;1;0;0;0;0;0;0;0;4;1;1;0;1
23/05/2017;13:33:00;104;sem vitima;17,9;BR-392/RS;Sul;Abalr. Mesmo Sentido;1;0;1;0;0;0;0;0;0;0;3;0;0;0;0
23/05/2017;23:28:00;161;com vitima;83,1;BR-392/RS;Sul;Outros tipos de acidente;0;0;0;1;0;0;0;0;0;0;0;0;2;0;0
25/05/2017;10:26:00;77;sem vitima;624,9;BR-116/RS;Norte;Saida de Pista;1;0;0;0;0;0;0;0;0;0;2;0;0;0;0
26/05/2017;15:54:00;106;com vitima;461,3;BR-116/RS;Sul;Saida de Pista;1;0;0;0;0;0;0;0;0;0;0;1;0;0;0
26/05/2017;23:16:00;149;sem vitima;196,3;BR-392/RS;Norte;Abalr. Sentido Oposto;1;0;1;0;0;0;0;0;0;0;2;0;0;0;0
27/05/2017;19:33:00;95;sem vitima;419,9;BR-116/RS;Sul;Saida de Pista;1;0;0;0;0;0;0;0;0;0;2;0;0;0;0
27/05/2017;20:19:00;99;com vitima;523;BR-116/RS;Norte;Colisao Traseira;1;0;1;0;0;0;0;0;0;0;2;1;0;0;0
28/05/2017;12:10:00;87;sem vitima;521;BR-116/RS;Sul;Abalr. Transversal;2;0;0;0;0;0;0;0;0;0;6;0;0;0;0
29/05/2017;15:57:00;142;sem vitima;66,9;BR-392/RS;Sul;Abalr. Transversal;2;0;0;0;0;0;0;0;0;0;4;0;0;0;0
29/05/2017;18:26:00;159;sem vitima;557,5;BR-116/RS;Norte;Saida de Pista;1;0;0;0;0;0;0;0;0;0;1;0;0;0;0
30/05/2017;18:06:00;118;com vitima;52,2;BR-392/RS;Norte;Colisao Traseira;0;0;2;0;0;0;0;0;0;0;1;0;1;0;0
30/05/2017;18:27:00;119;com vitima;526,6;BR-116/RS;Norte;Colisao Traseira;0;1;0;1;0;0;0;0;0;0;0;0;1;1;0
02/06/2017;14:41:00;125;com vitima;33,4;BR-392/RS;Norte;Colisao Traseira;2;0;0;0;0;0;0;0;0;0;2;4;0;0;0
02/06/2017;21:03:00;154;com vitima;54,2;BR-392/RS;Norte;Saida de Pista;1;0;0;0;0;0;0;0;0;0;0;1;0;0;0
05/06/2017;13:04:00;106;com vitima;73,6;BR-392/RS;Sul;Colisao Traseira;2;0;2;0;0;0;0;0;0;0;6;1;0;0;0
05/06/2017;16:10:00;125;com vitima;62;BR-392/RS;Norte;Abalr. Transversal;0;0;1;1;0;0;0;0;0;0;1;0;0;1;0
06/06/2017;09:45:00;52;com vitima;66,9;BR-392/RS;Sul;Abalr. Transversal;1;0;1;0;0;0;0;0;0;0;1;1;0;1;0
06/06/2017;20:37:00;157;com vitima;7,3;BR-392/RS;Norte;Colisao Frontal;1;0;1;0;0;0;0;0;0;0;0;1;0;0;1
07/06/2017;17:38:00;150;com vitima;510,8;BR-116/RS;Sul;Abalr. Transversal;2;0;0;0;0;0;0;0;0;0;3;1;0;0;0
07/06/2017;18:22:00;156;com vitima;72,7;BR-392/RS;Sul;Colisao Traseira;2;0;0;0;0;0;0;0;0;0;2;3;1;0;0
08/06/2017;12:09:00;110;sem vitima;60;BR-392/RS;Sul;Colisao Traseira;0;0;2;0;0;0;0;0;0;0;2;0;0;0;0
08/06/2017;12:52:00;114;sem vitima;59;BR-392/RS;Norte;Colisao Traseira;0;0;2;0;0;0;0;0;0;0;2;0;0;0;0
08/06/2017;13:17:00;115;sem vitima;57,9;BR-392/RS;Norte;Colisao Traseira;1;0;2;0;0;0;0;0;0;0;3;0;0;0;0
10/06/2017;19:08:00;151;com vitima;656,8;BR-116/RS;Sul;Colisao Traseira;1;0;0;1;0;0;0;0;0;0;1;0;0;1;0
11/06/2017;18:25:00;141;com vitima;53,6;BR-392/RS;Norte;Colisao Traseira;2;0;0;0;0;0;1;0;0;0;5;0;0;0;2
11/06/2017;18:46:00;143;sem vitima;622,5;BR-116/RS;Norte;Atropelamento de Animal;1;0;0;0;0;0;0;0;0;0;3;0;0;0;0
11/06/2017;23:24:00;163;sem vitima;570,5;BR-116/RS;Norte;Atropelamento de Animal;1;0;0;0;0;0;0;0;0;0;3;0;0;0;0
12/06/2017;07:02:00;35;com vitima;517;BR-116/RS;Norte;Abalr. Transversal;1;0;0;1;0;0;0;0;0;0;1;1;0;0;0
12/06/2017;20:16:00;167;com vitima;528,5;BR-116/RS;Sul;Atropelamento;1;1;0;0;0;0;0;0;0;0;1;0;1;0;0
13/06/2017;04:48:00;18;com vitima;4,9;BR-392/RS;Norte;Colisao Frontal;0;0;2;0;0;0;0;0;0;0;0;1;1;0;0
13/06/2017;19:35:00;158;com vitima;566,7;BR-116/RS;Norte;Atropelamento de Animal;1;0;0;0;0;0;0;0;0;0;3;0;1;0;0
14/06/2017;11:39:00;123;sem vitima;510;BR-116/RS;Norte;Colisao com Objeto Fixo;0;0;1;0;0;0;0;0;0;0;2;0;0;0;0
15/06/2017;01:46:00;11;sem vitima;1,7;BR-392/RS;Sul;Abalr. Sentido Oposto;0;0;1;0;1;0;0;0;0;0;2;0;0;0;0
15/06/2017;10:37:00;55;com vitima;77;BR-392/RS;Sul;Colisao Frontal;1;0;1;0;0;0;0;0;0;0;0;3;1;0;0
15/06/2017;13:40:00;74;com vitima;520,4;BR-116/RS;Sul;Colisao Traseira;1;0;0;1;0;0;0;0;0;0;1;0;1;0;0
15/06/2017;20:02:00;117;com vitima;5,3;BR-392/RS;Norte;Saida de Pista;1;0;0;0;0;0;0;0;0;0;0;1;0;0;0
16/06/2017;12:31:00;80;com vitima;72,5;BR-392/RS;Norte;Abalr. Transversal;1;0;0;1;0;0;0;0;0;0;2;0;1;0;0
16/06/2017;14:34:00;94;com vitima;529,5;BR-116/RS;Norte;Abalr. Mesmo Sentido;0;0;1;1;0;0;0;0;0;0;1;0;0;0;1