data;horario;n_da_ocorrencia;tipo_de_ocorrencia;km;trecho;sentido;tipo_de_acidente;automovel;bicicleta;caminhao;moto;onibus;outros;tracao_animal;transporte_de_cargas_especiais;trator_maquinas;utilitarios;ilesos;levemente_feridos;moderadamente_feridos;gravemente_feridos;mortos
21/11/2018;09:07:00;46;com vitima;529,2;BR-116/RS;Sul;Abalr. Transversal;1;0;0;1;0;0;0;0;0;0;1;0;1;0;0
21/11/2018;13:32:00;82;com vitima;526,7;BR-116/RS;Norte;Colisao Traseira;1;0;0;1;0;0;0;0;0;0;3;0;1;0;0
22/11/2018;17:34:00;108;com vitima;17,3;BR-392/RS;Sul;Colisao Traseira;1;0;0;1;0;0;0;0;0;0;1;0;1;0;0
22/11/2018;19:07:00;117;com vitima;526;BR-116/RS;Sul;Abalr. Transversal;1;0;0;1;0;0;0;0;0;0;2;0;1;0;0
23/11/2018;12:55:00;83;com vitima;526;BR-116/RS;Sul;Colisao Traseira;1;0;0;1;0;0;0;0;0;0;1;1;0;0;0
23/11/2018;14:10:00;110;com vitima;410,1;BR-116/RS;Sul;Abalr. Sentido Oposto;0;0;0;0;0;0;0;0;0;2;3;1;0;0;0
24/11/2018;05:57:00;20;com vitima;522;BR-116/RS;Sul;Abalr. Transversal;0;1;1;0;0;0;0;0;0;0;1;1;0;0;0
24/11/2018;17:39:00;80;com vitima;514,6;BR-116/RS;Norte;Colisao Traseira;1;0;0;1;0;0;0;0;0;0;1;1;0;0;0
28/11/2018;12:57:00;94;com vitima;563,5;BR-116/RS;Sul;Abalr. Transversal;2;0;1;0;0;0;0;0;0;0;0;4;2;0;0
30/11/2018;17:52:00;117;com vitima;483,4;BR-116/RS;Norte;Colisao Traseira;2;0;0;0;0;0;0;0;0;0;2;1;0;0;0
01/12/2018;02:09:00;8;com vitima;3;BR-392/RS;Norte;Atropelamento;1;1;0;0;0;0;0;0;0;0;1;0;0;0;1
01/12/2018;16:22:00;80;com vitima;49,9;BR-392/RS;Norte;Saida de Pista;0;0;0;1;0;0;0;0;0;0;0;1;1;0;0
03/12/2018;10:19:00;51;com vitima;416,5;BR-116/RS;Norte;Abalr. Sentido Oposto;2;0;1;0;0;0;0;0;0;0;2;1;2;0;0
04/12/2018;17:38:00;92;com vitima;525,2;BR-116/RS;Norte;Saida de Pista;1;0;0;0;0;0;0;0;0;0;0;0;1;0;0
05/12/2018;01:48:00;4;com vitima;7,5;BR-392/RS;Norte;Abalr. Transversal;1;0;1;0;0;0;0;0;0;0;1;1;0;0;0
06/12/2018;22:04:00;114;com vitima;4,1;BR-392/RS;Sul;Colisao Traseira;1;0;0;1;0;0;0;0;0;0;0;1;1;0;0
08/12/2018;10:16:00;44;com vitima;522,1;BR-116/RS;Sul;Colisao com Objeto Fixo;1;0;0;0;0;0;0;0;0;0;0;0;1;0;0
08/12/2018;10:47:00;45;com vitima;1,4;BR-392/RS;Sul;Outros tipos de acidente;0;1;0;1;0;0;0;0;0;0;1;0;1;0;0
08/12/2018;18:11:00;82;com vitima;27,2;BR-392/RS;Norte;Saida de Pista;1;0;0;0;0;0;0;0;0;0;0;0;4;0;0
09/12/2018;16:24:00;73;sem vitima;400,5;BR-116/RS;Sul;Tombamento;0;0;1;0;0;0;0;0;0;0;1;0;0;0;0
09/12/2018;21:45:00;112;com vitima;26;BR-392/RS;Norte;Colisao com Objeto Fixo;1;0;0;0;0;0;0;0;0;0;0;1;0;0;0
12/12/2018;00:08:00;2;com vitima;37;BR-392/RS;Sul;Colisao com Objeto Fixo;0;0;0;1;0;0;0;0;0;0;0;0;1;0;0
12/12/2018;16:29:00;91;com vitima;603,7;BR-116/RS;Norte;Atropelamento de Animal;0;0;0;1;0;0;0;0;0;0;0;1;0;0;0
12/12/2018;20:04:00;114;com vitima;22,5;BR-392/RS;Norte;Abalr. Mesmo Sentido;1;0;1;0;0;0;0;0;0;0;2;0;2;0;0
16/12/2018;08:36:00;29;com vitima;52,2;BR-392/RS;Sul;Colisao com Objeto Fixo;1;0;0;0;0;0;0;0;0;0;0;1;0;0;0
16/12/2018;20:28:00;111;com vitima;650,1;BR-116/RS;Sul;Capotamento;1;0;0;0;1;0;0;0;0;0;1;0;0;0;1
16/12/2018;22:52:00;132;com vitima;525,9;BR-116/RS;Norte;Tombamento;0;0;0;1;0;0;0;0;0;0;0;1;0;0;0
17/12/2018;05:06:00;22;com vitima;41,7;BR-392/RS;Norte;Colisao com Objeto Fixo;1;0;0;0;0;0;0;0;0;0;0;1;0;0;0
17/12/2018;15:56:00;110;sem vitima;89;BR-392/RS;Sul;Colisao Traseira;2;0;1;0;0;0;0;0;0;0;5;0;0;0;0
17/12/2018;17:37:00;120;com vitima;416;BR-116/RS;Sul;Atropelamento;0;0;1;0;0;0;0;0;0;0;1;0;0;1;0
19/12/2018;12:19:00;75;com vitima;464,8;BR-116/RS;Norte;Abalr. Transversal;1;0;1;0;0;0;0;0;0;0;1;1;3;1;0
20/12/2018;08:30:00;32;com vitima;434,7;BR-116/RS;Norte;Colisao Frontal;0;0;2;0;0;0;0;0;0;0;0;0;0;1;1
22/12/2018;08:21:00;36;com vitima;553,9;BR-116/RS;Norte;Saida de Pista;1;0;0;0;0;0;0;0;0;0;0;0;1;2;0
23/12/2018;04:18:00;15;com vitima;526,5;BR-116/RS;Sul;Tombamento;0;0;0;1;0;0;0;0;0;0;0;1;0;0;0
23/12/2018;12:35:00;73;com vitima;119,8;BR-392/RS;Sul;Colisao com Objeto Fixo;0;0;0;1;0;0;0;0;0;0;0;1;0;0;0
26/12/2018;14:38:00;56;com vitima;587,2;BR-116/RS;Sul;Saida de Pista;0;0;0;1;0;0;0;0;0;0;0;1;0;0;0
28/12/2018;08:00:00;19;com vitima;521;BR-116/RS;Sul;Abalr. Transversal;1;0;0;1;0;0;0;0;0;0;1;1;0;0;0
28/12/2018;17:10:00;73;sem vitima;17,5;BR-392/RS;Sul;Tombamento;0;0;1;0;0;0;0;0;0;0;1;0;0;0;0
30/12/2018;05:24:00;19;com vitima;50,9;BR-392/RS;Norte;Colisao com Objeto Fixo;1;0;0;0;0;0;0;0;0;0;0;0;0;0;2
03/01/2019;19:08:00;117;com vitima;455,2;BR-116/RS;Norte;Abalr. Sentido Oposto;1;0;2;0;0;0;0;0;0;0;2;0;1;0;0
04/01/2019;21:16:00;126;com vitima;479,8;BR-116/RS;Sul;Abalr. Transversal;1;0;0;1;0;0;0;0;0;0;2;2;0;0;0
07/01/2019;01:53:00;18;com vitima;16,7;BR-392/RS;Sul;Saida de Pista;1;0;0;0;0;0;0;0;0;0;0;2;0;0;0
07/01/2019;14:29:00;96;com vitima;458,9;BR-116/RS;Norte;Colisao Traseira;2;0;0;0;0;0;0;0;0;0;4;1;0;0;0
08/01/2019;07:20:00;28;com vitima;530,1;BR-116/RS;Norte;Abalr. Transversal;1;0;0;1;0;0;0;0;0;0;2;1;0;0;0
09/01/2019;08:04:00;22;sem vitima;7,1;BR-392/RS;Norte;Colisao Frontal;1;0;1;0;0;0;0;0;0;0;2;0;0;0;0
16/01/2019;14:19:00;111;com vitima;524;BR-116/RS;Norte;Tombamento;0;0;0;1;0;0;0;0;0;0;0;1;0;0;0
17/01/2019;15:18:00;81;sem vitima;53,6;BR-392/RS;Sul;Saida de Pista;0;0;1;0;0;0;0;0;0;0;1;0;0;0;0
17/01/2019;21:37:00;111;com vitima;94;BR-392/RS;Norte;Saida de Pista;0;0;1;0;0;0;0;0;0;0;0;1;0;0;0
18/01/2019;18:40:00;130;com vitima;495,5;BR-116/RS;Sul;Saida de Pista;0;0;0;0;0;1;0;0;0;0;4;2;0;0;0
21/01/2019;03:34:00;15;com vitima;118,4;BR-392/RS;Norte;Saida de Pista;0;0;0;1;0;0;0;0;0;0;1;0;1;0;0
21/01/2019;21:29:00;126;sem vitima;63,5;BR-392/RS;Norte;Saida de Pista;0;0;1;1;0;0;0;0;0;0;2;0;0;0;0
24/01/2019;14:38:00;90;sem vitima;8,9;BR-392/RS;Sul;Abalr. Transversal;0;0;1;0;0;1;0;0;0;0;2;0;0;0;0
24/01/2019;17:03:00;104;com vitima;121,6;BR-392/RS;Sul;Saida de Pista;0;0;1;0;0;0;0;0;0;0;0;0;1;0;0
26/01/2019;04:30:00;16;com vitima;455,3;BR-116/RS;Norte;Atropelamento;0;0;1;0;0;0;0;0;0;0;1;0;0;0;1
28/01/2019;11:54:00;74;com vitima;652;BR-116/RS;Norte;Abalr. Sentido Oposto;2;0;0;0;0;1;0;0;0;0;1;0;1;0;0
02/02/2019;05:51:00;21;sem vitima;22,4;BR-392/RS;Sul;Colisao Traseira;2;0;0;0;0;1;0;0;0;0;3;0;0;0;0
03/02/2019;14:20:00;73;com vitima;11;BR-392/RS;Norte;Colisao Traseira;1;1;0;0;0;0;0;0;0;0;1;0;1;0;0
05/02/2019;12:41:00;82;sem vitima;54,2;BR-392/RS;Norte;Saida de Pista;0;0;1;0;0;0;0;0;0;0;2;0;0;0;0
05/02/2019;17:35:00;103;com vitima;524;BR-116/RS;Norte;Colisao Traseira;1;0;0;1;0;0;0;0;0;0;2;0;1;0;0
06/02/2019;14:28:00;80;com vitima;553,4;BR-116/RS;Sul;Atropelamento;0;0;1;0;0;0;0;0;0;0;1;0;0;1;0
08/02/2019;18:36:00;154;com vitima;7,9;BR-392/RS;Norte;Colisao Traseira;3;0;0;0;0;0;0;0;0;0;2;3;0;0;0
10/02/2019;09:08:00;32;com vitima;512,6;BR-116/RS;Norte;Tombamento;0;0;0;1;0;0;0;0;0;0;0;1;1;0;0
10/02/2019;23:16:00;139;com vitima;158,7;BR-392/RS;Sul;Colisao Frontal;0;0;1;1;0;0;0;0;0;0;1;0;0;0;1
13/02/2019;15:35:00;91;com vitima;584,6;BR-116/RS;Sul;Saida de Pista;1;0;0;0;0;0;0;0;0;0;0;0;2;0;0
13/02/2019;16:27:00;99;sem vitima;18,5;BR-392/RS;Sul;Colisao Traseira;0;0;2;0;0;0;0;0;0;0;3;0;0;0;0
14/02/2019;15:45:00;77;sem vitima;530,2;BR-116/RS;Sul;Abalr. Transversal;1;0;0;1;0;0;0;0;0;0;3;0;0;0;0
15/02/2019;14:32:00;122;com vitima;107;BR-392/RS;Sul;Saida de Pista;1;0;0;0;0;0;0;0;0;0;0;0;2;0;0
17/02/2019;00:53:00;6;com vitima;638,9;BR-116/RS;Sul;Atropelamento de Animal;1;0;0;0;0;0;0;0;0;0;0;2;0;0;0
17/02/2019;13:41:00;75;com vitima;43,1;BR-392/RS;Sul;Saida de Pista;1;0;0;0;0;0;0;0;0;0;0;3;0;0;0
19/02/2019;19:15:00;110;com vitima;15,9;BR-392/RS;Sul;Tombamento;0;0;0;1;0;0;0;0;0;0;0;1;0;0;0
20/02/2019;07:57:00;24;com vitima;19,2;BR-392/RS;Norte;Colisao Frontal;0;1;0;1;0;0;0;0;0;0;0;2;0;0;0
20/02/2019;19:43:00;110;com vitima;652,9;BR-116/RS;Norte;Abalr. Transversal;1;0;0;1;0;0;0;0;0;0;1;2;0;0;0
22/02/2019;16:31:00;99;com vitima;28,7;BR-392/RS;Sul;Abalr. Transversal;0;0;1;0;0;0;1;0;0;0;1;0;1;0;1
23/02/2019;12:38:00;74;com vitima;523,8;BR-116/RS;Sul;Tombamento;0;0;0;1;0;0;0;0;0;0;1;1;0;0;0
23/02/2019;21:09:00;130;com vitima;66,9;BR-392/RS;Sul;Abalr. Transversal;2;0;0;0;0;0;0;0;0;0;1;1;2;0;0
24/02/2019;21:29:00;112;com vitima;120,5;BR-392/RS;Sul;Atropelamento de Animal;1;0;0;0;0;0;0;0;0;0;2;1;1;0;0
24/02/2019;21:52:00;115;com vitima;90,4;BR-392/RS;Norte;Tombamento;0;0;1;0;0;0;0;0;0;0;0;0;1;1;0
24/02/2019;22:53:00;120;com vitima;43;BR-392/RS;Norte;Atropelamento;0;1;1;0;0;0;0;0;0;0;1;0;1;0;0
28/02/2019;22:31:00;132;com vitima;498,8;BR-116/RS;Sul;Atropelamento;0;1;1;0;0;0;0;0;0;0;1;0;0;1;0
01/03/2019;01:05:00;5;com vitima;520,9;BR-116/RS;Norte;Tombamento;0;0;0;1;0;0;0;0;0;0;0;0;1;0;0
03/03/2019;10:25:00;63;com vitima;592,2;BR-116/RS;Norte;Colisao Traseira;1;0;0;0;0;1;0;0;0;0;4;2;0;0;0
06/03/2019;09:50:00;54;sem vitima;588;BR-116/RS;Norte;Saida de Pista;1;0;0;0;0;0;0;0;0;0;3;0;0;0;0
06/03/2019;11:47:00;69;com vitima;491;BR-116/RS;Sul;Colisao com Objeto Fixo;1;0;0;0;0;0;0;0;0;0;0;1;1;0;0
06/03/2019;22:18:00;131;com vitima;447,4;BR-116/RS;Norte;Colisao Traseira;2;0;0;0;0;0;0;0;0;0;4;0;1;0;0
07/03/2019;19:59:00;154;com vitima;530,1;BR-116/RS;Norte;Abalr. Transversal;0;0;1;1;0;0;0;0;0;0;1;1;1;0;0
08/03/2019;06:29:00;13;com vitima;26;BR-392/RS;Sul;Tombamento;0;0;1;0;0;0;0;0;0;0;0;1;0;0;0
08/03/2019;16:42:00;112;com vitima;418,6;BR-116/RS;Norte;Abalr. Transversal;2;0;0;0;0;0;0;0;0;0;2;2;0;0;0
10/03/2019;19:00:00;64;com vitima;657;BR-116/RS;Sul;Abalr. Transversal;2;0;0;0;0;0;0;0;0;0;0;2;1;0;0
11/03/2019;04:58:00;11;sem vitima;14,1;BR-392/RS;Sul;Tombamento;0;0;1;0;0;0;0;0;0;0;1;0;0;0;0
11/03/2019;05:42:00;14;sem vitima;5,5;BR-392/RS;Sul;Atropelamento de Animal;1;0;0;0;0;0;0;0;0;0;1;0;0;0;0
12/03/2019;06:50:00;14;com vitima;517;BR-116/RS;Norte;Abalr. Transversal;1;0;0;1;0;0;0;0;0;0;1;0;0;1;0
12/03/2019;13:54:00;109;com vitima;592,1;BR-116/RS;Sul;Saida de Pista;0;0;1;0;0;0;0;0;0;0;0;1;0;0;0
12/03/2019;17:16:00;125;com vitima;556,1;BR-116/RS;Norte;Colisao Traseira;1;0;0;1;0;0;0;0;0;0;1;0;1;0;0
13/03/2019;13:34:00;77;sem vitima;521;BR-116/RS;Sul;Abalr. Transversal;2;0;;0;0;0;0;0;0;0;5;0;0;0;0
14/03/2019;07:31:00;16;com vitima;524,6;BR-116/RS;Sul;Colisao Traseira;4;0;1;0;0;0;0;0;0;0;5;0;1;0;0
15/03/2019;17:29:00;148;sem vitima;111;BR-392/RS;Sul;Abalr. Transversal;1;0;1;0;0;0;;0;0;0;4;0;0;0;0
16/03/2019;02:23:00;10;com vitima;72;BR-392/RS;Norte;Saida de Pista;0;0;0;1;0;0;0;0;0;0;1;0;1;0;0
16/03/2019;13:23:00;76;sem vitima;120,5;BR-392/RS;Sul;Tombamento;0;0;0;1;0;0;0;0;0;0;1;0;0;0;0
17/03/2019;03:18:00;10;com vitima;403;BR-116/RS;Norte;Saida de Pista;1;0;0;0;0;0;0;0;0;0;0;2;0;0;0
18/03/2019;04:51:00;8;com vitima;554,3;BR-116/RS;Norte;Atropelamento de Animal;0;0;0;1;0;0;0;0;0;0;0;0;1;0;0
21/03/2019;18:20:00;120;com vitima;71,3;BR-392/RS;Norte;Colisao Traseira;1;0;0;1;0;0;0;0;0;0;1;0;0;0;1
22/03/2019;20:34:00;127;com vitima;90,5;BR-392/RS;Sul;Colisao Frontal;1;0;1;0;0;0;0;0;0;0;1;0;0;1;0
22/03/2019;21:54:00;134;com vitima;11,9;BR-392/RS;Sul;Atropelamento;1;0;0;0;0;0;0;0;0;0;1;0;0;0;1
24/03/2019;00:03:00;1;com vitima;658,5;BR-116/RS;Sul;Colisao Traseira;0;0;0;1;0;1;0;0;0;0;1;0;0;1;0
24/03/2019;19:06:00;86;com vitima;60,4;BR-392/RS;Sul;Colisao Traseira;1;0;0;1;0;0;0;0;0;0;4;1;0;0;0
24/03/2019;23:14:00;115;sem vitima;5,3;BR-392/RS;Norte;Abalr. Transversal;2;0;0;0;0;0;0;0;0;0;3;0;0;0;0
25/03/2019;07:13:00;21;com vitima;514,1;BR-116/RS;Sul;Colisao com Objeto Fixo;1;0;0;0;0;0;0;0;0;0;0;0;1;0;0
25/03/2019;17:26:00;104;sem vitima;36;BR-392/RS;Sul;Colisao Traseira;1;0;2;0;0;0;0;0;0;0;3;0;0;0;0
26/03/2019;12:48:00;72;com vitima;90,5;BR-392/RS;Sul;Colisao Frontal;2;0;0;0;0;0;0;0;0;0;0;0;1;0;1
27/03/2019;18:18:00;123;sem vitima;519;BR-116/RS;Sul;Saida de Pista;1;0;0;0;0;0;0;0;0;0;1;0;0;0;0
28/03/2019;02:44:00;8;com vitima;9;BR-392/RS;Sul;Colisao Traseira;0;0;3;0;0;0;0;0;0;0;0;2;1;0;0
28/03/2019;11:01:00;48;sem vitima;79,3;BR-392/RS;Sul;Tombamento;0;0;1;0;0;0;0;0;0;0;1;0;0;0;0
29/03/2019;03:04:00;11;com vitima;115,7;BR-392/RS;Norte;Colisao Frontal;0;0;1;1;0;0;0;0;0;0;1;0;0;2;0
29/03/2019;11:35:00;79;com vitima;67;BR-392/RS;Norte;Abalr. Transversal;0;0;1;1;0;0;0;0;0;0;1;1;0;0;0
29/03/2019;19:22:00;146;com vitima;88,6;BR-392/RS;Norte;Colisao Traseira;1;0;0;2;0;0;0;0;0;0;2;0;0;1;0
29/03/2019;20:21:00;150;com vitima;493,9;BR-116/RS;Sul;Saida de Pista;1;0;0;0;0;0;0;0;0;0;0;1;0;0;0
29/03/2019;21:26:00;157;com vitima;521;BR-116/RS;Sul;Abalr. Transversal;1;0;0;1;0;0;0;0;0;0;2;1;0;0;0
30/03/2019;00:32:00;2;com vitima;66,5;BR-392/RS;Norte;Abalr. Transversal;1;0;1;0;0;0;0;0;0;0;7;0;1;0;0
30/03/2019;07:17:00;17;com vitima;26,6;BR-392/RS;Sul;Saida de Pista;1;0;0;0;0;0;0;0;0;0;1;0;1;0;0
30/03/2019;08:10:00;27;com vitima;513,9;BR-116/RS;Sul;Abalr. Transversal;0;0;1;1;0;0;0;0;0;0;1;1;0;0;0
30/03/2019;14:35:00;82;com vitima;507,4;BR-116/RS;Sul;Colisao Frontal;1;0;1;0;1;0;0;0;0;0;12;0;2;1;0
30/03/2019;20:12:00;106;com vitima;530,8;BR-116/RS;Norte;Atropelamento;2;0;0;0;0;0;0;0;0;0;2;0;0;0;1
04/04/2019;18:54:00;141;com vitima;41;BR-392/RS;Norte;Colisao Traseira;0;1;0;1;0;0;0;0;0;0;1;1;0;0;0
04/04/2019;20:06:00;148;com vitima;4,9;BR-392/RS;Norte;Colisao Traseira;1;0;1;0;0;0;0;0;0;0;1;0;1;0;0
04/04/2019;22:36:00;160;sem vitima;17,7;BR-392/RS;Norte;Saida de Pista;1;0;0;0;0;0;0;0;0;0;2;0;0;0;0
06/04/2019;19:17:00;92;sem vitima;57,4;BR-392/RS;Sul;Atropelamento de Animal;1;0;0;0;0;0;0;0;0;0;5;0;0;0;0
06/04/2019;19:33:00;95;sem vitima;530,8;BR-116/RS;Norte;Abalr. Transversal;2;0;0;0;0;0;0;0;0;0;4;0;0;0;0
07/04/2019;00:18:00;4;com vitima;66,9;BR-392/RS;Sul;Abalr. Transversal;1;0;0;1;0;0;0;0;0;0;3;1;0;1;0
07/04/2019;18:57:00;103;com vitima;47,4;BR-392/RS;Norte;Atropelamento;0;0;0;0;0;0;0;0;0;1;2;0;1;0;0
07/04/2019;20:49:00;112;com vitima;530,1;BR-116/RS;Sul;Abalr. Transversal;1;0;0;1;0;0;0;0;0;0;1;0;2;0;0
08/04/2019;16:30:00;131;com vitima;58,4;BR-392/RS;Sul;Tombamento;0;0;2;1;0;0;0;0;0;0;2;2;0;0;0
08/04/2019;21:28:00;180;sem vitima;487,5;BR-116/RS;Sul;Colisao Frontal;0;0;2;0;0;0;0;0;0;0;2;0;0;0;0
11/04/2019;08:04:00;38;com vitima;131,1;BR-392/RS;Sul;Saida de Pista;0;0;1;0;0;0;0;0;0;0;0;0;1;0;0
11/04/2019;17:31:00;89;com vitima;516,6;BR-116/RS;Sul;Atropelamento;0;1;0;0;1;0;0;0;0;0;1;1;0;0;0
13/04/2019;01:41:00;9;com vitima;112,4;BR-392/RS;Sul;Colisao Frontal;0;0;1;1;0;0;0;0;0;0;1;0;0;0;1
13/04/2019;08:05:00;25;sem vitima;600;BR-116/RS;Norte;Saida de Pista;1;0;0;0;0;0;0;0;0;0;3;0;0;0;0
13/04/2019;15:14:00;74;com vitima;189,1;BR-392/RS;Sul;Abalr. Transversal;1;0;1;0;0;0;0;0;0;0;1;3;0;0;0
14/04/2019;00:56:00;1;com vitima;440,2;BR-116/RS;Norte;Saida de Pista;0;0;0;0;1;0;0;0;0;0;30;9;2;1;2
14/04/2019;06:45:00;16;com vitima;471,3;BR-116/RS;Norte;Saida de Pista;0;0;0;1;0;0;0;0;0;0;1;0;1;0;0
16/04/2019;07:41:00;21;sem vitima;43,2;BR-392/RS;Sul;Tombamento;1;0;0;0;0;0;0;0;0;0;2;0;0;0;0
17/04/2019;00:09:00;1;sem vitima;27;BR-392/RS;Norte;Atropelamento de Animal;0;0;1;0;0;0;0;0;0;0;1;0;0;0;0
17/04/2019;16:16:00;109;sem vitima;6,8;BR-392/RS;Sul;Saida de Pista;1;0;0;0;0;0;0;0;0;0;1;0;0;0;0
17/04/2019;19:35:00;127;com vitima;529;BR-116/RS;Norte;Abalr. Transversal;0;0;2;0;0;0;0;0;0;0;1;0;1;0;0
20/04/2019;21:50:00;130;com vitima;516,2;BR-116/RS;Norte;Atropelamento de Animal;0;0;0;1;0;0;0;0;0;0;0;1;0;0;0
21/04/2019;14:12:00;62;com vitima;575;BR-116/RS;Norte;Capotamento;1;0;0;0;0;0;0;0;0;0;1;0;1;0;0
21/04/2019;17:30:00;83;com vitima;495,9;BR-116/RS;Norte;Saida de Pista;1;0;0;0;0;0;0;0;0;0;0;2;2;0;0
21/04/2019;18:37:00;90;sem vitima;34,9;BR-392/RS;Sul;Atropelamento de Animal;1;0;0;0;0;0;0;0;0;0;5;0;0;0;0
22/04/2019;14:00:00;62;sem vitima;116,4;BR-392/RS;Norte;Colisao Traseira;1;0;1;0;0;0;0;0;0;0;2;0;0;0;0
24/04/2019;18:35:00;118;com vitima;428;BR-116/RS;Norte;Abalr. Transversal;1;0;0;1;0;0;0;0;0;0;1;0;1;0;0
25/04/2019;18:39:00;119;com vitima;572,1;BR-116/RS;Norte;Colisao Frontal;2;0;0;0;0;0;0;0;0;0;0;0;3;0;0
26/04/2019;07:45:00;27;com vitima;4,7;BR-392/RS;Norte;Abalr. Transversal;1;0;0;1;0;0;0;0;0;0;1;1;0;0;0
26/04/2019;19:06:00;96;com vitima;28;BR-392/RS;Norte;Atropelamento;1;1;0;0;0;0;0;0;0;0;1;0;0;1;0
26/04/2019;19:52:00;103;sem vitima;18;BR-392/RS;Sul;Abalr. Transversal;2;0;0;0;0;0;0;0;0;0;7;0;0;0;0
26/04/2019;21:07:00;116;sem vitima;12;BR-392/RS;Norte;Colisao Traseira;0;0;2;0;0;0;0;0;0;0;2;0;0;0;0
30/04/2019;17:44:00;102;sem vitima;488,5;BR-116/RS;Norte;Saida de Pista;0;0;1;0;0;0;0;0;0;0;1;0;0;0;0
02/05/2019;06:39:00;17;com vitima;43,9;BR-392/RS;Sul;Colisao Traseira;1;0;1;1;0;0;0;0;0;0;1;1;1;0;0
03/05/2019;17:51:00;103;com vitima;526,8;BR-116/RS;Norte;Abalr. Transversal;1;1;0;0;0;0;0;0;0;0;1;1;0;0;0
04/05/2019;16:58:00;51;sem vitima;107,3;BR-392/RS;Norte;Abalr. Transversal;1;0;1;0;0;0;0;0;0;0;5;0;0;0;0
05/05/2019;05:16:00;7;com vitima;24,7;BR-392/RS;Sul;Tombamento;0;0;0;1;0;0;0;0;0;0;0;1;0;0;0
05/05/2019;12:05:00;53;com vitima;427;BR-116/RS;Sul;Abalr. Transversal;1;0;0;1;0;0;0;0;0;0;1;0;1;0;0
05/05/2019;18:15:00;81;sem vitima;122,3;BR-392/RS;Sul;Abalr. Mesmo Sentido;2;0;0;0;0;0;0;0;0;0;3;0;0;0;0
06/05/2019;11:14:00;74;com vitima;66,9;BR-392/RS;Sul;Abalr. Transversal;1;0;0;1;0;0;0;0;0;0;1;1;0;0;0
06/05/2019;13:33:00;82;com vitima;4,1;BR-392/RS;Sul;Abalr. Transversal;1;0;0;1;0;0;0;0;0;0;1;1;0;0;0
06/05/2019;17:09:00;97;sem vitima;521;BR-116/RS;Sul;Abalr. Transversal;2;0;0;0;0;0;0;0;0;0;3;0;0;0;0
08/05/2019;19:52:00;110;sem vitima;562,9;BR-116/RS;Sul;Colisao Frontal;0;0;1;0;1;0;0;0;0;0;29;0;0;0;0
08/05/2019;23:34:00;137;com vitima;94,1;BR-392/RS;Norte;Saida de Pista;0;0;0;1;0;0;0;0;0;0;0;0;2;0;0
09/05/2019;13:31:00;52;com vitima;44,2;BR-392/RS;Sul;Abalr. Mesmo Sentido;1;0;0;1;0;0;0;0;0;0;2;0;1;0;0
10/05/2019;16:02:00;108;com vitima;38;BR-392/RS;Norte;Tombamento;0;0;0;1;0;0;0;0;0;0;0;1;0;0;0
10/05/2019;18:36:00;124;com vitima;8,9;BR-392/RS;Norte;Abalr. Mesmo Sentido;0;1;0;1;0;0;0;0;0;0;1;1;0;0;0
10/05/2019;20:28:00;139;com vitima;142,5;BR-392/RS;Norte;Tombamento;0;0;1;0;0;0;0;0;0;0;0;0;1;0;0
10/05/2019;21:22:00;147;com vitima;407;BR-116/RS;Sul;Abalr. Mesmo Sentido;2;0;0;0;0;0;0;0;0;0;3;1;0;0;0
11/05/2019;20:01:00;101;sem vitima;32,2;BR-392/RS;Sul;Capotamento;1;0;0;0;0;0;0;0;0;0;1;0;0;0;0
11/05/2019;20:35:00;103;com vitima;84,5;BR-392/RS;Norte;Colisao com Objeto Fixo;0;0;0;1;0;0;0;0;0;0;0;0;1;0;0
13/05/2019;00:08:00;1;com vitima;528,3;BR-116/RS;Norte;Colisao Traseira;2;0;0;0;0;0;0;0;0;0;3;1;0;0;0
13/05/2019;06:18:00;17;com vitima;521,3;BR-116/RS;Sul;Colisao Traseira;2;0;1;0;0;0;0;0;0;0;2;1;0;0;0
14/05/2019;18:42:00;85;com vitima;27,2;BR-392/RS;Norte;Atropelamento;0;1;1;0;0;0;0;0;0;0;1;0;0;0;1
16/05/2019;00:48:00;3;sem vitima;8,9;BR-392/RS;Sul;Abalr. Transversal;0;0;1;0;0;1;0;0;0;0;2;0;0;0;0
16/05/2019;16:17:00;90;com vitima;110,9;BR-392/RS;Norte;Abalr. Transversal;1;0;1;0;0;0;0;0;0;0;1;0;1;0;0
16/05/2019;16:23:00;91;sem vitima;34,7;BR-392/RS;Norte;Abalr. Mesmo Sentido;2;0;0;0;0;0;0;0;0;0;2;0;0;0;0
16/05/2019;22:20:00;133;com vitima;18;BR-392/RS;Sul;Abalr. Transversal;2;0;0;0;0;0;0;0;0;0;1;0;1;0;0
18/05/2019;18:01:00;92;com vitima;529,3;BR-116/RS;Norte;Colisao Frontal;1;0;0;1;0;0;0;0;0;0;1;0;0;2;0
19/05/2019;04:57:00;13;com vitima;16,5;BR-392/RS;Sul;Colisao Frontal;1;0;1;0;0;0;0;0;0;0;1;0;2;0;0
19/05/2019;21:39:00;160;sem vitima;5,5;BR-392/RS;Norte;Saida de Pista;1;0;0;0;0;0;0;0;0;0;2;0;0;0;0
20/05/2019;03:39:00;5;sem vitima;568,2;BR-116/RS;Norte;Atropelamento de Animal;1;0;0;0;0;0;0;0;0;0;3;0;0;0;0