data;horario;n_da_ocorrencia;tipo_de_ocorrencia;km;trecho;sentido;tipo_de_acidente;automovel;bicicleta;caminhao;moto;onibus;outros;tracao_animal;transporte_de_cargas_especiais;trator_maquinas;utilitarios;ilesos;levemente_feridos;moderadamente_feridos;gravemente_feridos;mortos
21/05/2019;07:35:00;17;com vitima;411,4;BR-116/RS;Norte;Saida de Pista;0;0;1;0;0;0;0;0;0;0;1;0;1;0;0
21/05/2019;11:04:00;49;com vitima;12,5;BR-392/RS;Sul;Saida de Pista;1;0;2;0;0;0;0;0;0;0;2;0;0;1;0
22/05/2019;15:31:00;105;com vitima;521;BR-116/RS;Sul;Colisao Traseira;1;0;0;1;0;0;0;0;0;0;1;1;0;0;0
23/05/2019;19:25:00;137;com vitima;433,4;BR-116/RS;Sul;Colisao Frontal;1;0;1;0;1;0;0;0;0;0;16;10;3;1;1
26/05/2019;05:47:00;9;com vitima;71,2;BR-392/RS;Norte;Saida de Pista;1;0;0;0;0;0;0;0;0;0;1;1;0;0;0
26/05/2019;07:48:00;18;com vitima;65,2;BR-392/RS;Norte;Tombamento;0;0;0;1;0;0;0;0;0;0;0;0;2;0;0
26/05/2019;07:55:00;19;com vitima;71,6;BR-392/RS;Norte;Saida de Pista;0;0;0;0;0;1;0;0;0;0;0;1;0;0;0
26/05/2019;11:22:00;34;com vitima;530,1;BR-116/RS;Sul;Abalr. Transversal;1;0;0;1;0;0;0;0;0;0;0;2;1;0;0
27/05/2019;01:48:00;3;com vitima;514;BR-116/RS;Norte;Tombamento;1;1;0;0;0;0;0;0;0;0;1;0;1;0;0
27/05/2019;08:40:00;54;sem vitima;5,6;BR-392/RS;Norte;Colisao Traseira;2;0;0;0;0;0;0;0;0;0;2;0;0;0;0
30/05/2019;21:59:00;123;sem vitima;639,1;BR-116/RS;Norte;Atropelamento de Animal;1;0;0;0;0;0;0;0;0;0;2;0;0;0;0
01/06/2019;19:51:00;98;com vitima;19,4;BR-392/RS;Sul;Colisao Traseira;1;0;0;0;0;0;1;0;0;0;1;1;0;0;0
04/06/2019;07:57:00;30;com vitima;525,5;BR-116/RS;Norte;Colisao Traseira;0;0;1;0;1;1;0;0;0;0;21;1;1;0;0
06/06/2019;18:30:00;95;sem vitima;525,2;BR-116/RS;Sul;Colisao Traseira;3;0;0;0;0;0;0;0;0;0;6;0;0;0;0
07/06/2019;23:46:00;149;com vitima;512,4;BR-116/RS;Norte;Tombamento;0;1;0;0;0;0;0;0;0;0;0;0;1;0;0
08/06/2019;15:55:00;93;com vitima;530,2;BR-116/RS;Norte;Abalr. Transversal;1;0;0;1;0;0;0;0;0;0;1;1;0;0;0
08/06/2019;17:08:00;100;com vitima;521;BR-116/RS;Norte;Abalr. Transversal;1;0;0;1;0;0;0;0;0;0;2;0;1;0;0
10/06/2019;06:03:00;24;com vitima;516,5;BR-116/RS;Norte;Tombamento;0;0;0;1;0;0;0;0;0;0;0;0;1;0;0
10/06/2019;07:03:00;27;com vitima;7,9;BR-392/RS;Norte;Colisao Traseira;1;0;0;1;0;0;0;0;0;0;1;1;0;0;0
10/06/2019;09:16:00;39;com vitima;9;BR-392/RS;Norte;Tombamento;0;0;0;1;0;0;0;0;0;0;0;1;0;0;0
10/06/2019;17:20:00;87;com vitima;530,5;BR-116/RS;Sul;Abalr. Transversal;1;0;0;1;0;0;0;0;0;0;1;0;1;0;0
11/06/2019;21:29:00;124;com vitima;9,3;BR-392/RS;Norte;Colisao Frontal;0;0;3;0;0;0;0;0;0;0;2;0;0;1;0
12/06/2019;04:33:00;5;sem vitima;49,1;BR-392/RS;Norte;Colisao com Objeto Fixo;1;0;0;0;0;0;0;0;0;0;2;0;0;0;0
12/06/2019;07:43:00;17;com vitima;83;BR-392/RS;Norte;Abalr. Transversal;1;0;0;1;0;0;0;0;0;0;1;0;1;0;0
12/06/2019;18:51:00;94;com vitima;626;BR-116/RS;Sul;Abalr. Transversal;1;0;1;0;0;0;0;0;0;0;1;1;0;0;0
14/06/2019;21:22:00;111;com vitima;119,5;BR-392/RS;Sul;Saida de Pista;0;0;1;0;0;0;0;0;0;0;0;0;2;1;0
15/06/2019;10:03:00;58;com vitima;5,5;BR-392/RS;Norte;Saida de Pista;1;0;0;0;0;0;0;0;0;0;0;1;0;0;0
15/06/2019;19:22:00;127;com vitima;52,9;BR-392/RS;Norte;Colisao Frontal;1;0;0;1;0;0;0;0;0;0;1;2;2;0;0
17/06/2019;03:26:00;10;com vitima;657,5;BR-116/RS;Sul;Saida de Pista;1;0;0;0;0;0;0;0;0;0;0;0;1;0;0
17/06/2019;19:28:00;91;com vitima;612,1;BR-116/RS;Sul;Abalr. Transversal;1;0;0;1;0;0;0;0;0;0;1;0;1;0;0
18/06/2019;06:42:00;12;com vitima;4,3;BR-392/RS;Norte;Abalr. Transversal;0;0;1;1;0;0;0;0;0;0;1;0;0;0;1
18/06/2019;14:32:00;53;com vitima;31,7;BR-392/RS;Norte;Saida de Pista;1;0;0;0;0;0;0;0;0;0;0;0;1;1;0
20/06/2019;16:42:00;93;com vitima;28,7;BR-392/RS;Sul;Capotamento;1;0;0;0;0;0;0;0;0;0;2;0;3;0;0
22/06/2019;14:24:00;79;com vitima;41;BR-392/RS;Norte;Tombamento;0;0;0;1;0;0;0;0;0;0;0;2;0;0;0
22/06/2019;21:00:00;109;com vitima;8,9;BR-392/RS;Sul;Abalr. Transversal;1;0;0;0;0;1;0;0;0;0;2;0;1;1;0
23/06/2019;08:28:00;33;sem vitima;405;BR-116/RS;Norte;Abalr. Mesmo Sentido;0;0;1;0;1;0;0;0;0;0;48;0;0;0;0
25/06/2019;16:36:00;78;sem vitima;521;BR-116/RS;Sul;Abalr. Transversal;2;0;0;0;0;0;0;0;0;0;2;0;0;0;0
29/06/2019;14:24:00;63;com vitima;452,5;BR-116/RS;Norte;Saida de Pista;0;0;1;0;0;0;0;0;0;0;0;0;1;0;0
29/06/2019;15:16:00;69;com vitima;122;BR-392/RS;Norte;Colisao Frontal;2;0;0;0;0;0;0;0;0;0;0;2;0;0;0
01/07/2019;16:53:00;108;com vitima;5,2;BR-392/RS;Sul;Abalr. Transversal;0;0;0;1;1;0;0;0;0;0;1;0;1;0;0
01/07/2019;18:23:00;114;com vitima;402,2;BR-116/RS;Sul;Colisao Frontal;1;0;1;0;0;0;0;0;0;0;2;0;1;0;0
07/07/2019;15:41:00;80;com vitima;525,9;BR-116/RS;Sul;Saida de Pista;1;0;0;0;0;0;0;0;0;0;0;0;1;0;0
07/07/2019;18:30:00;90;com vitima;525,4;BR-116/RS;Sul;Atropelamento;1;0;0;0;0;0;0;0;0;0;1;0;0;1;0
10/07/2019;20:23:00;134;com vitima;514;BR-116/RS;Norte;Abalr. Transversal;1;0;0;1;0;0;0;0;0;0;1;0;1;0;0
11/07/2019;14:09:00;68;com vitima;99,5;BR-392/RS;Sul;Abalr. Transversal;1;0;0;1;0;0;0;0;0;0;1;0;1;0;0
11/07/2019;16:36:00;76;com vitima;115,7;BR-392/RS;Sul;Colisao Traseira;2;0;0;0;0;0;0;0;0;0;1;1;0;0;0
12/07/2019;21:03:00;92;sem vitima;429;BR-116/RS;Norte;Saida de Pista;1;0;0;0;0;0;0;0;0;0;1;0;0;0;0
14/07/2019;14:13:00;81;com vitima;196,3;BR-392/RS;Sul;Tombamento;0;0;0;1;0;0;0;0;0;0;0;0;0;1;0
17/07/2019;13:49:00;89;com vitima;9,5;BR-392/RS;Sul;Colisao Traseira;1;0;0;1;0;0;0;0;0;0;2;0;0;1;0
18/07/2019;13:56:00;78;sem vitima;517,1;BR-116/RS;Norte;Colisao com Objeto Fixo;1;0;0;0;0;1;0;0;0;0;2;0;0;0;0
19/07/2019;23:43:00;116;com vitima;40,9;BR-392/RS;Norte;Saida de Pista;1;0;0;0;0;0;0;0;0;0;0;0;0;1;0
20/07/2019;19:55:00;111;com vitima;112;BR-392/RS;Norte;Tombamento;0;0;0;1;0;0;0;0;0;0;0;0;0;1;0
23/07/2019;20:27:00;86;com vitima;429;BR-116/RS;Sul;Saida de Pista;1;0;0;0;0;0;0;0;0;0;1;0;1;0;0
25/07/2019;07:04:00;10;com vitima;635,8;BR-116/RS;Sul;Saida de Pista;1;0;0;0;0;0;0;0;0;0;0;3;1;0;0
25/07/2019;09:10:00;33;com vitima;21,8;BR-392/RS;Sul;Saida de Pista;1;0;0;0;0;0;0;0;0;0;0;0;1;0;0
25/07/2019;17:11:00;107;com vitima;418,6;BR-116/RS;Sul;Colisao Frontal;1;0;1;0;0;0;0;0;0;0;1;1;0;1;2
26/07/2019;15:32:00;107;com vitima;521;BR-116/RS;Norte;Abalr. Transversal;1;0;0;1;0;0;0;0;0;0;1;1;0;0;0
27/07/2019;22:26:00;106;com vitima;480,9;BR-116/RS;Norte;Colisao Frontal;1;0;0;0;1;0;0;0;0;0;25;0;1;0;0
03/08/2019;05:02:00;12;com vitima;400,7;BR-116/RS;Norte;Capotamento;1;0;0;0;0;0;0;0;0;0;1;1;0;0;0
03/08/2019;14:35:00;91;com vitima;81;BR-392/RS;Norte;Colisao Traseira;1;0;1;0;0;0;0;0;0;0;3;1;0;0;0
04/08/2019;01:09:00;9;com vitima;109,1;BR-392/RS;Norte;Tombamento;0;0;0;1;0;0;0;0;0;0;0;0;2;0;0
04/08/2019;17:48:00;114;com vitima;94,8;BR-392/RS;Sul;Colisao Traseira;1;0;0;1;0;0;0;0;0;0;3;0;1;0;0
05/08/2019;16:46:00;110;com vitima;16;BR-392/RS;Norte;Saida de Pista;1;0;0;0;0;0;0;0;0;0;0;0;1;0;0
06/08/2019;15:28:00;99;com vitima;111,3;BR-392/RS;Sul;Tombamento;0;0;0;1;0;0;0;0;0;0;0;0;1;0;0
06/08/2019;16:40:00;105;com vitima;5;BR-392/RS;Sul;Abalr. Transversal;0;0;1;1;0;0;0;0;0;0;1;1;0;0;0
07/08/2019;18:35:00;149;sem vitima;12;BR-392/RS;Norte;Abalr. Mesmo Sentido;1;0;1;0;0;0;0;0;0;0;2;0;0;0;0
09/08/2019;23:08:00;144;sem vitima;525,4;BR-116/RS;Sul;Tombamento;0;0;1;0;0;0;0;0;0;0;1;0;0;0;0
10/08/2019;08:15:00;26;sem vitima;400,9;BR-116/RS;Sul;Colisao Traseira;1;0;0;0;0;0;0;0;0;1;3;0;0;0;0
10/08/2019;23:37:00;142;com vitima;525;BR-116/RS;Norte;Colisao com Objeto Fixo;0;0;0;1;0;0;0;0;0;0;0;1;0;0;0
11/08/2019;21:15:00;136;sem vitima;71,8;BR-392/RS;Norte;Saida de Pista;1;0;0;0;0;0;0;0;0;0;1;0;0;0;0
12/08/2019;07:05:00;8;com vitima;4,3;BR-392/RS;Sul;Abalr. Transversal;1;0;0;1;0;0;0;0;0;0;1;1;0;0;0
13/08/2019;21:45:00;137;sem vitima;28;BR-392/RS;Sul;Atropelamento de Animal;1;0;0;0;0;0;0;0;0;0;1;0;0;0;0
14/08/2019;19:30:00;126;com vitima;408,2;BR-116/RS;Sul;Abalr. Transversal;1;0;0;1;0;0;0;0;0;0;1;0;1;0;0
15/08/2019;05:46:00;12;sem vitima;433,4;BR-116/RS;Sul;Saida de Pista;0;0;1;0;0;0;0;0;0;0;1;0;0;0;0
15/08/2019;07:25:00;19;com vitima;4,8;BR-392/RS;Sul;Abalr. Transversal;1;0;0;1;0;0;0;0;0;0;1;0;1;0;0
16/08/2019;19:49:00;111;sem vitima;530;BR-116/RS;Norte;Saida de Pista;1;0;0;0;0;0;0;0;0;0;2;0;0;0;0
17/08/2019;10:45:00;52;com vitima;529,6;BR-116/RS;Norte;Colisao com Objeto Fixo;0;0;0;1;0;0;0;0;0;0;0;0;1;0;0
18/08/2019;09:34:00;43;sem vitima;62;BR-392/RS;Norte;Saida de Pista;1;0;0;0;0;0;0;0;0;0;1;0;0;0;0
18/08/2019;18:55:00;99;com vitima;421,5;BR-116/RS;Norte;Colisao Frontal;2;0;0;0;0;0;0;0;0;0;0;0;0;2;3
19/08/2019;18:54:00;105;com vitima;516,9;BR-116/RS;Sul;Colisao Traseira;1;0;0;1;0;0;0;0;0;0;1;0;1;0;0
20/08/2019;06:40:00;22;com vitima;16,5;BR-392/RS;Sul;Colisao Frontal;0;1;0;1;0;0;0;0;0;0;0;0;0;1;1
20/08/2019;18:21:00;99;com vitima;613;BR-116/RS;Norte;Abalr. Transversal;1;0;0;1;0;0;0;0;0;0;1;1;0;0;0
21/08/2019;07:51:00;22;com vitima;529;BR-116/RS;Sul;Abalr. Transversal;1;0;1;0;0;0;0;0;0;0;2;0;1;0;0
23/08/2019;18:20:00;108;com vitima;60,8;BR-392/RS;Norte;Abalr. Sentido Oposto;0;0;1;1;0;0;0;0;0;0;1;0;0;1;0
23/08/2019;22:54:00;133;com vitima;14;BR-392/RS;Sul;Colisao Traseira;3;0;1;0;0;0;0;0;0;0;1;0;3;0;0
24/08/2019;19:16:00;91;com vitima;18,9;BR-392/RS;Norte;Colisao Traseira;2;0;0;0;0;0;0;0;0;0;4;2;0;0;0
24/08/2019;19:18:00;92;com vitima;113;BR-392/RS;Sul;Abalr. Transversal;1;0;1;0;0;0;0;0;0;0;1;0;0;1;1
25/08/2019;07:31:00;15;com vitima;119;BR-392/RS;Norte;Saida de Pista;1;0;0;0;0;0;0;0;0;0;1;1;0;0;0
25/08/2019;16:19:00;75;com vitima;115,7;BR-392/RS;Norte;Saida de Pista;1;0;0;0;0;0;0;0;0;0;0;1;0;0;0
25/08/2019;16:28:00;77;sem vitima;86;BR-392/RS;Norte;Saida de Pista;1;0;0;0;0;0;0;0;0;0;1;0;0;0;0
25/08/2019;19:04:00;90;com vitima;425,1;BR-116/RS;Norte;Abalr. Transversal;2;0;0;0;0;0;0;0;0;0;1;0;3;0;0
25/08/2019;23:26:00;134;com vitima;115,7;BR-392/RS;Norte;Outros tipos de acidente;2;0;1;0;0;0;0;0;0;0;3;0;0;0;1
26/08/2019;18:55:00;118;sem vitima;572,8;BR-116/RS;Norte;Colisao Traseira;2;0;0;0;0;0;0;0;0;0;3;0;0;0;0
27/08/2019;15:05:00;92;sem vitima;24,8;BR-392/RS;Sul;Atropelamento de Animal;0;0;1;0;0;0;0;0;0;0;1;0;0;0;0
28/08/2019;18:39:00;110;com vitima;66,5;BR-392/RS;Sul;Colisao Traseira;1;0;0;1;0;0;0;0;0;0;1;0;1;0;0
28/08/2019;22:14:00;135;com vitima;6,8;BR-392/RS;Norte;Capotamento;1;0;0;0;0;0;0;0;0;0;0;1;0;0;0
30/08/2019;17:38:00;93;com vitima;200;BR-392/RS;Sul;Abalr. Transversal;1;0;1;0;0;0;0;0;0;0;1;3;0;0;0
31/08/2019;05:29:00;13;com vitima;1,5;BR-392/RS;Sul;Abalr. Transversal;1;0;1;0;0;0;0;0;0;0;1;1;0;0;0
03/09/2019;06:11:00;11;com vitima;527;BR-116/RS;Sul;Colisao Traseira;0;1;0;1;0;0;0;0;0;0;0;0;2;0;0
03/09/2019;14:38:00;83;com vitima;67;BR-392/RS;Sul;Colisao Traseira;1;0;0;1;0;0;0;0;0;0;1;0;1;0;0
03/09/2019;17:53:00;95;com vitima;74;BR-392/RS;Sul;Colisao Traseira;1;0;1;0;0;0;0;0;0;0;2;1;0;0;0
04/09/2019;14:27:00;85;com vitima;517;BR-116/RS;Norte;Abalr. Transversal;1;0;0;1;0;0;0;0;0;0;1;0;1;0;0
05/09/2019;22:13:00;126;com vitima;516,9;BR-116/RS;Norte;Abalr. Transversal;0;0;1;1;0;0;0;0;0;0;1;0;0;1;0
08/09/2019;17:12:00;77;sem vitima;115,5;BR-392/RS;Sul;Colisao Frontal;2;0;0;0;0;0;0;0;0;0;4;0;0;0;0
09/09/2019;00:27:00;3;com vitima;510,5;BR-116/RS;Norte;Abalr. Transversal;2;0;0;0;0;0;0;0;0;0;0;5;2;0;0
09/09/2019;11:05:00;57;com vitima;519;BR-116/RS;Sul;Saida de Pista;1;0;0;0;0;0;0;0;0;0;0;0;1;0;0
13/09/2019;07:16:00;19;com vitima;4,8;BR-392/RS;Sul;Abalr. Transversal;1;0;0;1;0;0;0;0;0;0;2;0;0;0;1
13/09/2019;14:35:00;78;com vitima;481,5;BR-116/RS;Sul;Abalr. Transversal;2;0;0;0;0;0;0;0;0;0;0;0;3;3;0
13/09/2019;15:44:00;85;com vitima;513,3;BR-116/RS;Norte;Colisao Frontal;1;0;0;1;0;0;0;0;0;0;2;0;0;1;0
15/09/2019;12:48:00;61;sem vitima;526,5;BR-116/RS;Norte;Saida de Pista;1;0;1;0;0;0;0;0;0;0;2;0;0;0;0
16/09/2019;21:41:00;126;sem vitima;67;BR-392/RS;Norte;Saida de Pista;0;0;1;0;0;0;0;0;0;0;1;0;0;0;0
17/09/2019;19:05:00;84;com vitima;530,1;BR-116/RS;Norte;Abalr. Transversal;0;0;0;2;0;0;0;0;0;0;1;0;1;0;0
18/09/2019;07:37:00;25;com vitima;523,5;BR-116/RS;Sul;Tombamento;0;0;0;1;0;0;0;0;0;0;0;0;1;0;0
18/09/2019;22:11:00;126;sem vitima;517,8;BR-116/RS;Norte;Saida de Pista;0;0;1;0;0;0;0;0;0;0;1;0;0;0;0
25/09/2019;14:25:00;93;com vitima;93;BR-392/RS;Norte;Colisao Frontal;1;0;1;0;0;0;0;0;0;0;1;1;0;0;0
26/09/2019;05:30:00;10;com vitima;415,8;BR-116/RS;Norte;Abalr. Transversal;0;0;2;0;0;0;0;0;0;0;1;1;0;2;0
26/09/2019;11:40:00;54;com vitima;28,7;BR-392/RS;Norte;Saida de Pista;1;0;0;0;0;0;0;0;0;0;0;0;1;0;0
27/09/2019;20:48:00;122;com vitima;18,8;BR-392/RS;Norte;Abalr. Transversal;0;0;1;0;0;0;1;0;0;0;1;0;0;1;1
28/09/2019;09:54:00;61;com vitima;72,4;BR-392/RS;Norte;Colisao Frontal;2;0;0;0;0;0;0;0;0;0;0;1;1;1;0
29/09/2019;08:44:00;30;com vitima;498,9;BR-116/RS;Norte;Colisao Traseira;1;0;0;1;0;0;0;0;0;0;1;1;1;0;0
29/09/2019;12:08:00;57;com vitima;57;BR-392/RS;Norte;Tombamento;0;0;0;1;0;0;0;0;0;0;0;0;1;0;0
04/10/2019;07:46:00;12;sem vitima;85,7;BR-392/RS;Sul;Capotamento;1;0;0;0;0;0;0;0;0;0;1;0;0;0;0
04/10/2019;21:54:00;119;sem vitima;88;BR-392/RS;Norte;Abalr. Transversal;1;0;1;0;0;0;0;0;0;0;3;0;0;0;0
05/10/2019;20:46:00;108;com vitima;530,2;BR-116/RS;Sul;Atropelamento;1;1;0;0;0;0;0;0;0;0;2;0;0;0;1
07/10/2019;09:13:00;38;sem vitima;116,9;BR-392/RS;Norte;Saida de Pista;1;0;0;0;0;0;0;0;0;0;1;0;0;0;0
11/10/2019;14:27:00;81;sem vitima;521,5;BR-116/RS;Sul;Colisao com Objeto Fixo;1;0;0;0;0;0;0;0;0;0;1;0;0;0;0
14/10/2019;15:58:00;101;sem vitima;113;BR-392/RS;Sul;Saida de Pista;1;0;0;0;0;0;0;0;0;0;1;0;0;0;0
14/10/2019;19:45:00;126;com vitima;189,5;BR-392/RS;Sul;Colisao Frontal;1;0;1;0;0;0;0;0;0;0;0;1;0;0;1
15/10/2019;04:26:00;7;com vitima;493,9;BR-116/RS;Sul;Saida de Pista;1;0;0;0;0;0;0;0;0;0;0;1;0;0;0
19/10/2019;11:48:00;77;com vitima;530;BR-116/RS;Sul;Tombamento;0;0;0;1;0;0;0;0;0;0;1;1;0;0;0
20/10/2019;20:51:00;96;com vitima;25,5;BR-392/RS;Norte;Atropelamento;1;0;0;0;0;0;0;0;0;0;4;0;1;1;0
21/10/2019;12:13:00;83;com vitima;60,9;BR-392/RS;Norte;Colisao com Objeto Fixo;1;0;1;0;0;0;0;0;0;0;1;1;0;0;0
25/10/2019;21:08:00;129;com vitima;20,3;BR-392/RS;Sul;Abalr. Transversal;1;0;0;1;0;0;0;0;0;0;2;1;0;0;0
26/10/2019;06:52:00;12;com vitima;20;BR-392/RS;Sul;Abalr. Transversal;1;0;1;1;0;0;0;0;0;0;2;1;0;0;0
27/10/2019;05:13:00;11;com vitima;119,8;BR-392/RS;Sul;Saida de Pista;1;0;0;0;0;0;0;0;0;0;0;1;0;0;0
28/10/2019;09:05:00;34;com vitima;16,5;BR-392/RS;Sul;Colisao com Objeto Fixo;1;0;0;0;0;0;0;0;0;0;0;1;0;0;0
30/10/2019;05:51:00;9;com vitima;502;BR-116/RS;Sul;Colisao com Objeto Fixo;1;0;0;0;0;0;0;0;0;0;0;1;0;0;0
30/10/2019;20:46:00;123;sem vitima;617,7;BR-116/RS;Sul;Tombamento;0;0;2;0;0;0;0;0;0;0;2;0;0;0;0
31/10/2019;15:18:00;116;com vitima;50,7;BR-392/RS;Sul;Tombamento;0;0;0;1;0;0;0;0;0;0;1;1;0;0;0
01/11/2019;16:16:00;91;com vitima;63,3;BR-392/RS;Norte;Colisao Frontal;1;0;1;0;0;0;0;0;0;0;0;1;1;0;0
01/11/2019;22:02:00;120;com vitima;521,1;BR-116/RS;Sul;Saida de Pista;0;0;0;1;0;0;0;0;0;0;0;0;0;0;1
04/11/2019;14:15:00;81;com vitima;475,3;BR-116/RS;Sul;Colisao Frontal;2;0;0;0;0;0;0;0;0;0;2;1;0;0;0
05/11/2019;06:15:00;17;com vitima;35,5;BR-392/RS;Norte;Tombamento;0;0;0;1;0;0;0;0;0;0;0;1;0;0;0
07/11/2019;08:41:00;30;com vitima;405,7;BR-116/RS;Norte;Saida de Pista;1;0;0;0;0;0;0;0;0;0;0;2;0;0;0
07/11/2019;10:58:00;59;com vitima;199,3;BR-392/RS;Norte;Colisao Traseira;0;0;2;0;0;0;0;0;0;0;1;1;0;0;0
09/11/2019;16:09:00;77;com vitima;55,2;BR-392/RS;Norte;Colisao Traseira;1;0;0;1;0;0;0;0;0;0;0;2;0;1;0
10/11/2019;18:23:00;87;com vitima;82,9;BR-392/RS;Sul;Colisao Traseira;1;0;0;1;0;0;0;0;0;0;1;1;0;0;0
10/11/2019;19:21:00;94;com vitima;4,5;BR-392/RS;Norte;Colisao com Veiculo Estac.;3;0;0;0;0;0;0;0;0;0;3;0;0;1;0
10/11/2019;19:46:00;99;sem vitima;10,2;BR-392/RS;Norte;Saida de Pista;1;0;0;0;0;0;0;0;0;0;1;0;0;0;0
12/11/2019;17:33:00;94;com vitima;63;BR-392/RS;Norte;Abalr. Sentido Oposto;1;0;1;0;0;0;0;0;0;0;1;0;1;0;0
13/11/2019;16:55:00;87;com vitima;480,6;BR-116/RS;Norte;Colisao Frontal;2;0;0;0;0;0;0;0;0;0;2;0;2;0;0
14/11/2019;19:56:00;86;com vitima;47,5;BR-392/RS;Norte;Atropelamento;0;0;1;0;0;0;0;0;0;0;1;0;0;0;1
16/11/2019;16:47:00;77;sem vitima;33,3;BR-392/RS;Norte;Saida de Pista;1;0;0;0;0;0;0;0;0;0;3;0;0;0;0
17/11/2019;14:42:00;62;com vitima;45,8;BR-392/RS;Norte;Capotamento;1;0;0;0;0;0;0;0;0;0;0;3;0;0;0
18/11/2019;20:02:00;143;com vitima;617,6;BR-116/RS;Sul;Colisao Traseira;1;0;0;0;0;1;0;0;0;0;2;0;0;1;0
19/11/2019;02:18:00;3;sem vitima;566,7;BR-116/RS;Sul;Atropelamento de Animal;1;0;0;0;0;0;0;0;0;0;2;0;0;0;0
19/11/2019;19:17:00;104;com vitima;75,5;BR-392/RS;Norte;Colisao Frontal;1;0;1;0;0;0;0;0;0;0;1;0;0;0;1
21/11/2019;12:44:00;70;com vitima;78,8;BR-392/RS;Norte;Abalr. Transversal;2;0;0;0;0;0;0;0;0;0;1;1;1;0;0
22/11/2019;09:04:00;36;com vitima;511,8;BR-116/RS;Norte;Colisao Traseira;0;0;0;2;0;0;0;0;0;0;1;1;0;0;0
23/11/2019;22:23:00;95;com vitima;18;BR-392/RS;Sul;Colisao Traseira;0;0;0;2;0;0;0;0;0;0;2;1;0;0;0
25/11/2019;15:48:00;70;com vitima;19,9;BR-392/RS;Norte;Atropelamento;0;0;1;0;0;0;0;0;0;0;1;0;0;0;1
26/11/2019;12:56:00;77;com vitima;101,7;BR-392/RS;Norte;Saida de Pista;0;0;1;0;0;0;0;0;0;0;0;0;1;0;0
28/11/2019;20:35:00;107;com vitima;427;BR-116/RS;Sul;Atropelamento;0;0;0;0;1;0;0;0;0;0;1;1;1;0;0
29/11/2019;07:52:00;21;com vitima;521;BR-116/RS;Sul;Abalr. Transversal;1;0;0;1;0;0;0;0;0;0;1;2;0;0;0
29/11/2019;19:38:00;111;com vitima;525,8;BR-116/RS;Norte;Saida de Pista;1;0;0;0;0;0;0;0;0;0;0;0;1;0;0
30/11/2019;00:06:00;2;com vitima;43,5;BR-392/RS;Norte;Colisao Traseira;0;0;2;0;0;0;0;0;0;0;0;2;0;0;0
01/12/2019;04:07:00;16;com vitima;11,9;BR-392/RS;Sul;Atropelamento de Animal;0;0;0;1;0;0;0;0;0;0;0;0;0;1;0
01/12/2019;22:46:00;117;com vitima;517;BR-116/RS;Norte;Abalr. Transversal;1;0;0;1;0;0;0;0;0;0;1;1;0;0;0
02/12/2019;04:56:00;9;com vitima;94,2;BR-392/RS;Norte;Tombamento;0;0;0;1;0;0;0;0;0;0;0;2;0;0;0
03/12/2019;03:59:00;6;sem vitima;436;BR-116/RS;Norte;Atropelamento de Animal;1;0;0;0;0;0;0;0;0;0;5;0;0;0;0
04/12/2019;22:07:00;133;com vitima;86,2;BR-392/RS;Norte;Saida de Pista;1;0;0;0;0;0;0;0;0;0;0;1;0;0;0
05/12/2019;15:39:00;84;com vitima;83,8;BR-392/RS;Norte;Tombamento;0;0;0;1;0;0;0;0;0;0;0;1;0;0;0
06/12/2019;00:04:00;2;com vitima;657,6;BR-116/RS;Norte;Abalr. Transversal;1;0;1;0;0;0;0;0;0;0;1;1;0;1;0
06/12/2019;11:56:00;72;sem vitima;523,5;BR-116/RS;Norte;Tombamento;0;0;1;0;0;0;0;0;0;0;1;0;0;0;0
09/12/2019;08:41:00;36;com vitima;653,5;BR-116/RS;Sul;Abalr. Transversal;1;0;1;0;0;0;0;0;0;0;2;2;0;0;0
09/12/2019;14:11:00;79;com vitima;67;BR-392/RS;Norte;Abalr. Transversal;1;0;0;1;0;0;0;0;0;0;1;1;0;0;0
09/12/2019;16:22:00;90;com vitima;529;BR-116/RS;Sul;Abalr. Transversal;2;0;0;0;0;0;0;0;0;0;3;0;1;0;0
10/12/2019;14:42:00;86;com vitima;424,7;BR-116/RS;Sul;Colisao Frontal;1;0;1;0;0;0;0;0;0;0;1;0;1;0;0
12/12/2019;08:37:00;31;com vitima;112,5;BR-392/RS;Norte;Colisao Traseira;0;0;1;1;0;0;0;0;0;0;1;0;0;1;0
12/12/2019;18:00:00;98;com vitima;7,1;BR-392/RS;Sul;Abalr. Transversal;0;0;2;0;0;0;0;0;0;0;1;1;0;0;0
13/12/2019;06:56:00;7;com vitima;17,9;BR-392/RS;Sul;Abalr. Transversal;1;0;0;1;0;0;0;0;0;0;1;0;0;1;0
13/12/2019;14:27:00;74;com vitima;76,2;BR-392/RS;Sul;Abalr. Transversal;1;0;0;1;0;0;0;0;0;0;1;0;1;0;0
15/12/2019;01:43:00;3;sem vitima;67;BR-392/RS;Norte;Abalr. Transversal;1;0;1;0;0;0;0;0;0;0;2;0;0;0;0
15/12/2019;07:15:00;10;com vitima;458,8;BR-116/RS;Norte;Tombamento;0;0;0;1;0;0;0;0;0;0;0;0;1;0;0
15/12/2019;10:46:00;40;sem vitima;73,8;BR-392/RS;Norte;Abalr. Transversal;2;0;0;0;0;0;0;0;0;0;5;0;0;0;0