data;horario;n_da_ocorrencia;tipo_de_ocorrencia;km;trecho;sentido;tipo_de_acidente;automovel;bicicleta;caminhao;moto;onibus;outros;tracao_animal;transporte_de_cargas_especiais;trator_maquinas;utilitarios;ilesos;levemente_feridos;moderadamente_feridos;gravemente_feridos;mortos
16/12/2019;05:35:00;6;sem vitima;66;BR-392/RS;Sul;Tombamento;0;0;1;0;0;0;0;0;0;0;1;0;0;0;0
16/12/2019;08:41:00;37;com vitima;15,9;BR-392/RS;Sul;Colisao com Objeto Fixo;1;0;0;0;0;0;0;0;0;0;0;1;0;0;0
16/12/2019;13:57:00;96;com vitima;464,7;BR-116/RS;Sul;Abalr. Transversal;1;0;1;0;0;0;0;0;0;0;2;1;0;0;0
16/12/2019;18:08:00;107;com vitima;3,2;BR-392/RS;Sul;Abalr. Transversal;0;0;0;2;0;0;0;0;0;0;0;1;2;0;0
20/12/2019;20:13:00;106;com vitima;428;BR-116/RS;Norte;Colisao Traseira;3;0;0;0;0;0;0;0;0;0;5;1;1;0;0
21/12/2019;06:16:00;14;sem vitima;6,9;BR-392/RS;Sul;Capotamento;1;0;0;0;0;0;0;0;0;0;2;0;0;0;0
22/12/2019;11:29:00;60;com vitima;33,6;BR-392/RS;Sul;Capotamento;1;0;0;0;0;0;0;0;0;0;0;0;1;0;0
23/12/2019;11:12:00;54;com vitima;416;BR-116/RS;Norte;Abalr. Mesmo Sentido;1;0;1;0;0;0;0;0;0;0;2;0;1;0;0
24/12/2019;03:52:00;2;sem vitima;63;BR-392/RS;Norte;Tombamento;0;0;0;1;0;0;0;0;0;0;1;0;0;0;0
24/12/2019;07:11:00;17;sem vitima;1,6;BR-392/RS;Sul;Tombamento;0;0;1;0;0;0;0;0;0;0;1;0;0;0;0
24/12/2019;19:21:00;95;com vitima;527,2;BR-116/RS;Sul;Colisao Traseira;2;0;0;1;0;0;0;0;0;0;2;0;2;0;0
25/12/2019;08:35:00;21;com vitima;79,5;BR-392/RS;Norte;Saida de Pista;1;0;0;0;0;0;0;0;0;0;0;1;0;0;0
27/12/2019;05:23:00;4;com vitima;92;BR-392/RS;Sul;Saida de Pista;1;0;0;0;0;0;0;0;0;0;0;1;0;0;0
28/12/2019;18:49:00;102;com vitima;510,6;BR-116/RS;Sul;Abalr. Transversal;1;0;0;1;0;0;0;0;0;0;4;0;2;0;0
31/12/2019;19:03:00;79;com vitima;52,3;BR-392/RS;Sul;Abalr. Transversal;1;0;0;1;0;0;0;0;0;0;1;1;0;0;0
01/01/2020;07:20:00;10;sem vitima;41,3;BR-392/RS;Sul;Capotamento;1;0;0;0;0;0;0;0;0;0;1;0;0;0;0
01/01/2020;12:25:00;57;com vitima;428,1;BR-116/RS;Norte;Colisao Frontal;2;0;0;0;0;0;0;0;0;0;4;1;0;0;0
02/01/2020;09:42:00;40;com vitima;87,8;BR-392/RS;Sul;Colisao Traseira;1;0;0;1;0;0;0;0;0;0;1;0;1;0;0
02/01/2020;16:25:00;81;sem vitima;115;BR-392/RS;Sul;Colisao com Objeto Fixo;1;0;0;0;0;0;0;0;0;0;1;0;0;0;0
03/01/2020;08:11:00;21;com vitima;1,6;BR-392/RS;Norte;Colisao Frontal;1;0;1;0;0;0;0;0;0;0;1;0;0;1;0
04/01/2020;03:10:00;6;sem vitima;514,5;BR-116/RS;Sul;Atropelamento de Animal;1;0;0;0;0;0;0;0;0;0;2;0;0;0;0
04/01/2020;07:35:00;13;com vitima;102,3;BR-392/RS;Norte;Tombamento;0;0;1;0;0;0;0;0;0;0;1;0;1;0;0
06/01/2020;14:11:00;76;com vitima;519;BR-116/RS;Norte;Abalr. Transversal;1;0;0;1;0;0;0;0;0;0;4;1;0;0;0
07/01/2020;15:51:00;96;com vitima;94,8;BR-392/RS;Sul;Colisao Frontal;0;0;1;1;0;0;0;0;0;0;1;0;0;1;0
08/01/2020;09:18:00;26;sem vitima;67;BR-392/RS;Norte;Abalr. Transversal;2;0;0;0;0;0;0;0;0;0;4;0;0;0;0
08/01/2020;10:08:00;41;com vitima;518,6;BR-116/RS;Sul;Colisao com Veiculo Estac.;0;1;1;0;0;0;0;0;0;0;1;1;0;0;0
08/01/2020;14:25:00;67;com vitima;125;BR-392/RS;Norte;Colisao Traseira;2;0;0;0;0;0;0;0;0;0;5;0;1;0;0
08/01/2020;18:21:00;87;sem vitima;521;BR-116/RS;Sul;Abalr. Transversal;2;0;0;0;0;0;0;0;0;0;4;0;0;0;0
09/01/2020;10:44:00;62;com vitima;454,4;BR-116/RS;Sul;Tombamento;0;0;0;1;0;0;0;0;0;0;0;1;0;0;0
09/01/2020;15:14:00;92;com vitima;136,4;BR-392/RS;Norte;Abalr. Transversal;2;0;0;0;0;0;0;0;0;0;2;0;1;0;0
11/01/2020;03:06:00;4;com vitima;529;BR-116/RS;Sul;Colisao Traseira;2;0;0;0;0;0;0;0;0;0;1;0;1;0;0
11/01/2020;05:21:00;9;sem vitima;528,8;BR-116/RS;Sul;Colisao Traseira;1;0;0;0;1;0;0;0;0;0;3;0;0;0;0
11/01/2020;16:18:00;66;sem vitima;526;BR-116/RS;Sul;Tombamento;0;0;1;0;0;0;0;0;0;0;1;0;0;0;0
12/01/2020;05:43:00;6;com vitima;17,5;BR-392/RS;Sul;Tombamento;0;0;0;1;0;0;0;0;0;0;0;1;0;0;0
12/01/2020;08:34:00;22;com vitima;18,4;BR-392/RS;Norte;Colisao Traseira;2;0;0;0;0;0;0;0;0;0;6;2;0;0;0
12/01/2020;21:46:00;110;com vitima;52,1;BR-392/RS;Norte;Atropelamento;0;0;0;0;1;0;0;0;0;0;1;0;0;1;0
12/01/2020;21:52:00;111;sem vitima;114;BR-392/RS;Sul;Saida de Pista;1;0;0;0;0;0;0;0;0;0;1;0;0;0;0
13/01/2020;14:13:00;97;sem vitima;408,5;BR-116/RS;Sul;Abalr. Mesmo Sentido;1;0;0;1;0;0;0;0;0;0;3;0;0;0;0
14/01/2020;10:07:00;40;sem vitima;67,8;BR-392/RS;Sul;Abalr. Transversal;2;0;0;0;0;0;0;0;0;0;9;0;0;0;0
14/01/2020;13:03:00;62;sem vitima;54,3;BR-392/RS;Sul;Saida de Pista;1;0;0;0;0;0;0;0;0;0;3;0;0;0;0
16/01/2020;07:50:00;19;com vitima;521;BR-116/RS;Norte;Abalr. Transversal;0;0;1;1;0;0;0;0;0;0;1;0;0;1;0
17/01/2020;15:40:00;86;com vitima;428,4;BR-116/RS;Norte;Colisao Traseira;0;0;1;0;0;0;0;0;1;0;2;0;1;0;0
17/01/2020;21:31:00;116;com vitima;528,9;BR-116/RS;Sul;Abalr. Transversal;1;0;0;1;0;0;0;0;0;0;2;0;1;0;0
18/01/2020;21:16:00;111;com vitima;61,8;BR-392/RS;Sul;Tombamento;0;0;0;1;0;0;0;0;0;0;0;1;0;0;0
22/01/2020;10:56:00;51;sem vitima;67;BR-392/RS;Norte;Colisao com Objeto Fixo;0;0;1;0;0;0;0;0;0;0;1;0;0;0;0
24/01/2020;03:35:00;5;com vitima;36,8;BR-392/RS;Norte;Saida de Pista;0;0;1;0;0;0;0;0;0;0;1;0;1;0;0
24/01/2020;05:53:00;9;sem vitima;517,4;BR-116/RS;Norte;Colisao com Objeto Fixo;1;0;0;0;0;0;0;0;0;0;1;0;0;0;0
25/01/2020;22:37:00;124;com vitima;131,1;BR-392/RS;Sul;Colisao Traseira;2;0;1;0;0;0;0;0;0;0;4;1;0;0;0
26/01/2020;18:16:00;78;sem vitima;66,6;BR-392/RS;Norte;Colisao Traseira;1;0;1;0;0;0;0;0;0;0;5;0;0;0;0
26/01/2020;21:56:00;113;sem vitima;401,5;BR-116/RS;Norte;Abalr. Transversal;2;0;0;0;0;0;0;0;0;0;3;0;0;0;0
27/01/2020;09:31:00;37;sem vitima;16,2;BR-392/RS;Sul;Colisao com Objeto Fixo;0;0;1;0;0;0;0;0;0;0;1;0;0;0;0
27/01/2020;11:01:00;56;com vitima;62;BR-392/RS;Sul;Tombamento;0;0;0;1;0;0;0;0;0;0;0;1;1;0;0
29/01/2020;08:22:00;24;com vitima;83,5;BR-392/RS;Sul;Abalr. Mesmo Sentido;0;0;1;1;0;0;0;0;0;0;1;0;1;0;0
30/01/2020;19:23:00;93;com vitima;21,1;BR-392/RS;Norte;Capotamento;1;0;0;0;0;0;0;0;0;0;1;3;0;0;0
01/02/2020;14:33:00;66;com vitima;657,8;BR-116/RS;Norte;Colisao Traseira;2;0;0;0;0;0;0;0;0;0;1;1;0;0;0
03/02/2020;06:35:00;14;sem vitima;514;BR-116/RS;Norte;Saida de Pista;1;0;0;0;0;0;0;0;0;0;1;0;0;0;0
04/02/2020;14:16:00;65;com vitima;72,1;BR-392/RS;Sul;Colisao Traseira;0;0;1;0;0;0;0;0;1;0;1;1;1;0;0
04/02/2020;17:43:00;78;com vitima;527;BR-116/RS;Norte;Colisao Traseira;0;0;1;1;0;0;0;0;0;0;1;1;0;0;0
06/02/2020;18:15:00;104;com vitima;493,9;BR-116/RS;Sul;Atropelamento;0;0;1;0;0;0;0;0;0;0;1;0;1;0;0
07/02/2020;14:43:00;80;com vitima;524,9;BR-116/RS;Sul;Abalr. Transversal;0;0;1;1;0;0;0;0;0;0;4;0;1;0;0
07/02/2020;20:29:00;124;com vitima;422,9;BR-116/RS;Sul;Colisao Frontal;2;0;0;0;0;0;0;0;0;0;0;3;0;0;0
08/02/2020;13:26:00;69;com vitima;521;BR-116/RS;Sul;Abalr. Transversal;1;0;0;1;0;0;0;0;0;0;1;0;1;1;0
09/02/2020;05:04:00;10;com vitima;427,8;BR-116/RS;Sul;Colisao Frontal;1;0;0;1;0;0;0;0;0;0;3;0;0;2;0
09/02/2020;16:03:00;75;com vitima;64,5;BR-392/RS;Norte;Tombamento;0;0;0;1;0;0;0;0;0;0;0;0;2;0;0
10/02/2020;03:06:00;11;com vitima;593,8;BR-116/RS;Sul;Atropelamento de Animal;1;0;0;0;0;0;0;0;0;0;2;2;0;0;0
10/02/2020;22:13:00;125;com vitima;20;BR-392/RS;Sul;Saida de Pista;1;0;0;0;0;0;0;0;0;0;1;1;0;0;0
11/02/2020;07:08:00;16;com vitima;26,7;BR-392/RS;Norte;Abalr. Transversal;1;0;0;0;1;0;0;0;0;0;2;0;1;0;0
12/02/2020;09:23:00;40;sem vitima;515,9;BR-116/RS;Norte;Saida de Pista;0;0;1;0;0;0;0;0;0;0;1;0;0;0;0
13/02/2020;11:42:00;63;com vitima;27;BR-392/RS;Sul;Colisao Traseira;1;0;0;1;0;0;0;0;0;0;1;1;0;0;0
16/02/2020;19:16:00;104;com vitima;76,1;BR-392/RS;Sul;Colisao Traseira;1;0;0;1;0;0;0;0;0;0;2;1;0;0;0
17/02/2020;06:53:00;10;com vitima;525,5;BR-116/RS;Sul;Abalr. Transversal;2;0;0;0;0;0;0;0;0;0;1;2;0;0;0
17/02/2020;12:26:00;55;com vitima;13;BR-392/RS;Norte;Tombamento;0;0;0;1;0;0;0;0;0;0;0;1;0;0;0
18/02/2020;17:10:00;105;com vitima;66,9;BR-392/RS;Sul;Abalr. Transversal;2;0;0;0;0;0;0;0;0;0;2;1;0;0;0
20/02/2020;11:58:00;60;com vitima;561,3;BR-116/RS;Sul;Tombamento;0;0;0;1;0;0;0;0;0;0;0;1;0;0;0
22/02/2020;20:45:00;129;com vitima;525,8;BR-116/RS;Sul;Atropelamento;1;0;0;0;0;0;0;0;0;0;3;0;0;0;1
23/02/2020;12:17:00;69;com vitima;24;BR-392/RS;Sul;Tombamento;0;0;0;1;0;0;0;0;0;0;0;2;0;0;0
26/02/2020;15:48:00;87;com vitima;22,2;BR-392/RS;Norte;Saida de Pista;0;0;1;0;0;0;0;0;0;0;0;0;1;0;0
26/02/2020;22:44:00;134;com vitima;194,2;BR-392/RS;Norte;Tombamento;0;0;1;0;0;0;0;0;0;0;0;1;0;0;0
29/02/2020;18:06:00;84;com vitima;85,6;BR-392/RS;Norte;Colisao Frontal;1;0;1;0;0;0;0;0;0;0;0;0;1;1;0
01/03/2020;12:28:00;65;com vitima;510,8;BR-116/RS;Norte;Colisao Frontal;1;0;0;1;0;0;0;0;0;0;0;0;1;0;0
02/03/2020;22:47:00;131;com vitima;112,1;BR-392/RS;Sul;Atropelamento de Animal;1;0;0;0;0;0;0;0;0;0;0;0;1;0;0
04/03/2020;07:48:00;16;com vitima;515,8;BR-116/RS;Sul;Outros tipos de acidente;1;0;0;2;0;0;0;0;0;0;1;1;1;0;0
06/03/2020;06:04:00;5;com vitima;528,3;BR-116/RS;Sul;Tombamento;0;0;0;1;0;0;0;0;0;0;0;1;0;0;0
08/03/2020;03:59:00;11;com vitima;113,2;BR-392/RS;Sul;Atropelamento;1;0;0;0;0;0;0;0;0;0;1;0;0;0;1
10/03/2020;13:41:00;70;com vitima;7,8;BR-392/RS;Norte;Abalr. Transversal;1;0;1;0;0;0;0;0;0;0;1;1;0;0;0
10/03/2020;17:20:00;90;com vitima;521;BR-116/RS;Norte;Atropelamento;1;1;0;0;0;0;0;0;0;0;1;1;0;0;0
11/03/2020;08:47:00;33;com vitima;131,6;BR-392/RS;Sul;Saida de Pista;0;0;0;1;0;0;0;0;0;0;0;0;0;1;0
11/03/2020;16:49:00;88;com vitima;22,7;BR-392/RS;Norte;Tombamento;0;0;0;1;0;0;0;0;0;0;0;1;0;0;0
12/03/2020;09:13:00;38;sem vitima;429,5;BR-116/RS;Sul;Colisao com Objeto Fixo;0;0;1;0;0;0;0;0;0;0;2;0;0;0;0
13/03/2020;10:31:00;66;com vitima;461,7;BR-116/RS;Norte;Abalr. Mesmo Sentido;1;0;1;0;0;0;0;0;0;0;2;1;0;0;0
13/03/2020;22:13:00;137;com vitima;19;BR-392/RS;Norte;Saida de Pista;1;0;0;0;0;0;0;0;0;0;0;2;0;0;0
18/03/2020;20:24:00;109;com vitima;5,1;BR-392/RS;Norte;Abalr. Transversal;1;0;1;0;0;0;0;0;0;0;1;1;0;0;0
21/03/2020;16:43:00;87;sem vitima;521,3;BR-116/RS;Sul;Abalr. Mesmo Sentido;1;0;1;0;0;0;0;0;0;0;4;0;0;0;0
22/03/2020;18:49:00;81;com vitima;53,9;BR-392/RS;Sul;Saida de Pista;0;0;1;0;0;0;0;0;0;0;0;0;2;0;0
27/03/2020;02:00:00;4;com vitima;164,6;BR-392/RS;Sul;Saida de Pista;0;0;1;0;0;0;0;0;0;0;0;0;0;1;0
27/03/2020;16:20:00;86;com vitima;476;BR-116/RS;Norte;Abalr. Mesmo Sentido;0;0;2;0;0;0;0;0;0;0;1;0;0;1;0
27/03/2020;22:41:00;112;com vitima;629,2;BR-116/RS;Sul;Atropelamento de Animal;0;0;0;1;0;0;0;0;0;0;0;2;0;0;0
28/03/2020;18:22:00;87;com vitima;41,1;BR-392/RS;Sul;Tombamento;0;0;0;1;0;0;0;0;0;0;0;0;0;1;0
29/03/2020;06:16:00;2;sem vitima;519,9;BR-116/RS;Norte;Capotamento;1;0;0;0;0;0;0;0;0;0;1;0;0;0;0
30/03/2020;23:04:00;137;sem vitima;575;BR-116/RS;Norte;Tombamento;0;0;2;0;0;0;0;0;0;0;2;0;0;0;0
31/03/2020;08:34:00;26;com vitima;556,8;BR-116/RS;Sul;Saida de Pista;1;0;0;0;0;0;0;0;0;0;0;0;2;0;0
01/04/2020;16:12:00;69;com vitima;95,5;BR-392/RS;Sul;Tombamento;0;0;0;1;0;0;0;0;0;0;0;1;1;0;0
02/04/2020;10:38:00;54;com vitima;62;BR-392/RS;Sul;Saida de Pista;0;0;1;1;0;0;0;0;0;0;1;2;0;0;0
03/04/2020;16:35:00;90;com vitima;591,2;BR-116/RS;Norte;Saida de Pista;1;0;0;0;0;0;0;0;0;0;0;0;1;0;0
05/04/2020;06:56:00;6;com vitima;37,9;BR-392/RS;Sul;Saida de Pista;1;0;0;0;0;0;0;0;0;0;0;0;2;0;0
06/04/2020;11:10:00;59;com vitima;520,9;BR-116/RS;Sul;Abalr. Transversal;1;0;0;1;0;0;0;0;0;0;1;0;1;0;0
06/04/2020;15:57:00;87;com vitima;520,9;BR-116/RS;Norte;Abalr. Transversal;1;0;0;1;0;0;0;0;0;0;1;0;0;1;0
07/04/2020;05:13:00;10;sem vitima;613,6;BR-116/RS;Norte;Atropelamento de Animal;0;0;1;0;0;0;0;0;0;0;1;0;0;0;0
07/04/2020;15:58:00;88;com vitima;526,5;BR-116/RS;Norte;Abalr. Transversal;0;0;2;0;0;0;0;0;0;0;1;0;1;0;0
07/04/2020;18:04:00;101;com vitima;424,9;BR-116/RS;Norte;Colisao Traseira;2;0;0;0;0;0;0;0;0;0;2;0;0;2;0
08/04/2020;01:39:00;9;sem vitima;47;BR-392/RS;Norte;Saida de Pista;1;0;0;0;0;0;0;0;0;0;1;0;0;0;0
08/04/2020;19:05:00;91;com vitima;9,5;BR-392/RS;Sul;Abalr. Transversal;0;0;1;1;0;0;0;0;0;0;1;0;1;0;0
12/04/2020;04:41:00;5;sem vitima;87,3;BR-392/RS;Sul;Saida de Pista;1;0;0;0;0;0;0;0;0;0;1;0;0;0;0
14/04/2020;14:54:00;90;com vitima;520,9;BR-116/RS;Norte;Tombamento;0;0;0;1;0;0;0;0;0;0;0;1;0;0;0
15/04/2020;18:51:00;103;com vitima;20,1;BR-392/RS;Sul;Colisao Traseira;2;0;0;0;0;0;0;0;0;0;1;0;1;0;0
16/04/2020;11:14:00;52;com vitima;122,3;BR-392/RS;Sul;Abalr. Transversal;2;0;0;0;0;0;0;0;0;0;0;0;1;1;0
16/04/2020;18:53:00;88;com vitima;10;BR-392/RS;Sul;Colisao Traseira;0;0;2;0;0;0;0;0;0;0;1;0;2;0;0
18/04/2020;11:40:00;64;com vitima;517;BR-116/RS;Norte;Abalr. Transversal;1;0;0;1;0;0;0;0;0;0;1;1;0;0;0
20/04/2020;05:09:00;5;sem vitima;429,5;BR-116/RS;Sul;Colisao com Objeto Fixo;1;0;0;0;0;0;0;0;0;0;1;0;0;0;0
20/04/2020;20:00:00;100;sem vitima;15,6;BR-392/RS;Sul;Tombamento;0;0;1;0;0;0;0;0;0;0;1;0;0;0;0
21/04/2020;22:02:00;90;com vitima;113,5;BR-392/RS;Norte;Colisao Frontal;3;0;0;0;0;0;0;0;0;0;1;2;0;0;0
22/04/2020;19:42:00;111;com vitima;39,4;BR-392/RS;Norte;Abalr. Mesmo Sentido;0;0;1;0;0;0;1;0;0;0;2;0;1;0;0
23/04/2020;17:35:00;102;com vitima;529,5;BR-116/RS;Sul;Abalr. Transversal;0;1;0;1;0;0;0;0;0;0;1;1;0;0;0
24/04/2020;19:13:00;99;com vitima;612,2;BR-116/RS;Sul;Abalr. Transversal;2;0;0;0;0;0;0;0;0;0;0;2;1;0;0
24/04/2020;19:19:00;100;com vitima;93;BR-392/RS;Norte;Saida de Pista;0;0;1;0;0;0;0;0;0;0;1;0;1;0;0
25/04/2020;07:19:00;13;com vitima;521;BR-116/RS;Norte;Abalr. Transversal;2;0;0;0;0;0;0;0;0;0;2;0;1;0;0
27/04/2020;06:45:00;11;com vitima;529,4;BR-116/RS;Sul;Abalr. Transversal;1;0;0;1;0;0;0;0;0;0;1;1;0;0;0
29/04/2020;14:01:00;77;com vitima;44,5;BR-392/RS;Norte;Tombamento;0;0;0;1;0;0;0;0;0;0;0;0;1;0;0
29/04/2020;15:32:00;85;sem vitima;95;BR-392/RS;Sul;Abalr. Mesmo Sentido;1;0;1;0;0;0;0;0;0;0;2;0;0;0;0
30/04/2020;18:59:00;109;com vitima;615,5;BR-116/RS;Norte;Colisao Traseira;0;0;0;1;0;0;1;0;0;0;1;0;1;0;0
01/05/2020;07:40:00;15;sem vitima;64,4;BR-392/RS;Norte;Saida de Pista;0;0;1;0;0;0;0;0;0;0;1;0;0;0;0
02/05/2020;21:03:00;86;sem vitima;656;BR-116/RS;Sul;Atropelamento de Animal;1;0;0;0;0;0;0;0;0;0;1;0;0;0;0
03/05/2020;00:37:00;3;sem vitima;12;BR-392/RS;Norte;Colisao Traseira;0;0;3;0;0;0;0;0;0;0;3;0;0;0;0
03/05/2020;18:49:00;70;com vitima;510,8;BR-116/RS;Sul;Abalr. Transversal;1;0;0;1;0;0;0;0;0;0;1;0;1;0;0
03/05/2020;20:38:00;77;sem vitima;60,3;BR-392/RS;Sul;Colisao Traseira;0;0;2;0;0;0;0;0;0;0;3;0;0;0;0
05/05/2020;15:52:00;72;sem vitima;48,5;BR-392/RS;Sul;Colisao Traseira;0;0;2;0;0;0;0;0;0;0;2;0;0;0;0
06/05/2020;01:21:00;3;sem vitima;476;BR-116/RS;Norte;Saida de Pista;0;0;1;0;0;0;0;0;0;0;1;0;0;0;0
06/05/2020;02:53:00;5;sem vitima;19,4;BR-392/RS;Norte;Atropelamento de Animal;0;0;1;0;0;0;0;0;0;0;1;0;0;0;0
07/05/2020;14:36:00;66;sem vitima;52,2;BR-392/RS;Norte;Colisao Traseira;0;0;2;0;0;0;0;0;0;0;3;0;0;0;0
07/05/2020;19:32:00;95;com vitima;13,5;BR-392/RS;Sul;Atropelamento de Animal;1;0;0;0;0;0;0;0;0;0;3;0;0;1;0
07/05/2020;20:14:00;99;com vitima;13,5;BR-392/RS;Sul;Atropelamento de Animal;1;0;0;0;0;0;0;0;0;0;0;1;0;0;0
08/05/2020;00:37:00;4;com vitima;67;BR-392/RS;Sul;Colisao Frontal;1;0;1;0;0;0;0;0;0;0;1;0;1;0;0
08/05/2020;02:02:00;10;sem vitima;569;BR-116/RS;Norte;Atropelamento de Animal;1;0;0;0;0;0;0;0;0;0;2;0;0;0;0
08/05/2020;10:21:00;58;com vitima;414;BR-116/RS;Sul;Tombamento;0;0;0;1;0;0;0;0;0;0;1;1;0;0;0
10/05/2020;21:40:00;79;com vitima;66,9;BR-392/RS;Sul;Abalr. Transversal;2;0;1;0;0;0;0;0;0;0;3;1;0;0;0
11/05/2020;16:49:00;63;sem vitima;99;BR-392/RS;Sul;Saida de Pista;1;0;0;0;0;0;0;0;0;0;1;0;0;0;0
12/05/2020;09:58:00;41;com vitima;106,8;BR-392/RS;Sul;Saida de Pista;1;0;0;0;0;0;0;0;0;0;0;2;0;0;0
12/05/2020;10:43:00;53;sem vitima;52,3;BR-392/RS;Sul;Tombamento;0;0;0;1;0;0;0;0;0;0;1;0;0;0;0
13/05/2020;11:55:00;57;sem vitima;58,3;BR-392/RS;Norte;Colisao Traseira;0;0;2;0;0;0;0;0;0;0;2;0;0;0;0
13/05/2020;14:14:00;69;com vitima;517;BR-116/RS;Norte;Abalr. Transversal;1;0;0;1;0;0;0;0;0;0;2;0;1;0;0
14/05/2020;12:46:00;63;com vitima;36,1;BR-392/RS;Norte;Saida de Pista;0;0;1;0;0;0;0;0;0;0;0;0;1;0;0
14/05/2020;15:36:00;73;com vitima;72,4;BR-392/RS;Sul;Abalr. Transversal;2;0;0;0;0;0;0;0;0;0;0;3;0;0;0
14/05/2020;15:57:00;75;sem vitima;62,4;BR-392/RS;Sul;Tombamento;0;0;1;0;0;0;0;0;0;0;1;0;0;0;0
15/05/2020;05:19:00;6;sem vitima;27,7;BR-392/RS;Norte;Atropelamento de Animal;0;0;1;0;0;0;0;0;0;0;1;0;0;0;0
16/05/2020;01:09:00;3;com vitima;446;BR-116/RS;Sul;Saida de Pista;0;0;1;0;0;0;0;0;0;0;0;1;0;0;0
18/05/2020;05:47:00;15;com vitima;512;BR-116/RS;Sul;Atropelamento de Animal;1;0;0;0;0;0;0;0;0;0;0;1;0;0;0
18/05/2020;19:18:00;96;sem vitima;41,5;BR-392/RS;Sul;Abalr. Transversal;1;1;0;0;0;0;0;0;0;0;2;0;0;0;0
19/05/2020;08:26:00;26;sem vitima;105;BR-392/RS;Sul;Tombamento;0;0;1;0;0;0;0;0;0;0;1;0;0;0;0
20/05/2020;05:03:00;6;com vitima;91;BR-392/RS;Norte;Saida de Pista;0;0;1;0;0;0;0;0;0;0;0;1;0;0;0
20/05/2020;15:01:00;101;com vitima;525,4;BR-116/RS;Norte;Abalr. Transversal;1;0;1;0;0;0;0;0;0;0;1;1;0;0;0
22/05/2020;14:24:00;70;com vitima;193,4;BR-392/RS;Norte;Saida de Pista;0;0;1;0;0;0;0;0;0;0;0;1;0;0;0
22/05/2020;20:39:00;94;sem vitima;49,9;BR-392/RS;Norte;Saida de Pista;0;0;1;0;0;0;0;0;0;0;1;0;0;0;0
23/05/2020;11:42:00;57;sem vitima;401,1;BR-116/RS;Norte;Abalr. Transversal;2;0;0;0;0;0;0;0;0;0;2;0;0;0;0
24/05/2020;22:02:00;105;sem vitima;121,2;BR-392/RS;Sul;Atropelamento de Animal;1;0;0;0;0;0;0;0;0;0;2;0;0;0;0
25/05/2020;09:29:00;26;sem vitima;9;BR-392/RS;Sul;Abalr. Transversal;0;0;1;0;0;1;0;0;0;0;2;0;0;0;0
26/05/2020;20:30:00;98;com vitima;624,5;BR-116/RS;Norte;Colisao Traseira;0;0;1;1;0;0;0;0;0;0;1;0;0;0;1
27/05/2020;16:07:00;74;sem vitima;400,5;BR-116/RS;Norte;Tombamento;0;0;1;0;0;0;0;0;0;0;2;0;0;0;0
28/05/2020;07:34:00;21;com vitima;444;BR-116/RS;Sul;Colisao Traseira;1;0;1;0;0;0;0;0;0;0;1;0;1;0;0
28/05/2020;15:33:00;69;com vitima;525;BR-116/RS;Norte;Abalr. Sentido Oposto;2;0;0;0;0;0;0;0;0;0;1;1;0;0;0
29/05/2020;07:31:00;18;com vitima;11,8;BR-392/RS;Sul;Colisao Traseira;2;0;1;2;0;0;0;0;0;0;3;2;0;0;0
29/05/2020;07:48:00;24;com vitima;533,6;BR-116/RS;Sul;Saida de Pista;1;0;0;0;0;0;0;0;0;0;0;4;1;0;0
29/05/2020;19:21:00;81;sem vitima;20;BR-392/RS;Norte;Atropelamento de Animal;1;0;0;0;0;0;0;0;0;0;1;0;0;0;0
30/05/2020;15:13:00;76;com vitima;122,5;BR-392/RS;Norte;Abalr. Transversal;1;0;0;1;0;0;0;0;0;0;0;1;0;1;0
31/05/2020;01:34:00;2;com vitima;5,7;BR-392/RS;Norte;Capotamento;1;0;0;0;0;0;0;0;0;0;0;0;1;0;0
31/05/2020;02:06:00;3;com vitima;5,7;BR-392/RS;Norte;Capotamento;1;0;0;0;0;0;0;0;0;0;0;0;1;0;0
31/05/2020;12:51:00;49;com vitima;403,1;BR-116/RS;Sul;Tombamento;0;0;0;1;0;0;0;0;0;0;0;1;0;0;0
31/05/2020;16:20:00;62;com vitima;15,6;BR-392/RS;Norte;Colisao Traseira;1;0;0;1;0;0;0;0;0;0;1;1;0;0;0
01/06/2020;08:18:00;22;com vitima;553,7;BR-116/RS;Sul;Saida de Pista;1;0;0;0;0;0;0;0;0;0;0;0;1;0;0
03/06/2020;01:58:00;5;sem vitima;438,7;BR-116/RS;Norte;Saida de Pista;1;0;0;0;0;0;0;0;0;0;1;0;0;0;0
03/06/2020;18:36:00;98;com vitima;526;BR-116/RS;Norte;Colisao com Objeto Fixo;0;0;0;1;0;0;0;0;0;0;0;0;1;0;0
04/06/2020;16:37:00;73;com vitima;470,3;BR-116/RS;Norte;Colisao Traseira;3;0;0;0;0;0;0;0;0;0;3;1;0;1;0
05/06/2020;20:47:00;95;sem vitima;526;BR-116/RS;Norte;Saida de Pista;1;0;0;0;0;0;0;0;0;0;1;0;0;0;0
06/06/2020;04:52:00;14;com vitima;612;BR-116/RS;Sul;Atropelamento de Animal;1;0;0;0;0;0;0;0;0;0;1;0;1;0;0
07/06/2020;12:22:00;55;sem vitima;52,8;BR-392/RS;Sul;Saida de Pista;1;0;0;0;0;0;0;0;0;0;1;0;0;0;0
07/06/2020;18:59:00;68;sem vitima;20,7;BR-392/RS;Sul;Saida de Pista;0;0;1;0;0;0;0;0;0;0;1;0;0;0;0
08/06/2020;08:53:00;17;com vitima;99,5;BR-392/RS;Sul;Tombamento;0;0;0;1;0;0;0;0;0;0;0;1;0;0;0