data;horario;n_da_ocorrencia;tipo_de_ocorrencia;km;trecho;sentido;tipo_de_acidente;automovel;bicicleta;caminhao;moto;onibus;outros;tracao_animal;transporte_de_cargas_especiais;trator_maquinas;utilitarios;ilesos;levemente_feridos;moderadamente_feridos;gravemente_feridos;mortos
08/06/2020;15:06:00;59;com vitima;645,7;BR-116/RS;Norte;Saida de Pista;1;0;0;0;0;0;0;0;0;0;0;1;0;0;0
08/06/2020;17:53:00;73;com vitima;9,1;BR-392/RS;Norte;Abalr. Transversal;1;0;0;1;0;0;0;0;0;0;1;0;1;0;0
09/06/2020;11:44:00;60;com vitima;521,3;BR-116/RS;Norte;Tombamento;0;0;0;1;0;0;0;0;0;0;0;0;1;0;0
09/06/2020;13:30:00;68;com vitima;439,7;BR-116/RS;Norte;Saida de Pista;1;0;0;0;0;0;0;0;0;0;0;1;0;0;0
09/06/2020;18:41:00;93;com vitima;530;BR-116/RS;Sul;Colisao Frontal;0;0;0;2;0;0;0;0;0;0;1;1;0;0;0
11/06/2020;11:04:00;46;com vitima;190;BR-392/RS;Sul;Saida de Pista;0;0;1;0;0;0;0;0;0;0;0;0;1;0;0
12/06/2020;13:23:00;71;sem vitima;74,1;BR-392/RS;Norte;Saida de Pista;1;0;0;0;0;0;0;0;0;0;1;0;0;0;0
13/06/2020;22:48:00;120;sem vitima;28,3;BR-392/RS;Sul;Atropelamento de Animal;0;0;1;0;0;0;0;0;0;0;1;0;0;0;0
15/06/2020;22:23:00;128;sem vitima;15;BR-392/RS;Sul;Tombamento;0;0;1;0;0;0;0;0;0;0;2;0;0;0;0
15/06/2020;22:35:00;130;sem vitima;518,3;BR-116/RS;Sul;Atropelamento de Animal;1;0;0;0;0;0;0;0;0;0;1;0;0;0;0
16/06/2020;15:10:00;96;com vitima;505;BR-116/RS;Norte;Colisao Traseira;1;1;0;0;0;0;0;0;0;0;1;1;0;0;0
16/06/2020;20:34:00;125;com vitima;25;BR-392/RS;Norte;Abalr. Transversal;0;1;0;1;0;0;0;0;0;0;1;1;0;0;0
16/06/2020;23:54:00;145;sem vitima;64,5;BR-392/RS;Norte;Atropelamento de Animal;1;0;0;0;0;0;0;0;0;0;1;0;0;0;0
17/06/2020;07:43:00;24;com vitima;525,3;BR-116/RS;Sul;Abalr. Transversal;1;0;0;1;0;0;0;0;0;0;2;1;0;0;0
18/06/2020;14:04:00;71;com vitima;529;BR-116/RS;Norte;Abalr. Transversal;1;0;0;1;0;0;0;0;0;0;1;1;0;0;0
18/06/2020;18:00:00;88;sem vitima;521,4;BR-116/RS;Sul;Abalr. Transversal;2;0;0;0;0;0;0;0;0;0;7;0;0;0;0
19/06/2020;06:52:00;20;com vitima;477,7;BR-116/RS;Norte;Saida de Pista;1;0;0;0;0;0;0;0;0;0;0;0;1;0;0
19/06/2020;10:05:00;47;sem vitima;108;BR-392/RS;Norte;Abalr. Sentido Oposto;1;0;2;0;0;0;0;0;0;0;3;0;0;0;0
20/06/2020;08:14:00;28;sem vitima;438;BR-116/RS;Norte;Saida de Pista;1;0;0;0;0;0;0;0;0;0;3;0;0;0;0
20/06/2020;18:00:00;92;sem vitima;50;BR-392/RS;Norte;Saida de Pista;1;0;0;0;0;0;0;0;0;0;3;0;0;0;0
21/06/2020;22:56:00;128;com vitima;38,8;BR-392/RS;Norte;Atropelamento de Animal;0;0;0;1;0;0;0;0;0;0;0;1;0;0;0
22/06/2020;15:30:00;81;sem vitima;436,2;BR-116/RS;Sul;Tombamento;0;0;1;0;0;0;0;0;0;0;1;0;0;0;0
24/06/2020;09:15:00;46;com vitima;74,4;BR-392/RS;Norte;Saida de Pista;1;0;0;0;0;0;0;0;0;0;0;0;1;0;0
24/06/2020;10:34:00;61;com vitima;174,6;BR-392/RS;Norte;Tombamento;0;0;1;0;0;0;0;0;0;0;0;0;1;0;0
25/06/2020;07:43:00;13;com vitima;528,8;BR-116/RS;Norte;Colisao Traseira;2;0;0;0;0;0;0;0;0;0;2;1;0;0;0
28/06/2020;01:57:00;6;com vitima;126,7;BR-392/RS;Sul;Saida de Pista;1;0;0;0;0;0;0;0;0;0;1;1;0;0;0
28/06/2020;09:22:00;38;com vitima;50,5;BR-392/RS;Norte;Saida de Pista;0;0;1;0;0;0;0;0;0;0;0;0;1;0;0
28/06/2020;12:13:00;60;com vitima;182;BR-392/RS;Norte;Colisao com Objeto Fixo;0;0;0;1;0;0;0;0;0;0;0;0;1;0;0
28/06/2020;18:42:00;92;sem vitima;12,9;BR-392/RS;Sul;Atropelamento de Animal;1;0;0;0;0;0;0;0;0;0;2;0;0;0;0
28/06/2020;21:24:00;115;sem vitima;527,3;BR-116/RS;Norte;Atropelamento de Animal;2;0;0;0;0;0;0;0;0;0;3;0;0;0;0
29/06/2020;13:51:00;80;com vitima;517;BR-116/RS;Norte;Abalr. Transversal;0;0;0;1;0;1;0;0;0;0;1;0;0;1;0
29/06/2020;20:17:00;131;com vitima;115,5;BR-392/RS;Norte;Colisao Traseira;1;0;0;1;0;1;0;0;0;0;2;0;1;0;0
30/06/2020;18:41:00;100;sem vitima;2,9;BR-392/RS;Norte;Atropelamento de Animal;0;0;1;0;0;0;0;0;0;0;2;0;0;0;0
01/07/2020;08:43:00;58;sem vitima;465;BR-116/RS;Sul;Colisao Traseira;1;0;0;0;1;0;0;0;0;0;7;0;0;0;0
01/07/2020;13:18:00;104;com vitima;124,8;BR-392/RS;Sul;Saida de Pista;1;0;0;0;0;0;0;0;0;0;2;1;0;0;0
01/07/2020;18:52:00;141;com vitima;93,3;BR-392/RS;Norte;Abalr. Transversal;1;0;0;1;0;0;0;0;0;0;1;1;0;0;0
02/07/2020;10:41:00;57;com vitima;48;BR-392/RS;Sul;Colisao Traseira;0;0;2;0;0;0;0;0;0;0;0;2;0;0;0
02/07/2020;14:10:00;78;sem vitima;483;BR-116/RS;Norte;Saida de Pista;1;0;0;0;0;0;0;0;0;0;1;0;0;0;0
02/07/2020;22:07:00;127;sem vitima;571;BR-116/RS;Norte;Atropelamento de Animal;1;0;0;0;0;0;0;0;0;0;4;0;0;0;0
03/07/2020;17:21:00;100;com vitima;21,3;BR-392/RS;Sul;Colisao Traseira;0;0;1;1;0;0;0;0;0;0;1;1;0;0;0
04/07/2020;15:42:00;124;com vitima;31,4;BR-392/RS;Norte;Abalr. Transversal;2;0;0;0;0;0;0;0;0;0;1;0;2;0;0
05/07/2020;21:30:00;119;com vitima;431;BR-116/RS;Norte;Queda de moto;0;0;0;1;0;0;0;0;0;0;0;1;0;0;0
07/07/2020;01:33:00;7;com vitima;658;BR-116/RS;Sul;Colisao Traseira;0;0;1;1;0;0;0;0;0;0;1;0;0;0;1
08/07/2020;17:04:00;115;com vitima;150,3;BR-392/RS;Sul;Tombamento;0;0;1;0;0;0;0;0;0;0;0;1;0;0;0
09/07/2020;18:15:00;111;sem vitima;119,4;BR-392/RS;Sul;Saida de Pista;1;0;0;0;0;0;0;0;0;0;1;0;0;0;0
10/07/2020;11:17:00;57;com vitima;530,1;BR-116/RS;Norte;Abalr. Transversal;2;0;0;0;0;0;0;0;0;0;0;2;0;0;0
10/07/2020;20:51:00;128;sem vitima;76,4;BR-392/RS;Sul;Atropelamento de Animal;1;0;0;0;0;0;0;0;0;0;2;0;0;0;0
11/07/2020;06:46:00;14;sem vitima;16,2;BR-392/RS;Norte;Colisao com Objeto Fixo;0;0;4;0;0;0;0;0;0;0;4;0;0;0;0
13/07/2020;08:23:00;28;com vitima;122,2;BR-392/RS;Sul;Abalr. Transversal;0;0;1;1;0;0;0;0;0;0;1;0;0;1;0
13/07/2020;08:33:00;29;sem vitima;17,6;BR-392/RS;Sul;Colisao Traseira;2;0;0;0;0;0;0;0;0;0;2;0;0;0;0
13/07/2020;21:51:00;125;sem vitima;482;BR-116/RS;Sul;Colisao com Objeto Fixo;1;0;0;0;0;0;0;0;0;0;1;0;0;0;0
15/07/2020;16:22:00;100;com vitima;524;BR-116/RS;Sul;Queda de moto;0;0;0;1;0;0;0;0;0;0;0;2;0;0;0
16/07/2020;11:24:00;62;com vitima;67;BR-392/RS;Sul;Abalr. Transversal;2;0;0;0;0;0;0;0;0;0;2;1;0;0;0
16/07/2020;18:08:00;107;com vitima;514;BR-116/RS;Norte;Abalr. Transversal;2;0;0;0;0;0;0;0;0;0;1;1;0;0;0
18/07/2020;12:45:00;63;com vitima;18;BR-392/RS;Sul;Abalr. Transversal;1;0;0;1;0;0;0;0;0;0;1;0;1;0;0
19/07/2020;16:24:00;136;com vitima;71,3;BR-392/RS;Norte;Saida de Pista;0;0;0;1;0;0;0;0;0;0;0;0;0;1;0
19/07/2020;21:59:00;168;sem vitima;577,9;BR-116/RS;Sul;Atropelamento de Animal;1;0;0;0;0;0;0;0;0;0;1;0;0;0;0
20/07/2020;11:48:00;64;com vitima;104,6;BR-392/RS;Norte;Saida de Pista;1;0;0;0;0;0;0;0;0;0;0;1;0;0;0
22/07/2020;19:18:00;115;com vitima;529;BR-116/RS;Norte;Abalr. Transversal;0;0;0;2;0;0;0;0;0;0;0;2;1;0;0
25/07/2020;06:55:00;15;sem vitima;155,6;BR-392/RS;Norte;Saida de Pista;0;0;1;0;0;0;0;0;0;0;1;0;0;0;0
25/07/2020;18:42:00;94;com vitima;29,5;BR-392/RS;Sul;Abalr. Transversal;0;0;0;1;0;0;1;0;0;0;1;0;0;0;1
25/07/2020;18:45:00;95;com vitima;530;BR-116/RS;Norte;Abalr. Transversal;1;0;0;1;0;0;0;0;0;0;2;1;0;0;0
26/07/2020;16:03:00;69;com vitima;453,7;BR-116/RS;Norte;Saida de Pista;1;0;0;0;0;0;0;0;0;0;0;1;0;0;0
26/07/2020;19:25:00;83;sem vitima;46;BR-392/RS;Norte;Atropelamento de Animal;1;0;0;0;0;0;0;0;0;0;2;0;0;0;0
26/07/2020;20:09:00;91;sem vitima;571,6;BR-116/RS;Sul;Atropelamento de Animal;1;0;0;0;0;0;0;0;0;0;4;0;0;0;0
27/07/2020;08:36:00;33;sem vitima;72,4;BR-392/RS;Sul;Abalr. Transversal;1;0;1;0;0;0;0;0;0;0;5;0;0;0;0
27/07/2020;15:12:00;92;com vitima;0,4;BR-392/RS;Sul;Colisao Traseira;0;0;1;0;1;0;0;0;0;0;17;2;0;0;0
29/07/2020;18:50:00;108;com vitima;480,8;BR-116/RS;Sul;Abalr. Transversal;1;0;0;1;0;0;0;0;0;0;2;1;0;0;0
30/07/2020;07:17:00;15;com vitima;26,7;BR-392/RS;Sul;Queda de moto;0;0;0;1;0;0;0;0;0;0;0;1;0;0;0
30/07/2020;10:10:00;46;com vitima;108,5;BR-392/RS;Norte;Colisao Traseira;1;1;0;0;0;0;0;0;0;0;1;0;0;1;0
30/07/2020;22:33:00;142;sem vitima;513;BR-116/RS;Sul;Saida de Pista;1;0;0;0;0;0;0;0;0;0;1;0;0;0;0
31/07/2020;03:37:00;13;sem vitima;503;BR-116/RS;Sul;Atropelamento de Animal;1;0;0;0;0;0;0;0;0;0;2;0;0;0;0
31/07/2020;03:43:00;14;sem vitima;29,9;BR-392/RS;Norte;Atropelamento de Animal;0;0;1;0;0;0;0;0;0;0;1;0;0;0;0
31/07/2020;11:53:00;63;com vitima;526;BR-116/RS;Sul;Abalr. Transversal;0;0;0;2;0;0;0;0;0;0;0;2;1;0;0
31/07/2020;18:56:00;114;sem vitima;530,8;BR-116/RS;Sul;Atropelamento de Animal;1;0;0;0;0;0;0;0;0;0;4;0;0;0;0
31/07/2020;21:18:00;132;sem vitima;423;BR-116/RS;Sul;Atropelamento de Animal;1;0;0;0;0;0;0;0;0;0;1;0;0;0;0
01/08/2020;09:42:00;51;Acidente sem vitima;486,1;BR-116/RS;Norte;Saida de Pista;0;0;1;0;0;0;0;0;0;0;2;0;0;0;0
02/08/2020;13:54:00;74;Acidente com vitima;559,8;BR-116/RS;Sul;Queda de moto;0;0;0;1;0;0;0;0;0;0;0;2;0;0;0
02/08/2020;17:10:00;91;Acidente com morte;84,7;BR-392/RS;Norte;Colisao Traseira;0;0;1;1;0;0;0;0;0;0;1;0;0;0;1
02/08/2020;17:38:00;96;Acidente com vitima;66;BR-392/RS;Norte;Colisao Frontal;2;0;0;0;0;0;0;0;0;0;1;3;1;1;0
03/08/2020;22:41:00;142;Acidente sem vitima;66,9;BR-392/RS;Norte;Abalr. Transversal;1;0;1;0;0;0;0;0;0;0;2;0;0;0;0
05/08/2020;10:05:00;41;Acidente com vitima;520,9;BR-116/RS;Sul;Abalr. Transversal;1;0;0;1;0;0;0;0;0;0;1;1;0;0;0
05/08/2020;17:41:00;119;Acidente com vitima;23;BR-392/RS;Norte;Abalr. Transversal;1;1;0;0;0;0;0;0;0;0;1;0;0;1;0
06/08/2020;22:50:00;155;Acidente sem vitima;16,1;BR-392/RS;Norte;Outros tipos de acidente;0;0;1;0;0;0;0;0;0;0;1;0;0;0;0
07/08/2020;18:53:00;114;Acidente com vitima;18;BR-392/RS;Sul;Atropelamento de Animal;0;0;0;1;0;0;0;0;0;0;0;0;1;0;0
07/08/2020;20:31:00;128;Acidente com vitima;425,2;BR-116/RS;Norte;Abalr. Transversal;1;0;0;1;0;0;0;0;0;0;0;1;1;0;0
08/08/2020;16:49:00;112;Acidente com vitima;427,2;BR-116/RS;Norte;Abalr. Transversal;1;0;0;1;0;0;0;0;0;0;1;1;0;0;0
10/08/2020;19:52:00;145;Acidente sem vitima;125;BR-392/RS;Norte;Abalr. Transversal;1;0;1;0;0;0;0;0;0;0;2;0;0;0;0
11/08/2020;14:10:00;95;Acidente com vitima;521;BR-116/RS;Sul;Abalr. Transversal;2;0;0;0;0;0;0;0;0;0;1;1;0;0;0
11/08/2020;19:41:00;124;Acidente sem vitima;6,3;BR-392/RS;Norte;Colisao com Objeto Fixo;0;0;1;0;0;0;0;0;0;0;1;0;0;0;0
13/08/2020;19:49:00;131;Acidente com vitima;134,4;BR-392/RS;Norte;Abalr. Transversal;1;0;1;0;0;0;0;0;0;0;2;3;0;0;0
16/08/2020;01:36:00;3;Acidente sem vitima;523,2;BR-116/RS;Norte;Saida de Pista;1;0;0;0;0;0;0;0;0;0;2;0;0;0;0
16/08/2020;19:37:00;140;Acidente sem vitima;474;BR-116/RS;Sul;Queda de moto;0;0;0;2;0;0;0;0;0;0;2;0;0;0;0
17/08/2020;09:36:00;62;Acidente com vitima;90,3;BR-392/RS;Norte;Abalr. Transversal;2;0;0;0;0;0;0;0;0;0;1;2;0;0;0
20/08/2020;17:22:00;94;Acidente com vitima;526;BR-116/RS;Norte;Queda de moto;0;0;0;1;0;0;0;0;0;0;1;1;0;0;0
20/08/2020;23:23:00;129;Acidente sem vitima;11;BR-392/RS;Sul;Atropelamento de Animal;1;0;0;0;0;0;0;0;0;0;1;0;0;0;0
20/08/2020;23:53:00;133;Acidente sem vitima;11;BR-392/RS;Sul;Atropelamento de Animal;0;0;1;0;0;0;0;0;0;0;1;0;0;0;0
20/08/2020;23:54:00;134;Acidente sem vitima;11;BR-392/RS;Sul;Atropelamento de Animal;1;0;0;0;0;0;0;0;0;0;2;0;0;0;0
21/08/2020;17:40:00;103;Acidente sem vitima;521;BR-116/RS;Sul;Abalr. Transversal;2;0;0;0;0;0;0;0;0;0;2;0;0;0;0
22/08/2020;15:53:00;99;Acidente com vitima;44,5;BR-392/RS;Norte;Abalr. Transversal;2;0;1;0;0;0;0;0;0;0;2;0;1;2;0
23/08/2020;18:41:00;100;Acidente com vitima;25,1;BR-392/RS;Sul;Atropelamento;1;1;0;0;0;0;0;0;0;0;2;0;0;1;0
23/08/2020;18:59:00;101;Acidente com vitima;92,3;BR-392/RS;Sul;Queda de moto;1;0;0;1;0;0;0;0;0;0;1;2;0;0;0
24/08/2020;00:03:00;1;Acidente sem vitima;431;BR-116/RS;Norte;Saida de Pista;1;0;0;0;0;0;0;0;0;0;1;0;0;0;0
26/08/2020;20:33:00;118;Acidente com vitima;125;BR-392/RS;Norte;Colisao Frontal;1;0;1;0;0;0;0;0;0;0;1;0;1;0;0
28/08/2020;07:52:00;15;Acidente com vitima;529;BR-116/RS;Sul;Abalr. Transversal;1;0;0;1;0;0;0;0;0;0;1;1;0;0;0
28/08/2020;12:56:00;89;Acidente com vitima;514,1;BR-116/RS;Norte;Queda de moto;0;0;0;1;0;0;0;0;0;0;1;1;0;0;0
29/08/2020;19:35:00;149;Acidente com vitima;87;BR-392/RS;Sul;Colisao Traseira;2;0;0;0;0;0;0;0;0;0;3;1;0;0;0
03/09/2020;00:12:00;1;Acidente com vitima;427;BR-116/RS;Norte;Atropelamento;0;0;0;1;0;0;0;0;0;0;0;1;1;0;0
03/09/2020;19:53:00;107;Acidente com morte;61,4;BR-392/RS;Norte;Atropelamento;1;1;0;0;0;0;0;0;0;0;1;0;0;0;1
05/09/2020;00:24:00;3;Acidente com vitima;581,5;BR-116/RS;Sul;Atropelamento de Animal;1;0;0;0;0;0;0;0;0;0;2;2;0;0;0
08/09/2020;19:19:00;120;Acidente com vitima;7,7;BR-392/RS;Norte;Abalr. Transversal;0;0;0;2;0;0;0;0;0;0;1;1;0;0;0
10/09/2020;06:42:00;10;Acidente com vitima;71,8;BR-392/RS;Sul;Saida de Pista;1;0;0;0;0;0;0;0;0;0;0;0;1;0;0
10/09/2020;08:03:00;22;Acidente sem vitima;18,9;BR-392/RS;Norte;Tombamento;0;0;1;0;0;0;0;0;0;0;2;0;0;0;0
11/09/2020;18:40:00;123;Acidente com vitima;17;BR-392/RS;Sul;Queda de moto;0;0;0;1;0;0;0;0;0;0;0;2;0;0;0
11/09/2020;20:16:00;136;Acidente com vitima;453,6;BR-116/RS;Norte;Saida de Pista;0;0;1;0;0;0;0;0;0;0;0;1;0;0;0
12/09/2020;21:18:00;108;Acidente com vitima;530,1;BR-116/RS;Sul;Abalr. Transversal;1;0;0;1;0;0;0;0;0;0;1;1;0;0;0
13/09/2020;21:14:00;93;Acidente sem vitima;568,1;BR-116/RS;Norte;Atropelamento de Animal;1;0;0;0;0;0;0;0;0;0;2;0;0;0;0
14/09/2020;10:18:00;63;Acidente com vitima;34,5;BR-392/RS;Norte;Saida de Pista;1;0;0;0;0;0;0;0;0;0;0;1;0;0;0
15/09/2020;19:11:00;135;Acidente com vitima;30;BR-392/RS;Sul;Atropelamento de Animal;1;0;0;0;0;0;0;0;0;0;2;0;1;0;0
17/09/2020;21:21:00;154;Acidente sem vitima;139;BR-392/RS;Sul;Atropelamento de Animal;0;0;1;0;0;0;0;0;0;0;1;0;0;0;0
19/09/2020;16:33:00;93;Acidente com vitima;195,1;BR-392/RS;Sul;Outros tipos de acidente;0;0;0;2;0;0;0;0;0;0;1;1;0;0;0
20/09/2020;17:50:00;88;Acidente com vitima;74;BR-392/RS;Sul;Colisao Traseira;2;0;0;0;0;0;0;0;0;0;4;2;0;0;0
20/09/2020;18:14:00;92;Acidente com vitima;76,3;BR-392/RS;Sul;Colisao Traseira;5;0;0;0;0;0;0;0;0;0;11;0;2;0;0
21/09/2020;22:15:00;134;Acidente com vitima;454,5;BR-116/RS;Norte;Colisao Traseira;0;0;2;0;0;0;0;0;0;0;1;1;0;0;0
22/09/2020;00:09:00;1;Acidente sem vitima;527;BR-116/RS;Norte;Atropelamento de Animal;1;0;0;0;0;0;0;0;0;0;1;0;0;0;0
26/09/2020;11:30:00;74;Acidente sem vitima;435,5;BR-116/RS;Norte;Outros tipos de acidente;1;0;0;0;0;0;0;0;0;0;1;0;0;0;0
26/09/2020;12:25:00;79;Acidente sem vitima;526;BR-116/RS;Sul;Colisao Traseira;2;0;0;0;0;0;0;0;0;0;4;0;0;0;0
27/09/2020;01:09:00;8;Acidente sem vitima;88;BR-392/RS;Sul;Outros tipos de acidente;1;0;0;0;0;0;0;0;0;0;4;0;0;0;0
27/09/2020;02:23:00;14;Acidente sem vitima;445,4;BR-116/RS;Sul;Atropelamento de Animal;1;0;0;0;0;0;0;0;0;0;2;0;0;0;0
27/09/2020;16:24:00;101;Acidente sem vitima;659;BR-116/RS;Sul;Colisao Traseira;1;0;0;1;0;0;0;0;0;0;2;0;0;0;0
28/09/2020;06:54:00;39;Acidente sem vitima;500,9;BR-116/RS;Sul;Saida de Pista;0;0;1;0;0;0;0;0;0;0;1;0;0;0;0
29/09/2020;10:31:00;64;Acidente sem vitima;32,4;BR-392/RS;Sul;Capotamento;1;0;0;0;0;0;0;0;0;0;4;0;0;0;0
29/09/2020;22:49:00;149;Acidente com vitima;525,9;BR-116/RS;Norte;Queda de moto;0;0;0;1;0;0;0;0;0;0;0;1;0;0;0
30/09/2020;21:24:00;118;Acidente com morte;181,5;BR-392/RS;Norte;Colisao Frontal;1;0;1;0;0;0;0;0;0;0;1;0;2;0;1
01/10/2020;05:08:00;9;Acidente sem vitima;411;BR-116/RS;Norte;Atropelamento de Animal;1;0;0;0;0;0;0;0;0;0;1;0;0;0;0
01/10/2020;13:17:00;74;Acidente com vitima;66,9;BR-392/RS;Norte;Abalr. Transversal;1;0;0;1;0;0;0;0;0;0;1;1;0;0;0
01/10/2020;17:38:00;104;Acidente com vitima;514,9;BR-116/RS;Sul;Colisao Traseira;0;0;0;1;0;0;1;0;0;0;2;0;1;0;0
02/10/2020;15:04:00;89;Acidente com vitima;54,8;BR-392/RS;Norte;Saida de Pista;1;0;0;0;0;0;0;0;0;0;0;3;0;0;0
04/10/2020;20:46:00;129;Acidente com morte;452,1;BR-116/RS;Sul;Saida de Pista;1;0;0;0;0;0;0;0;0;0;0;0;0;0;1
05/10/2020;16:19:00;106;Acidente com vitima;524,9;BR-116/RS;Sul;Abalr. Transversal;1;1;0;0;0;0;0;0;0;0;1;0;0;1;0
06/10/2020;07:51:00;15;Acidente com vitima;521;BR-116/RS;Sul;Abalr. Transversal;1;0;0;1;0;0;0;0;0;0;2;1;0;0;0
06/10/2020;15:09:00;79;Acidente com vitima;66,9;BR-392/RS;Sul;Abalr. Transversal;1;0;1;0;0;0;0;0;0;0;2;0;1;0;0
09/10/2020;05:13:00;10;Acidente sem vitima;527,1;BR-116/RS;Norte;Atropelamento de Animal;1;0;0;0;0;0;0;0;0;0;1;0;0;0;0
10/10/2020;04:31:00;12;Acidente com morte;64,2;BR-392/RS;Norte;Outros tipos de acidente;2;0;1;0;0;0;0;0;0;0;4;0;0;0;1
11/10/2020;07:08:00;15;Acidente com vitima;12,4;BR-392/RS;Norte;Abalr. Transversal;1;0;1;0;0;0;0;0;0;0;1;5;0;1;0
11/10/2020;19:31:00;88;Acidente com morte;487,8;BR-116/RS;Sul;Atropelamento;1;0;0;0;0;0;0;0;0;0;2;0;0;0;1
14/10/2020;00:42:00;3;Acidente com vitima;49,3;BR-392/RS;Norte;Colisao Traseira;0;0;1;1;0;0;0;0;0;0;1;1;0;0;0
18/10/2020;06:03:00;13;Acidente com vitima;21,8;BR-392/RS;Sul;Queda de moto;0;0;0;1;0;0;0;0;0;0;1;1;0;0;0
21/10/2020;16:04:00;83;Acidente com morte;477,5;BR-116/RS;Sul;Saida de Pista;1;0;0;0;0;1;0;0;0;0;0;1;0;0;1
21/10/2020;23:19:00;128;Acidente com vitima;443;BR-116/RS;Sul;Saida de Pista;0;0;1;0;0;0;0;0;0;0;0;0;1;0;0
23/10/2020;21:07:00;128;Acidente com vitima;544,2;BR-116/RS;Norte;Queda de moto;0;0;0;1;0;0;0;0;0;0;0;0;1;0;0
25/10/2020;15:15:00;76;Acidente com vitima;510,4;BR-116/RS;Norte;Abalr. Transversal;1;0;0;1;0;0;0;0;0;0;2;1;1;0;0
26/10/2020;11:58:00;81;Acidente sem vitima;195;BR-392/RS;Sul;Saida de Pista;1;0;0;0;0;0;0;0;0;0;1;0;0;0;0
26/10/2020;18:16:00;108;Acidente com vitima;641,5;BR-116/RS;Sul;Saida de Pista;1;0;0;0;0;0;0;0;0;0;2;0;2;0;0
27/10/2020;14:26:00;78;Acidente sem vitima;20,2;BR-392/RS;Sul;Saida de Pista;1;0;0;0;0;0;0;0;0;0;3;0;0;0;0
27/10/2020;15:20:00;79;Acidente sem vitima;516;BR-116/RS;Norte;Saida de Pista;1;0;0;0;0;0;0;0;0;0;1;0;0;0;0
27/10/2020;17:14:00;86;Acidente sem vitima;28,1;BR-392/RS;Norte;Saida de Pista;1;0;0;0;0;0;0;0;0;0;1;0;0;0;0
27/10/2020;20:03:00;105;Acidente com vitima;1,1;BR-392/RS;Sul;Abalr. Transversal;1;0;0;1;0;0;0;0;0;0;1;0;1;0;0
28/10/2020;03:13:00;8;Acidente sem vitima;54;BR-392/RS;Sul;Atropelamento de Animal;1;0;0;0;0;0;0;0;0;0;1;0;0;0;0
28/10/2020;07:46:00;22;Acidente com vitima;19,1;BR-392/RS;Norte;Abalr. Transversal;0;1;1;0;0;0;0;0;0;0;1;0;0;1;0
28/10/2020;19:45:00;124;Acidente sem vitima;566;BR-116/RS;Sul;Atropelamento de Animal;1;0;0;0;0;0;0;0;0;0;1;0;0;0;0
28/10/2020;21:29:00;140;Acidente sem vitima;171;BR-392/RS;Norte;Atropelamento de Animal;1;0;0;0;0;0;0;0;0;0;1;0;0;0;0
29/10/2020;09:23:00;42;Acidente sem vitima;115,9;BR-392/RS;Norte;Outros tipos de acidente;1;0;0;0;0;0;0;0;0;0;2;0;0;0;0
30/10/2020;01:09:00;5;Acidente sem vitima;567;BR-116/RS;Sul;Atropelamento de Animal;1;0;0;0;0;0;0;0;0;0;2;0;0;0;0
30/10/2020;15:18:00;100;Acidente sem vitima;497;BR-116/RS;Norte;Colisao Traseira;2;0;0;0;0;0;0;0;0;0;3;0;0;0;0
30/10/2020;20:05:00;131;Acidente com vitima;654,8;BR-116/RS;Sul;Colisao Traseira;1;0;1;0;0;0;0;0;0;0;2;3;0;0;0
30/10/2020;21:53:00;146;Acidente sem vitima;52;BR-392/RS;Norte;Atropelamento de Animal;1;0;0;0;0;0;0;0;0;0;3;0;0;0;0
31/10/2020;06:21:00;18;Acidente com vitima;121;BR-392/RS;Sul;Queda de moto;0;0;0;1;0;0;0;0;0;0;0;1;0;0;0
31/10/2020;19:49:00;122;Acidente sem vitima;522;BR-116/RS;Sul;Outros tipos de acidente;1;0;1;0;0;0;0;0;0;0;3;0;0;0;0
01/11/2020;10:20:00;70;Acidente sem vitima;83,1;BR-392/RS;Norte;Colisao Traseira;4;0;0;0;0;0;0;0;0;0;7;0;0;0;0
01/11/2020;16:04:00;112;Acidente com vitima;530,1;BR-116/RS;Norte;Abalr. Transversal;1;0;0;1;0;0;0;0;0;0;1;0;1;0;0
01/11/2020;17:01:00;115;Acidente com vitima;52,3;BR-392/RS;Norte;Colisao com Objeto Fixo;0;0;0;1;0;0;0;0;0;0;0;1;0;0;0
02/11/2020;08:01:00;24;Acidente com vitima;72,2;BR-392/RS;Sul;Saida de Pista;1;0;0;0;0;0;0;0;0;0;0;1;1;1;0