data;horario;n_da_ocorrencia;tipo_de_ocorrencia;km;trecho;sentido;tipo_de_acidente;automovel;bicicleta;caminhao;moto;onibus;outros;tracao_animal;transporte_de_cargas_especiais;trator_maquinas;utilitarios;ilesos;levemente_feridos;moderadamente_feridos;gravemente_feridos;mortos
02/11/2020;14:55:00;68;Acidente sem vitima;118;BR-392/RS;Sul;Tombamento;0;0;1;0;0;0;0;0;0;0;1;0;0;0;0
02/11/2020;16:25:00;75;Acidente com vitima;618;BR-116/RS;Sul;Queda de moto;0;0;0;1;0;0;0;0;0;0;0;1;0;0;0
06/11/2020;09:06:00;50;Acidente sem vitima;76;BR-392/RS;Sul;Abalr. Transversal;0;0;2;0;0;0;0;0;0;0;2;0;0;0;0
06/11/2020;09:14:00;51;Acidente com vitima;521;BR-116/RS;Sul;Abalr. Transversal;1;0;0;1;0;0;0;0;0;0;1;1;0;0;0
06/11/2020;09:32:00;52;Acidente com vitima;117;BR-392/RS;Norte;Abalr. Transversal;1;0;0;1;0;0;0;0;0;0;2;1;0;0;0
06/11/2020;16:35:00;95;Acidente com morte;521;BR-116/RS;Norte;Abalr. Transversal;1;1;0;0;0;0;0;0;0;0;0;1;0;0;1
07/11/2020;15:57:00;92;Acidente com vitima;525,8;BR-116/RS;Norte;Queda de moto;0;0;0;1;0;0;0;0;0;0;1;0;1;0;0
08/11/2020;08:09:00;21;Acidente com vitima;530;BR-116/RS;Norte;Abalr. Transversal;3;0;0;0;0;0;0;0;0;0;5;2;0;0;0
08/11/2020;10:48:00;50;Acidente com vitima;15,5;BR-392/RS;Sul;Abalr. Mesmo Sentido;1;0;0;1;0;0;0;0;0;0;1;0;1;0;0
08/11/2020;22:25:00;120;Acidente com vitima;18;BR-392/RS;Sul;Abalr. Transversal;0;0;1;1;0;0;0;0;0;0;1;0;0;1;0
10/11/2020;07:27:00;24;Acidente com vitima;147,95;BR-392/RS;Norte;Saida de Pista;0;0;1;0;0;0;0;0;0;0;0;1;0;0;0
12/11/2020;03:03:00;7;Acidente sem vitima;106,4;BR-392/RS;Sul;Saida de Pista;1;0;0;0;0;0;0;0;0;0;1;0;0;0;0
14/11/2020;13:25:00;80;Acidente com vitima;427,3;BR-116/RS;Sul;Abalr. Transversal;1;0;0;1;0;0;0;0;0;0;2;0;1;0;0
16/11/2020;02:46:00;6;Acidente com vitima;4,3;BR-392/RS;Norte;Colisao Frontal;0;0;1;1;0;0;0;0;0;0;1;0;0;1;0
16/11/2020;07:03:00;11;Acidente com vitima;24;BR-392/RS;Sul;Abalr. Transversal;1;0;1;0;0;0;0;0;0;0;2;1;0;0;0
22/11/2020;07:32:00;15;Acidente sem vitima;523,4;BR-116/RS;Norte;Saida de Pista;1;0;0;0;0;0;0;0;0;0;1;0;0;0;0
22/11/2020;16:19:00;78;Acidente sem vitima;118,4;BR-392/RS;Norte;Saida de Pista;1;0;0;0;0;0;0;0;0;0;3;0;0;0;0
22/11/2020;20:51:00;113;Acidente sem vitima;529,8;BR-116/RS;Norte;Saida de Pista;1;0;0;0;0;0;0;0;0;0;1;0;0;0;0
28/11/2020;23:17:00;135;Acidente com vitima;483,2;BR-116/RS;Norte;Queda de moto;0;0;0;1;0;0;0;0;0;0;0;1;0;0;0
29/11/2020;11:02:00;51;Acidente com vitima;455,1;BR-116/RS;Norte;Saida de Pista;2;0;0;0;0;0;0;0;0;0;0;0;1;0;0
30/11/2020;10:00:00;58;Acidente com vitima;652,4;BR-116/RS;Norte;Capotamento;1;0;0;0;0;1;0;0;0;0;0;2;0;0;0
01/12/2020;22:54:00;158;Acidente com vitima;75;BR-392/RS;Sul;Colisao Traseira;0;0;3;0;0;0;0;0;0;0;2;1;0;0;0
02/12/2020;02:18:00;8;Acidente sem vitima;16,9;BR-392/RS;Sul;Saida de Pista;0;0;1;0;0;0;0;0;0;0;1;0;0;0;0
05/12/2020;16:42:00;87;Acidente com vitima;26,6;BR-392/RS;Norte;Abalr. Transversal;1;0;0;1;0;0;0;0;0;0;2;0;1;0;0
07/12/2020;05:46:00;10;Acidente sem vitima;56,5;BR-392/RS;Sul;Saida de Pista;1;0;0;0;0;0;0;0;0;0;1;0;0;0;0
09/12/2020;07:32:00;15;Acidente com vitima;68,4;BR-392/RS;Sul;Tombamento;0;0;1;0;0;0;0;0;0;0;1;1;0;0;0
09/12/2020;18:45:00;95;Acidente com vitima;455;BR-116/RS;Sul;Saida de Pista;1;0;0;0;0;0;0;0;0;0;0;1;0;0;0
10/12/2020;19:00:00;122;Acidente com vitima;18,2;BR-392/RS;Norte;Abalr. Mesmo Sentido;0;1;0;0;1;0;0;0;0;0;1;1;0;0;0
11/12/2020;05:55:00;12;Acidente sem vitima;413,8;BR-116/RS;Sul;Abalr. Sentido Oposto;0;0;2;0;0;0;0;0;0;0;2;0;0;0;0
11/12/2020;08:46:00;38;Acidente com vitima;513,8;BR-116/RS;Norte;Abalr. Transversal;1;1;0;0;0;0;0;0;0;0;1;0;1;0;0
12/12/2020;21:43:00;123;Acidente com morte;57,6;BR-392/RS;Norte;Outros tipos de acidente;2;0;0;1;1;0;0;0;0;0;5;0;0;0;1
14/12/2020;04:59:00;6;Acidente com vitima;119,8;BR-392/RS;Sul;Tombamento;0;0;1;0;0;0;0;0;0;0;0;1;0;0;0
14/12/2020;06:59:00;8;Acidente com vitima;5,1;BR-392/RS;Sul;Abalr. Transversal;1;0;0;1;0;0;0;0;0;0;1;1;0;1;0
15/12/2020;23:08:00;146;Acidente com vitima;99,5;BR-392/RS;Sul;Tombamento;0;0;1;0;0;0;0;0;0;0;0;1;0;0;0
16/12/2020;10:40:00;66;Acidente sem vitima;27,3;BR-392/RS;Norte;Abalr. Transversal;0;0;1;1;0;0;0;0;0;0;2;0;0;0;0
19/12/2020;03:21:00;10;Acidente com vitima;44,5;BR-392/RS;Sul;Saida de Pista;1;0;0;0;0;0;0;0;0;0;1;2;0;0;0
19/12/2020;08:25:00;47;Acidente sem vitima;12,9;BR-392/RS;Sul;Tombamento;0;0;1;0;0;0;0;0;0;0;1;0;0;0;0
20/12/2020;09:43:00;48;Acidente sem vitima;441,1;BR-116/RS;Sul;Saida de Pista;1;0;0;0;0;0;0;0;0;0;4;0;0;0;0
22/12/2020;07:34:00;11;Acidente com vitima;525;BR-116/RS;Norte;Colisao Traseira;1;0;0;1;0;0;0;0;0;0;1;1;0;0;0
23/12/2020;06:44:00;21;Acidente com vitima;527;BR-116/RS;Norte;Colisao Traseira;1;1;0;0;0;0;0;0;0;0;1;0;1;0;0
23/12/2020;13:12:00;99;Acidente com vitima;423,5;BR-116/RS;Sul;Colisao Traseira;1;0;0;1;0;0;0;0;0;0;2;0;0;1;0
23/12/2020;13:45:00;103;Acidente com vitima;74,7;BR-392/RS;Norte;Colisao Frontal;1;0;0;1;0;0;0;0;0;0;3;1;0;0;0
23/12/2020;23:31:00;160;Acidente com vitima;158,2;BR-392/RS;Sul;Saida de Pista;0;0;1;0;0;0;0;0;0;0;0;2;0;0;0
24/12/2020;14:24:00;77;Acidente com vitima;519,8;BR-116/RS;Sul;Abalr. Transversal;1;0;0;1;0;0;0;0;0;0;1;0;1;0;0
24/12/2020;16:31:00;90;Acidente com morte;524,9;BR-116/RS;Norte;Colisao com Objeto Fixo;0;0;0;1;0;0;0;0;0;0;0;0;0;1;1
26/12/2020;20:21:00;107;Acidente com vitima;530,1;BR-116/RS;Norte;Abalr. Transversal;0;0;0;2;0;0;0;0;0;0;0;2;0;0;0
28/12/2020;07:26:00;12;Acidente sem vitima;24,5;BR-392/RS;Norte;Abalr. Mesmo Sentido;1;0;1;0;0;0;0;0;0;0;2;0;0;0;0
29/12/2020;02:45:00;4;Acidente com vitima;648;BR-116/RS;Sul;Saida de Pista;1;0;0;0;0;0;0;0;0;0;2;0;1;2;0
29/12/2020;17:07:00;102;Acidente com vitima;529;BR-116/RS;Sul;Abalr. Transversal;0;1;1;0;0;0;0;0;0;0;2;0;1;1;0
29/12/2020;18:13:00;104;Acidente sem vitima;13,2;BR-392/RS;Sul;Saida de Pista;1;0;0;0;0;0;0;0;0;0;1;0;0;0;0
30/12/2020;13:04:00;70;Acidente sem vitima;471,7;BR-116/RS;Norte;Colisao Traseira;2;0;0;0;0;0;0;0;0;0;3;0;0;0;0
30/12/2020;20:09:00;115;Acidente com vitima;33,4;BR-392/RS;Norte;Queda de moto;0;0;0;1;0;0;0;0;0;0;0;1;0;0;0
01/01/2021;00:38:00;1;Acidente com vitima;0,7;BR-392/RS;Norte;Abalr. Transversal;1;0;0;1;0;0;0;0;0;0;1;1;0;0;0
01/01/2021;15:30:00;80;Acidente com vitima;120;BR-392/RS;Norte;Queda de moto;0;0;0;1;0;0;0;0;0;0;0;0;1;0;0
01/01/2021;16:42:00;90;Acidente com vitima;506,5;BR-116/RS;Norte;Saida de Pista;1;0;0;0;0;0;0;0;0;0;0;0;1;0;0
03/01/2021;18:57:00;96;Acidente com vitima;430;BR-116/RS;Norte;Queda de moto;0;0;0;1;0;0;0;0;0;0;0;1;0;0;0
03/01/2021;20:55:00;117;Acidente sem vitima;434;BR-116/RS;Sul;Atropelamento de Animal;1;0;0;0;0;0;0;0;0;0;2;0;0;0;0
05/01/2021;17:47:00;100;Acidente com vitima;517,2;BR-116/RS;Norte;Abalr. Mesmo Sentido;0;0;0;2;0;0;0;0;0;0;0;3;0;0;0
06/01/2021;21:34:00;125;Acidente com morte;18,2;BR-392/RS;Norte;Atropelamento;1;0;1;0;0;0;0;0;0;0;3;0;0;0;1
07/01/2021;16:05:00;102;Acidente com vitima;150,4;BR-392/RS;Sul;Tombamento;0;0;1;0;0;0;0;0;0;0;0;0;1;0;0
08/01/2021;11:11:00;67;Acidente com vitima;5;BR-392/RS;Sul;Abalr. Transversal;2;0;1;0;0;0;0;0;0;0;0;2;2;0;0
08/01/2021;12:38:00;82;Acidente com morte;523,9;BR-116/RS;Norte;Tombamento;0;0;1;0;0;0;0;0;0;0;0;0;0;0;1
09/01/2021;10:49:00;63;Acidente sem vitima;1,4;BR-392/RS;Sul;Tombamento;0;0;1;0;0;0;0;0;0;0;1;0;0;0;0
09/01/2021;23:33:00;143;Acidente com vitima;67;BR-392/RS;Sul;Abalr. Transversal;2;0;0;0;0;0;0;0;0;0;2;1;0;0;0
10/01/2021;21:56:00;139;Acidente sem vitima;423;BR-116/RS;Norte;Atropelamento de Animal;0;0;1;0;0;0;0;0;0;0;2;0;0;0;0
11/01/2021;14:24:00;91;Acidente com vitima;525;BR-116/RS;Sul;Abalr. Mesmo Sentido;0;0;1;1;0;0;0;0;0;0;1;0;1;0;0
11/01/2021;17:49:00;113;Acidente sem vitima;507;BR-116/RS;Norte;Saida de Pista;1;0;0;0;0;0;0;0;0;0;2;0;0;0;0
11/01/2021;19:54:00;134;Acidente sem vitima;517;BR-116/RS;Norte;Outros tipos de acidente;2;0;0;0;0;0;0;0;0;0;2;0;0;0;0
12/01/2021;07:56:00;27;Acidente sem vitima;528,9;BR-116/RS;Norte;Saida de Pista;1;0;0;0;0;0;0;0;0;0;1;0;0;0;0
12/01/2021;11:11:00;72;Acidente sem vitima;508,8;BR-116/RS;Sul;Tombamento;0;0;1;0;0;0;0;0;0;0;2;0;0;0;0
12/01/2021;11:11:00;73;Acidente sem vitima;440,2;BR-116/RS;Sul;Tombamento;0;0;1;0;0;0;0;0;0;0;1;0;0;0;0
14/01/2021;19:19:00;124;Acidente com vitima;446,9;BR-116/RS;Norte;Queda de moto;0;0;0;1;0;0;0;0;0;0;1;1;0;0;0
14/01/2021;21:17:00;148;Acidente sem vitima;555,3;BR-116/RS;Sul;Atropelamento de Animal;1;0;0;0;0;0;0;0;0;0;1;0;0;0;0
14/01/2021;21:51:00;155;Acidente sem vitima;24,2;BR-392/RS;Sul;Abalr. Mesmo Sentido;1;0;1;0;0;0;0;0;0;0;2;0;0;0;0
16/01/2021;05:53:00;8;Acidente sem vitima;522,1;BR-116/RS;Norte;Capotamento;1;0;0;0;0;0;0;0;0;0;1;0;0;0;0
16/01/2021;08:09:00;21;Acidente sem vitima;626,5;BR-116/RS;Norte;Saida de Pista;0;0;1;0;0;0;0;0;0;0;2;0;0;0;0
16/01/2021;10:07:00;42;Acidente com vitima;494,4;BR-116/RS;Sul;Saida de Pista;1;0;0;0;0;0;0;0;0;0;0;2;0;0;0
16/01/2021;12:33:00;61;Acidente com vitima;153,2;BR-392/RS;Sul;Saida de Pista;0;0;1;0;0;0;0;0;0;0;5;2;0;0;0
16/01/2021;13:18:00;62;Acidente com vitima;15,8;BR-392/RS;Sul;Saida de Pista;1;0;0;0;0;0;0;0;0;0;0;0;0;1;0
16/01/2021;14:07:00;66;Acidente com vitima;118;BR-392/RS;Norte;Saida de Pista;1;0;0;0;0;0;0;0;0;0;1;1;0;0;0
16/01/2021;16:46:00;82;Acidente sem vitima;68;BR-392/RS;Sul;Colisao com Objeto Fixo;1;0;0;0;0;0;0;0;0;0;1;0;0;0;0
16/01/2021;17:24:00;85;Acidente sem vitima;90;BR-392/RS;Sul;Saida de Pista;2;0;0;0;0;0;0;0;0;0;3;0;0;0;0
16/01/2021;18:42:00;88;Acidente sem vitima;491;BR-116/RS;Sul;Colisao com Objeto Fixo;1;0;0;0;0;0;0;0;0;0;1;0;0;0;0
18/01/2021;03:48:00;11;Acidente com morte;62,7;BR-392/RS;Sul;Colisao Traseira;1;0;1;0;0;0;0;0;0;0;1;0;0;0;1
18/01/2021;16:46:00;107;Acidente sem vitima;5,2;BR-392/RS;Sul;Abalr. Transversal;1;0;0;0;1;0;0;0;0;0;2;0;0;0;0
19/01/2021;05:44:00;12;Acidente sem vitima;567,4;BR-116/RS;Sul;Saida de Pista;1;0;0;0;0;0;0;0;0;0;1;0;0;0;0
19/01/2021;15:56:00;84;Acidente sem vitima;104,8;BR-392/RS;Norte;Saida de Pista;1;0;1;0;0;0;0;0;0;0;4;0;0;0;0
19/01/2021;17:38:00;90;Acidente sem vitima;95,2;BR-392/RS;Sul;Saida de Pista;1;0;0;0;0;0;0;0;0;0;1;0;0;0;0
19/01/2021;20:32:00;108;Acidente com vitima;519,4;BR-116/RS;Norte;Queda de moto;0;0;0;1;0;0;0;0;0;0;0;0;1;0;0
22/01/2021;01:01:00;3;Acidente sem vitima;424;BR-116/RS;Sul;Atropelamento de Animal;1;0;0;0;0;0;0;0;0;0;2;0;0;0;0
22/01/2021;18:00:00;116;Acidente sem vitima;537,5;BR-116/RS;Norte;Saida de Pista;1;0;0;0;0;0;0;0;0;0;1;0;0;0;0
22/01/2021;18:59:00;129;Acidente sem vitima;67;BR-392/RS;Sul;Abalr. Transversal;2;0;0;0;0;0;0;0;0;0;4;0;0;0;0
23/01/2021;01:05:00;5;Acidente com morte;101;BR-392/RS;Norte;Colisao Frontal;0;0;1;1;0;0;0;0;0;0;1;0;0;0;1
23/01/2021;02:20:00;6;Acidente com vitima;117,7;BR-392/RS;Norte;Colisao Frontal;1;0;1;0;0;0;0;0;0;0;0;1;0;1;0
23/01/2021;09:06:00;36;Acidente sem vitima;33,1;BR-392/RS;Sul;Saida de Pista;1;0;0;0;0;0;0;0;0;0;1;0;0;0;0
23/01/2021;18:45:00;89;Acidente com vitima;525;BR-116/RS;Sul;Abalr. Transversal;1;0;0;1;0;0;0;0;0;0;1;2;0;0;0
23/01/2021;18:48:00;90;Acidente com vitima;563;BR-116/RS;Sul;Abalr. Transversal;2;0;0;0;0;0;0;0;0;0;2;1;0;0;0
24/01/2021;20:01:00;86;Acidente com morte;504,1;BR-116/RS;Sul;Atropelamento;0;1;1;0;0;0;0;0;0;0;1;0;0;0;1
25/01/2021;07:34:00;21;Acidente com vitima;523,2;BR-116/RS;Sul;Queda de moto;0;0;0;1;0;0;0;0;0;0;0;1;0;0;0
26/01/2021;01:34:00;3;Acidente sem vitima;492;BR-116/RS;Sul;Atropelamento de Animal;1;0;0;0;0;0;0;0;0;0;1;0;0;0;0
26/01/2021;06:52:00;14;Acidente com vitima;60,95;BR-392/RS;Sul;Capotamento;1;0;0;0;0;0;0;0;0;0;0;1;0;0;0
26/01/2021;12:14:00;74;Acidente com vitima;67;BR-392/RS;Sul;Abalr. Transversal;1;0;0;0;1;0;0;0;0;0;1;1;0;0;0
26/01/2021;15:19:00;96;Acidente com vitima;24,4;BR-392/RS;Sul;Saida de Pista;1;0;0;0;0;0;0;0;0;0;0;1;0;0;0
26/01/2021;19:21:00;120;Acidente sem vitima;60;BR-392/RS;Sul;Colisao Traseira;0;0;2;0;0;0;0;0;0;0;2;0;0;0;0
26/01/2021;19:26:00;121;Acidente sem vitima;16;BR-392/RS;Norte;Saida de Pista;1;0;0;0;0;0;0;0;0;0;1;0;0;0;0
27/01/2021;08:23:00;31;Acidente sem vitima;16;BR-392/RS;Sul;Saida de Pista;1;0;1;0;0;0;0;0;0;0;2;0;0;0;0
27/01/2021;10:38:00;64;Acidente sem vitima;181,5;BR-392/RS;Norte;Saida de Pista;1;0;0;0;0;0;0;0;0;0;1;0;0;0;0
27/01/2021;11:41:00;72;Acidente com morte;503,8;BR-116/RS;Norte;Colisao Traseira;1;0;1;0;0;0;0;0;0;0;1;0;0;0;1
27/01/2021;16:39:00;98;Acidente sem vitima;28,3;BR-392/RS;Sul;Colisao Traseira;1;0;1;0;0;0;0;0;0;0;4;0;0;0;0
27/01/2021;23:55:00;134;Acidente sem vitima;509,3;BR-116/RS;Norte;Colisao com Objeto Fixo;0;0;1;0;0;0;0;0;0;0;1;0;0;0;0
29/01/2021;05:39:00;10;Acidente com vitima;491;BR-116/RS;Sul;Saida de Pista;1;0;0;0;0;0;0;0;0;0;0;1;0;0;0
29/01/2021;18:58:00;110;Acidente com vitima;71,7;BR-392/RS;Norte;Abalr. Transversal;1;0;0;1;0;0;0;0;0;0;1;0;1;0;0
30/01/2021;01:43:00;6;Acidente sem vitima;82,9;BR-392/RS;Norte;Atropelamento de Animal;1;0;0;0;0;0;0;0;0;0;3;0;0;0;0
30/01/2021;03:40:00;10;Acidente com vitima;82;BR-392/RS;Norte;Queda de moto;0;0;0;1;0;0;0;0;0;0;1;0;1;0;0
31/01/2021;00:16:00;1;Acidente sem vitima;25;BR-392/RS;Norte;Atropelamento de Animal;1;0;0;0;0;0;0;0;0;0;1;0;0;0;0
01/02/2021;10:32:00;72;Acidente sem vitima;524;BR-116/RS;Norte;Saida de Pista;1;0;0;0;0;0;0;0;0;0;2;0;0;0;0
02/02/2021;21:37:00;141;Acidente sem vitima;487;BR-116/RS;Sul;Outros tipos de acidente;1;0;0;0;0;0;0;0;0;0;1;0;0;0;0
02/02/2021;21:38:00;142;Acidente sem vitima;488,3;BR-116/RS;Sul;Outros tipos de acidente;1;0;0;0;0;0;0;0;0;0;2;0;0;0;0
02/02/2021;22:09:00;147;Acidente sem vitima;487;BR-116/RS;Sul;Outros tipos de acidente;1;0;0;0;0;0;0;0;0;0;1;0;0;0;0
03/02/2021;05:01:00;15;Acidente sem vitima;469,5;BR-116/RS;Sul;Colisao Traseira;1;0;1;0;0;0;0;0;0;0;2;0;0;0;0
03/02/2021;19:24:00;130;Acidente com vitima;421,9;BR-116/RS;Norte;Saida de Pista;1;0;0;0;0;0;0;0;0;0;0;1;0;0;0
03/02/2021;22:49:00;154;Acidente sem vitima;126;BR-392/RS;Norte;Saida de Pista;0;0;1;0;0;0;0;0;0;0;1;0;0;0;0
04/02/2021;10:03:00;54;Acidente sem vitima;119,9;BR-392/RS;Sul;Saida de Pista;0;0;1;0;0;0;0;0;0;0;1;0;0;0;0
04/02/2021;13:57:00;83;Acidente sem vitima;44,3;BR-392/RS;Norte;Saida de Pista;1;0;0;0;0;0;0;0;0;0;2;0;0;0;0
06/02/2021;02:56:00;18;Acidente sem vitima;41,2;BR-392/RS;Sul;Saida de Pista;1;0;0;0;0;0;0;0;0;0;1;0;0;0;0
06/02/2021;03:09:00;20;Acidente sem vitima;481,6;BR-116/RS;Sul;Saida de Pista;0;0;1;0;0;0;0;0;0;0;1;0;0;0;0
06/02/2021;07:17:00;29;Acidente com vitima;12,1;BR-392/RS;Sul;Saida de Pista;0;0;0;2;0;0;0;0;0;0;1;1;0;0;0
06/02/2021;19:43:00;124;Acidente com vitima;96,6;BR-392/RS;Sul;Queda de moto;0;0;0;1;0;0;0;0;0;0;0;1;0;0;0
06/02/2021;21:16:00;140;Acidente sem vitima;564,3;BR-116/RS;Norte;Atropelamento de Animal;1;0;0;0;0;0;0;0;0;0;1;0;0;0;0
07/02/2021;13:29:00;69;Acidente com vitima;19,9;BR-392/RS;Sul;Colisao Traseira;0;0;0;2;0;0;0;0;0;0;1;0;1;0;0
07/02/2021;14:43:00;74;Acidente sem vitima;164;BR-392/RS;Sul;Tombamento;0;0;1;0;0;0;0;0;0;0;1;0;0;0;0
07/02/2021;20:43:00;119;Acidente sem vitima;61,5;BR-392/RS;Norte;Saida de Pista;1;0;0;0;0;0;0;0;0;0;3;0;0;0;0
08/02/2021;07:28:00;19;Acidente com vitima;99,5;BR-392/RS;Sul;Abalr. Transversal;1;0;0;1;0;0;0;0;0;0;2;0;2;0;0
08/02/2021;20:03:00;130;Acidente sem vitima;425;BR-116/RS;Sul;Atropelamento de Animal;0;0;1;0;0;0;0;0;0;0;1;0;0;0;0
09/02/2021;01:39:00;3;Acidente sem vitima;575,7;BR-116/RS;Sul;Atropelamento de Animal;1;0;0;0;0;0;0;0;0;0;2;0;0;0;0
09/02/2021;17:33:00;102;Acidente sem vitima;528,5;BR-116/RS;Norte;Colisao Traseira;1;0;1;0;0;0;0;0;0;0;3;0;0;0;0
09/02/2021;20:09:00;113;Acidente sem vitima;517;BR-116/RS;Sul;Colisao com Objeto Fixo;1;0;0;0;0;0;0;0;0;0;1;0;0;0;0
09/02/2021;20:21:00;118;Acidente sem vitima;569,1;BR-116/RS;Sul;Atropelamento de Animal;1;0;0;0;0;0;0;0;0;0;1;0;0;0;0
10/02/2021;11:13:00;69;Acidente com vitima;67;BR-392/RS;Norte;Abalr. Transversal;1;0;1;0;0;0;0;0;0;0;2;0;1;0;0
10/02/2021;14:13:00;88;Acidente sem vitima;81,5;BR-392/RS;Norte;Saida de Pista;1;0;0;0;0;0;0;0;0;0;2;0;0;0;0
10/02/2021;23:03:00;143;Acidente sem vitima;606,5;BR-116/RS;Norte;Saida de Pista;1;0;0;0;0;0;0;0;0;0;1;0;0;0;0
12/02/2021;14:32:00;92;Acidente com vitima;613;BR-116/RS;Norte;Abalr. Transversal;1;0;1;0;0;0;0;0;0;0;2;1;0;0;0
12/02/2021;16:49:00;106;Acidente sem vitima;529;BR-116/RS;Norte;Abalr. Transversal;1;0;0;1;0;0;0;0;0;0;2;0;0;0;0
12/02/2021;17:47:00;110;Acidente sem vitima;115,3;BR-392/RS;Norte;Colisao Traseira;2;0;0;0;0;0;0;0;0;0;3;0;0;0;0
12/02/2021;21:17:00;134;Acidente sem vitima;533;BR-116/RS;Norte;Saida de Pista;1;0;0;0;0;0;0;0;0;0;2;0;0;0;0
12/02/2021;23:36:00;148;Acidente com vitima;530;BR-116/RS;Norte;Atropelamento de Animal;1;0;0;0;0;0;0;0;0;0;0;1;3;1;0
12/02/2021;23:49:00;150;Acidente com morte;579,2;BR-116/RS;Sul;Atropelamento;1;0;0;0;0;0;0;0;0;0;1;0;0;0;1
13/02/2021;00:13:00;2;Acidente sem vitima;49;BR-392/RS;Sul;Saida de Pista;1;0;0;0;0;0;0;0;0;0;1;0;0;0;0
14/02/2021;20:40:00;110;Acidente com vitima;561,2;BR-116/RS;Norte;Saida de Pista;1;0;0;0;0;0;0;0;0;0;0;0;1;0;0
15/02/2021;02:24:00;4;Acidente sem vitima;117;BR-392/RS;Norte;Saida de Pista;1;0;0;0;0;0;0;0;0;0;2;0;0;0;0
15/02/2021;19:40:00;116;Acidente sem vitima;26,3;BR-392/RS;Norte;Colisao Traseira;2;0;0;0;0;0;0;0;0;0;5;0;0;0;0
15/02/2021;23:49:00;143;Acidente sem vitima;545;BR-116/RS;Norte;Tombamento;1;0;1;0;0;0;0;0;0;0;2;0;0;0;0
17/02/2021;07:17:00;16;Acidente com vitima;527,2;BR-116/RS;Sul;Abalr. Transversal;1;0;0;1;0;0;0;0;0;0;1;1;0;0;0
17/02/2021;07:51:00;28;Acidente com vitima;515,5;BR-116/RS;Sul;Saida de Pista;1;0;0;0;0;0;0;0;0;0;1;0;1;0;0
17/02/2021;16:38:00;101;Acidente sem vitima;529,3;BR-116/RS;Norte;Abalr. Transversal;0;0;2;0;0;0;0;0;0;0;5;0;0;0;0
18/02/2021;12:51:00;71;Acidente com vitima;450;BR-116/RS;Norte;Colisao Traseira;1;0;1;0;0;0;0;0;0;0;1;0;1;0;0
18/02/2021;20:09:00;126;Acidente sem vitima;505,5;BR-116/RS;Norte;Outros tipos de acidente;1;0;0;0;0;0;0;0;0;0;4;0;0;0;0
19/02/2021;07:50:00;23;Acidente com vitima;80;BR-392/RS;Sul;Abalr. Mesmo Sentido;1;0;0;1;0;0;0;0;0;0;2;0;1;0;0
19/02/2021;17:53:00;105;Acidente com vitima;13;BR-392/RS;Sul;Atropelamento;1;1;0;0;0;0;0;0;0;0;2;0;0;1;0
19/02/2021;19:34:00;118;Acidente com vitima;44;BR-392/RS;Norte;Queda de moto;0;0;0;1;0;0;0;0;0;0;0;0;2;0;0
19/02/2021;20:53:00;127;Acidente com vitima;426,5;BR-116/RS;Sul;Abalr. Sentido Oposto;1;0;1;0;0;0;0;0;0;0;2;1;0;0;0
19/02/2021;22:38:00;135;Acidente sem vitima;18,5;BR-392/RS;Sul;Tombamento;0;0;1;0;0;0;0;0;0;0;1;0;0;0;0
20/02/2021;04:34:00;11;Acidente sem vitima;9,6;BR-392/RS;Norte;Saida de Pista;1;0;0;0;0;0;0;0;0;0;1;0;0;0;0
20/02/2021;20:36:00;119;Acidente sem vitima;63,1;BR-392/RS;Sul;Atropelamento de Animal;0;0;1;0;0;0;0;0;0;0;2;0;0;0;0
20/02/2021;20:39:00;120;Acidente sem vitima;63,1;BR-392/RS;Sul;Atropelamento de Animal;1;0;0;0;0;0;0;0;0;0;5;0;0;0;0
20/02/2021;20:46:00;124;Acidente sem vitima;609,2;BR-116/RS;Sul;Atropelamento de Animal;1;0;0;0;0;0;0;0;0;0;4;0;0;0;0
21/02/2021;19:34:00;102;Acidente sem vitima;43;BR-392/RS;Norte;Saida de Pista;1;0;0;0;0;0;0;0;0;0;5;0;0;0;0
21/02/2021;23:48:00;134;Acidente sem vitima;648,6;BR-116/RS;Sul;Saida de Pista;1;0;0;0;0;0;0;0;0;0;2;0;0;0;0
22/02/2021;11:44:00;75;Acidente com vitima;1,8;BR-392/RS;Norte;Tombamento;0;0;1;0;0;0;0;0;0;0;0;0;1;0;0
22/02/2021;21:28:00;151;Acidente sem vitima;14,7;BR-392/RS;Sul;Outros tipos de acidente;1;0;0;0;0;0;0;0;0;0;1;0;0;0;0