data;horario;n_da_ocorrencia;tipo_de_ocorrencia;km;trecho;sentido;tipo_de_acidente;automovel;bicicleta;caminhao;moto;onibus;outros;tracao_animal;transporte_de_cargas_especiais;trator_maquinas;utilitarios;ilesos;levemente_feridos;moderadamente_feridos;gravemente_feridos;mortos
22/02/2021;22:27:00;160;Acidente sem vitima;525,4;BR-116/RS;Norte;Saida de Pista;1;0;0;0;0;0;0;0;0;0;2;0;0;0;0
23/02/2021;10:20:00;53;Acidente com vitima;525;BR-116/RS;Sul;Colisao Traseira;1;0;0;0;0;0;0;0;0;0;1;1;0;0;0
23/02/2021;20:06:00;127;Acidente sem vitima;582;BR-116/RS;Sul;Atropelamento de Animal;1;0;0;0;0;0;0;0;0;0;2;0;0;0;0
25/02/2021;08:17:00;17;Acidente sem vitima;414,2;BR-116/RS;Norte;Abalr. Sentido Oposto;1;0;1;0;0;0;0;0;0;0;3;0;0;0;0
25/02/2021;13:54:00;67;Acidente sem vitima;53,1;BR-392/RS;Norte;Abalr. Transversal;1;0;0;1;0;0;0;0;0;0;4;0;0;0;0
25/02/2021;17:10:00;86;Acidente com vitima;27,4;BR-392/RS;Norte;Colisao Traseira;0;1;1;0;0;0;0;0;0;0;1;0;0;1;0
25/02/2021;20:02:00;102;Acidente com vitima;39,4;BR-392/RS;Norte;Queda de moto;0;0;0;1;0;0;0;0;0;0;0;1;0;0;0
26/02/2021;06:35:00;9;Acidente com vitima;532,3;BR-116/RS;Norte;Abalr. Sentido Oposto;1;0;1;0;0;0;0;0;0;0;8;1;0;0;0
26/02/2021;14:23:00;75;Acidente com vitima;54,6;BR-392/RS;Norte;Queda de moto;0;0;0;1;0;0;0;0;0;0;0;0;2;0;0
28/02/2021;17:55:00;78;Acidente com vitima;526,8;BR-116/RS;Sul;Colisao com Objeto Fixo;0;0;0;1;0;0;0;0;0;0;0;0;1;0;0
01/03/2021;10:37:00;53;Acidente sem vitima;639;BR-116/RS;Sul;Colisao Traseira;1;0;1;0;0;0;0;0;0;0;2;0;0;0;0
02/03/2021;07:47:00;17;Acidente sem vitima;91,9;BR-392/RS;Sul;Saida de Pista;0;0;1;0;0;0;0;0;0;0;2;0;0;0;0
03/03/2021;20:24:00;101;Acidente sem vitima;105;BR-392/RS;Norte;Saida de Pista;1;0;0;0;0;0;0;0;0;0;1;0;0;0;0
04/03/2021;10:20:00;45;Acidente sem vitima;61;BR-392/RS;Sul;Saida de Pista;1;0;0;0;0;0;0;0;0;0;1;0;0;0;0
05/03/2021;00:51:00;3;Acidente sem vitima;524,7;BR-116/RS;Sul;Saida de Pista;0;0;1;0;0;0;0;0;0;0;2;0;0;0;0
05/03/2021;01:08:00;5;Acidente sem vitima;91,2;BR-392/RS;Sul;Outros tipos de acidente;1;0;0;0;0;0;0;0;0;0;2;0;0;0;0
05/03/2021;09:21:00;35;Acidente sem vitima;67,5;BR-392/RS;Norte;Saida de Pista;1;0;0;0;0;0;0;0;0;0;1;0;0;0;0
05/03/2021;09:22:00;36;Acidente com vitima;73,9;BR-392/RS;Norte;Abalr. Transversal;1;0;0;1;0;0;0;0;0;0;1;1;0;0;0
05/03/2021;12:26:00;62;Acidente sem vitima;526,5;BR-116/RS;Sul;Saida de Pista;1;0;0;0;0;0;0;0;0;0;3;0;0;0;0
05/03/2021;20:12:00;112;Acidente sem vitima;526;BR-116/RS;Norte;Colisao Traseira;1;0;0;0;1;0;0;0;0;0;19;0;0;0;0
06/03/2021;01:38:00;2;Acidente sem vitima;405;BR-116/RS;Sul;Saida de Pista;1;0;1;0;0;0;0;0;0;0;2;0;0;0;0
06/03/2021;15:31:00;81;Acidente com vitima;464,2;BR-116/RS;Norte;Abalr. Transversal;1;0;0;1;0;0;0;0;0;0;1;1;0;0;0
07/03/2021;14:47:00;64;Acidente com vitima;2,8;BR-392/RS;Norte;Abalr. Transversal;2;0;0;0;0;0;0;0;0;0;1;2;0;0;0
07/03/2021;21:16:00;90;Acidente sem vitima;74;BR-392/RS;Sul;Atropelamento de Animal;1;0;0;0;0;0;0;0;0;0;3;0;0;0;0
08/03/2021;15:04:00;86;Acidente com vitima;61,8;BR-392/RS;Sul;Atropelamento;0;1;1;0;0;0;0;0;0;0;1;0;1;0;0
09/03/2021;18:05:00;98;Acidente com vitima;530;BR-116/RS;Sul;Abalr. Transversal;1;0;0;1;0;0;0;0;0;0;1;2;0;0;0
09/03/2021;23:19:00;125;Acidente sem vitima;79;BR-392/RS;Norte;Atropelamento de Animal;1;0;0;0;0;0;0;0;0;0;1;0;0;0;0
10/03/2021;01:19:00;1;Acidente sem vitima;483;BR-116/RS;Norte;Atropelamento de Animal;0;0;1;0;0;0;0;0;0;0;1;0;0;0;0
10/03/2021;13:33:00;60;Acidente com vitima;9;BR-392/RS;Norte;Colisao Traseira;0;0;1;1;0;0;0;0;0;0;1;1;0;0;0
11/03/2021;19:59:00;112;Acidente sem vitima;401,9;BR-116/RS;Norte;Abalr. Transversal;2;0;0;0;0;0;0;0;0;0;2;0;0;0;0
12/03/2021;05:38:00;6;Acidente sem vitima;437;BR-116/RS;Norte;Saida de Pista;0;0;1;0;0;0;0;0;0;0;1;0;0;0;0
14/03/2021;23:08:00;115;Acidente sem vitima;56,5;BR-392/RS;Sul;Atropelamento de Animal;0;0;1;0;0;0;0;0;0;0;1;0;0;0;0
15/03/2021;17:21:00;83;Acidente com vitima;120,6;BR-392/RS;Norte;Abalr. Transversal;1;0;1;0;0;0;0;0;0;0;1;0;1;0;0
15/03/2021;17:29:00;84;Acidente sem vitima;521;BR-116/RS;Sul;Outros tipos de acidente;0;0;1;0;0;0;0;0;0;0;1;0;0;0;0
16/03/2021;05:14:00;10;Acidente sem vitima;419,5;BR-116/RS;Sul;Atropelamento de Animal;1;0;0;0;0;0;0;0;0;0;1;0;0;0;0
16/03/2021;05:26:00;12;Acidente sem vitima;446,3;BR-116/RS;Sul;Tombamento;0;0;1;0;0;0;0;0;0;0;1;0;0;0;0
16/03/2021;17:54:00;124;Acidente sem vitima;440,7;BR-116/RS;Norte;Saida de Pista;1;0;0;0;0;0;0;0;0;0;2;0;0;0;0
17/03/2021;04:53:00;6;Acidente com vitima;512,6;BR-116/RS;Norte;Saida de Pista;0;0;1;0;0;0;0;0;0;0;2;1;0;0;0
17/03/2021;20:02:00;130;Acidente sem vitima;606,6;BR-116/RS;Sul;Colisao Traseira;0;0;2;0;0;0;0;0;0;0;2;0;0;0;0
17/03/2021;20:41:00;133;Acidente sem vitima;546;BR-116/RS;Norte;Atropelamento de Animal;0;0;1;0;0;0;0;0;0;0;1;0;0;0;0
18/03/2021;20:59:00;117;Acidente com vitima;117;BR-392/RS;Norte;Saida de Pista;1;0;0;0;0;0;0;0;0;0;0;1;0;0;0
18/03/2021;21:18:00;119;Acidente sem vitima;83,2;BR-392/RS;Sul;Abalr. Mesmo Sentido;0;0;2;0;0;0;0;0;0;0;2;0;0;0;0
19/03/2021;01:16:00;8;Acidente sem vitima;467;BR-116/RS;Norte;Saida de Pista;0;0;1;0;0;0;0;0;0;0;1;0;0;0;0
19/03/2021;03:04:00;10;Acidente com vitima;16;BR-392/RS;Norte;Outros tipos de acidente;0;0;1;0;0;0;0;0;0;0;0;0;1;0;0
19/03/2021;07:28:00;17;Acidente com vitima;84,6;BR-392/RS;Sul;Saida de Pista;1;0;0;0;0;0;0;0;0;0;0;1;0;0;0
19/03/2021;23:09:00;151;Acidente sem vitima;27,7;BR-392/RS;Norte;Tombamento;0;0;1;0;0;0;0;0;0;0;1;0;0;0;0
20/03/2021;11:10:00;62;Acidente sem vitima;405,2;BR-116/RS;Sul;Saida de Pista;1;0;0;0;0;0;0;0;0;0;1;0;0;0;0
20/03/2021;11:31:00;67;Acidente sem vitima;16,2;BR-392/RS;Sul;Abalr. Mesmo Sentido;1;0;1;0;0;0;0;0;0;0;3;0;0;0;0
20/03/2021;14:48:00;84;Acidente com vitima;479;BR-116/RS;Sul;Saida de Pista;1;0;0;0;0;0;0;0;0;0;0;2;0;0;0
20/03/2021;21:19:00;120;Acidente com vitima;495,8;BR-116/RS;Norte;Saida de Pista;0;0;1;0;0;0;0;0;0;0;0;0;0;1;0
20/03/2021;23:55:00;133;Acidente sem vitima;126;BR-392/RS;Sul;Tombamento;0;0;1;0;0;0;0;0;0;0;1;0;0;0;0
21/03/2021;03:12:00;8;Acidente sem vitima;115;BR-392/RS;Sul;Capotamento;1;0;0;0;0;0;0;0;0;0;1;0;0;0;0
21/03/2021;13:59:00;58;Acidente sem vitima;31;BR-392/RS;Norte;Outros tipos de acidente;1;0;0;0;0;0;0;0;0;0;5;0;0;0;0
22/03/2021;02:42:00;5;Acidente sem vitima;435;BR-116/RS;Norte;Atropelamento de Animal;1;0;0;0;0;0;0;0;0;0;1;0;0;0;0
22/03/2021;06:27:00;10;Acidente com vitima;563,5;BR-116/RS;Sul;Abalr. Transversal;1;0;1;0;0;0;0;0;0;0;1;2;0;0;0
23/03/2021;17:07:00;87;Acidente com vitima;477,2;BR-116/RS;Norte;Abalr. Mesmo Sentido;0;1;1;0;0;0;0;0;0;0;1;0;1;0;0
24/03/2021;00:25:00;2;Acidente sem vitima;413;BR-116/RS;Norte;Saida de Pista;1;0;0;0;0;0;0;0;0;0;4;0;0;0;0
25/03/2021;03:01:00;12;Acidente sem vitima;58;BR-392/RS;Sul;Colisao Traseira;1;0;1;0;0;0;0;0;0;0;2;0;0;0;0
25/03/2021;05:03:00;16;Acidente com vitima;9;BR-392/RS;Sul;Colisao Traseira;0;0;2;0;0;0;0;0;0;0;1;1;0;0;0
26/03/2021;21:42:00;131;Acidente sem vitima;450,3;BR-116/RS;Sul;Colisao Traseira;0;0;2;0;0;0;0;0;0;0;2;0;0;0;0
27/03/2021;18:16:00;102;Acidente sem vitima;521,8;BR-116/RS;Norte;Colisao Traseira;2;0;0;0;0;0;0;0;0;0;6;0;0;0;0
28/03/2021;08:54:00;32;Acidente com vitima;523,5;BR-116/RS;Norte;Queda de moto;0;0;0;1;0;0;0;0;0;0;0;0;2;0;0
30/03/2021;02:12:00;8;Acidente com vitima;474,6;BR-116/RS;Sul;Tombamento;0;0;1;0;0;0;0;0;0;0;0;1;0;0;0
30/03/2021;07:31:00;18;Acidente com vitima;10,5;BR-392/RS;Sul;Colisao Traseira;0;0;2;0;0;0;0;0;0;0;1;1;0;0;0
31/03/2021;00:30:00;3;Acidente sem vitima;485;BR-116/RS;Sul;Saida de Pista;0;0;1;0;0;0;0;0;0;0;1;0;0;0;0
31/03/2021;10:24:00;52;Acidente com vitima;42,9;BR-392/RS;Norte;Atropelamento de Animal;0;0;0;1;0;0;0;0;0;0;0;0;1;0;0
31/03/2021;20:07:00;121;Acidente com morte;467,1;BR-116/RS;Norte;Colisao Frontal;1;0;1;0;0;0;0;0;0;0;1;0;0;1;1
02/04/2021;17:22:00;84;Acidente com vitima;140;BR-392/RS;Sul;Abalr. Transversal;0;0;1;1;0;0;0;0;0;0;2;0;1;0;0
05/04/2021;07:21:00;16;Acidente com vitima;520,9;BR-116/RS;Norte;Abalr. Transversal;1;0;0;1;0;0;0;0;0;0;2;0;1;0;0
05/04/2021;16:40:00;95;Acidente com morte;136,9;BR-392/RS;Sul;Colisao Frontal;1;0;1;0;0;0;0;0;0;0;0;1;0;1;2
06/04/2021;09:17:00;55;Acidente com vitima;140,3;BR-392/RS;Sul;Abalr. Transversal;1;0;1;0;0;0;0;0;0;0;3;2;0;0;0
07/04/2021;19:51:00;127;Acidente com vitima;646,5;BR-116/RS;Sul;Colisao Traseira;0;0;1;1;0;0;0;0;0;0;1;0;1;1;0
08/04/2021;20:13:00;135;Acidente com vitima;15,9;BR-392/RS;Norte;Colisao Traseira;0;0;0;1;0;0;1;0;0;0;0;1;0;0;0
08/04/2021;22:56:00;159;Acidente sem vitima;66;BR-392/RS;Norte;Saida de Pista;0;0;0;0;0;1;0;0;0;0;4;0;0;0;0
10/04/2021;07:26:00;20;Acidente sem vitima;8,5;BR-392/RS;Sul;Abalr. Sentido Oposto;1;0;1;0;0;0;0;0;0;0;2;0;0;0;0
14/04/2021;17:44:00;97;Acidente com vitima;628,6;BR-116/RS;Norte;Saida de Pista;1;0;0;0;0;0;0;0;0;0;0;0;1;0;0
15/04/2021;13:53:00;91;Acidente com vitima;494;BR-116/RS;Sul;Queda de moto;0;0;0;1;0;0;0;0;0;0;0;0;1;0;0
15/04/2021;16:15:00;107;Acidente sem vitima;21,5;BR-392/RS;Sul;Saida de Pista;1;0;0;0;0;0;0;0;0;0;2;0;0;0;0
15/04/2021;19:50:00;132;Acidente com vitima;480,4;BR-116/RS;Sul;Abalr. Transversal;2;0;0;0;0;0;0;0;0;0;0;2;1;0;0
16/04/2021;23:53:00;151;Acidente com vitima;418,8;BR-116/RS;Norte;Saida de Pista;1;0;0;0;0;0;0;0;0;0;0;1;0;0;0
17/04/2021;10:32:00;66;Acidente com vitima;91,5;BR-392/RS;Norte;Saida de Pista;0;0;1;0;0;0;0;0;0;0;0;1;1;0;0
17/04/2021;14:21:00;86;Acidente com vitima;14,5;BR-392/RS;Sul;Colisao Traseira;0;0;1;1;0;0;0;0;0;0;1;0;1;0;0
17/04/2021;14:42:00;89;Acidente com vitima;33;BR-392/RS;Norte;Abalr. Transversal;1;0;1;0;0;0;0;0;0;0;1;1;1;2;0
17/04/2021;18:03:00;103;Acidente com vitima;515;BR-116/RS;Sul;Queda de moto;0;0;0;1;0;0;0;0;0;0;0;1;1;0;0
18/04/2021;06:37:00;12;Acidente com vitima;526;BR-116/RS;Norte;Queda de moto;0;0;0;1;0;0;0;0;0;0;0;1;0;0;0
18/04/2021;18:46:00;124;Acidente com vitima;529;BR-116/RS;Norte;Abalr. Transversal;0;0;0;2;0;0;0;0;0;0;0;0;0;2;0
20/04/2021;10:29:00;65;Acidente com vitima;9,8;BR-392/RS;Sul;Colisao Traseira;0;0;1;1;0;0;0;0;0;0;1;0;1;0;0
21/04/2021;00:20:00;1;Acidente com vitima;43,8;BR-392/RS;Norte;Outros tipos de acidente;0;0;1;1;0;0;0;0;0;0;1;0;1;0;0
21/04/2021;00:39:00;4;Acidente com vitima;43,8;BR-392/RS;Norte;Outros tipos de acidente;0;0;1;1;0;0;0;0;0;0;1;0;1;0;0
23/04/2021;12:55:00;85;Acidente com vitima;517;BR-116/RS;Norte;Abalr. Transversal;1;0;0;1;0;0;0;0;0;0;2;1;0;0;0
23/04/2021;13:40:00;89;Acidente com vitima;505;BR-116/RS;Norte;Saida de Pista;2;0;0;0;0;0;0;0;0;0;1;0;1;0;0
23/04/2021;19:27:00;124;Acidente sem vitima;568,5;BR-116/RS;Sul;Atropelamento de Animal;1;0;0;0;0;0;0;0;0;0;4;0;0;0;0
23/04/2021;20:56:00;140;Acidente sem vitima;530,1;BR-116/RS;Sul;Abalr. Sentido Oposto;2;0;0;0;0;0;0;0;0;0;2;0;0;0;0
23/04/2021;21:08:00;141;Acidente com morte;189;BR-392/RS;Norte;Colisao Frontal;1;0;1;0;0;0;0;0;0;0;1;0;0;1;1
24/04/2021;11:12:00;59;Acidente com vitima;442,5;BR-116/RS;Sul;Saida de Pista;0;0;1;0;0;0;0;0;0;0;0;1;0;0;0
25/04/2021;06:05:00;13;Acidente com vitima;515;BR-116/RS;Norte;Atropelamento de Animal;0;0;0;1;0;0;0;0;0;0;0;0;1;0;0
28/04/2021;02:20:00;9;Acidente sem vitima;18,9;BR-392/RS;Norte;Atropelamento de Animal;0;0;1;0;0;0;0;0;0;0;1;0;0;0;0
28/04/2021;19:41:00;104;Acidente com vitima;103;BR-392/RS;Sul;Colisao Traseira;0;0;2;0;0;0;0;0;0;0;1;0;1;0;0
29/04/2021;20:44:00;107;Acidente sem vitima;524,5;BR-116/RS;Sul;Saida de Pista;0;0;1;0;0;0;0;0;0;0;1;0;0;0;0
30/04/2021;06:02:00;13;Acidente com vitima;411;BR-116/RS;Sul;Saida de Pista;0;0;1;0;0;0;0;0;0;0;0;1;0;0;0
02/05/2021;05:14:00;6;Acidente com vitima;72,8;BR-392/RS;Norte;Saida de Pista;1;0;0;0;0;0;0;0;0;0;0;0;1;0;0
04/05/2021;10:18:00;51;Acidente sem vitima;19,7;BR-392/RS;Sul;Colisao com Objeto Fixo;1;0;0;0;0;0;0;0;0;0;2;0;0;0;0
04/05/2021;12:34:00;66;Acidente com vitima;450;BR-116/RS;Norte;Saida de Pista;1;0;0;0;0;0;0;0;0;0;3;1;1;0;0
04/05/2021;13:55:00;77;Acidente com vitima;41;BR-392/RS;Sul;Saida de Pista;1;0;0;0;0;0;0;0;0;0;1;3;0;0;0
08/05/2021;20:05:00;90;Acidente com morte;123;BR-392/RS;Norte;Colisao Frontal;1;0;2;0;0;0;0;0;0;0;2;0;0;0;1
09/05/2021;01:47:00;9;Acidente com morte;656,5;BR-116/RS;Norte;Colisao Traseira;1;0;0;2;0;0;0;0;0;0;1;2;0;0;1
09/05/2021;15:29:00;78;Acidente com morte;1,7;BR-392/RS;Sul;Tombamento;0;1;1;0;0;0;0;0;0;0;1;0;0;0;1
11/05/2021;01:29:00;6;Acidente sem vitima;119;BR-392/RS;Norte;Atropelamento de Animal;0;0;1;0;0;0;0;0;0;0;1;0;0;0;0
11/05/2021;01:41:00;8;Acidente sem vitima;119;BR-392/RS;Sul;Atropelamento de Animal;0;0;1;0;0;0;0;0;0;0;1;0;0;0;0
13/05/2021;08:39:00;23;Acidente com vitima;518;BR-116/RS;Norte;Outros tipos de acidente;0;0;0;1;0;0;0;0;0;0;0;1;0;0;0
14/05/2021;14:52:00;64;Acidente com vitima;412,9;BR-116/RS;Sul;Colisao Frontal;2;0;0;0;0;0;0;0;0;0;2;1;0;0;0
15/05/2021;00:59:00;4;Acidente sem vitima;57,3;BR-392/RS;Sul;Saida de Pista;1;0;0;0;0;0;0;0;0;0;1;0;0;0;0
15/05/2021;13:41:00;64;Acidente com vitima;35,9;BR-392/RS;Norte;Queda de moto;0;0;0;1;0;0;0;0;0;0;0;1;0;0;0
16/05/2021;08:13:00;31;Acidente com vitima;586,9;BR-116/RS;Sul;Saida de Pista;1;0;0;0;0;0;0;0;0;0;0;0;1;1;0
16/05/2021;20:09:00;92;Acidente com vitima;518,7;BR-116/RS;Norte;Colisao com Objeto Fixo;1;0;0;0;0;0;0;0;0;0;0;1;0;0;0
17/05/2021;07:06:00;8;Acidente com morte;560,5;BR-116/RS;Sul;Colisao Frontal;1;0;0;1;0;0;0;0;0;0;3;0;0;0;1
18/05/2021;05:39:00;8;Acidente sem vitima;41,8;BR-392/RS;Sul;Atropelamento de Animal;1;0;0;0;0;0;0;0;0;0;4;0;0;0;0
18/05/2021;06:07:00;10;Acidente sem vitima;41,8;BR-392/RS;Sul;Atropelamento de Animal;1;0;0;0;0;0;0;0;0;0;1;0;0;0;0
18/05/2021;09:37:00;39;Acidente com morte;187;BR-392/RS;Norte;Colisao Frontal;1;0;1;0;0;0;0;0;0;0;1;0;0;0;2
21/05/2021;00:16:00;1;Acidente com vitima;1,7;BR-392/RS;Sul;Abalr. Transversal;1;0;1;0;0;0;0;0;0;0;1;1;0;0;0
21/05/2021;18:27:00;92;Acidente sem vitima;427;BR-116/RS;Norte;Atropelamento de Animal;0;0;0;1;0;0;0;0;0;0;1;0;0;0;0
25/05/2021;07:45:00;18;Acidente sem vitima;5,1;BR-392/RS;Norte;Abalr. Transversal;0;0;2;0;0;0;0;0;0;0;2;0;0;0;0
26/05/2021;15:08:00;67;Acidente com vitima;558,2;BR-116/RS;Sul;Saida de Pista;0;0;0;1;0;0;0;0;0;0;0;0;2;0;0
26/05/2021;18:13:00;78;Acidente com vitima;514;BR-116/RS;Norte;Colisao com Objeto Fixo;0;0;0;1;0;0;0;0;0;0;0;1;0;0;0
26/05/2021;23:46:00;108;Acidente com vitima;5,6;BR-392/RS;Norte;Saida de Pista;1;0;0;0;0;0;0;0;0;0;0;1;0;0;0
28/05/2021;15:30:00;55;Acidente com vitima;602,8;BR-116/RS;Sul;Colisao Frontal;2;0;0;0;0;0;0;0;0;0;0;3;2;0;0
29/05/2021;15:22:00;64;Acidente com vitima;123,4;BR-392/RS;Norte;Abalr. Transversal;2;0;0;0;0;0;0;0;0;0;0;3;1;0;0
29/05/2021;16:15:00;69;Acidente com vitima;11;BR-392/RS;Norte;Queda de moto;0;0;0;1;0;0;0;0;0;0;0;1;0;0;0
29/05/2021;18:54:00;80;Acidente com vitima;59,5;BR-392/RS;Sul;Saida de Pista;0;0;1;0;0;0;0;0;0;0;0;1;0;0;0
29/05/2021;23:26:00;106;Acidente sem vitima;167;BR-392/RS;Sul;Atropelamento de Animal;0;0;1;0;0;0;0;0;0;0;2;0;0;0;0
30/05/2021;16:46:00;69;Acidente com vitima;530,05;BR-116/RS;Norte;Abalr. Transversal;2;0;0;0;0;0;0;0;0;0;4;1;0;0;0
30/05/2021;21:55:00;97;Acidente com vitima;118,1;BR-392/RS;Sul;Atropelamento de Animal;0;0;0;1;0;0;0;0;0;0;0;1;0;0;0
30/05/2021;23:25:00;106;Acidente com vitima;653,5;BR-116/RS;Sul;Abalr. Sentido Oposto;1;0;2;0;1;0;0;0;0;0;21;0;2;0;0
01/06/2021;08:59:00;38;Acidente com vitima;20,9;BR-392/RS;Norte;Abalr. Mesmo Sentido;1;0;1;0;0;0;0;0;0;0;1;0;1;0;0
02/06/2021;13:05:00;76;Acidente com vitima;12,1;BR-392/RS;Norte;Colisao Traseira;0;0;1;1;0;0;0;0;0;0;1;0;1;0;0
02/06/2021;19:24:00;108;Acidente sem vitima;6,7;BR-392/RS;Sul;Abalr. Transversal;1;0;0;1;0;0;0;0;0;0;3;0;0;0;0
03/06/2021;19:49:00;87;Acidente sem vitima;566,5;BR-116/RS;Norte;Atropelamento de Animal;1;0;0;0;0;0;0;0;0;0;2;0;0;0;0
03/06/2021;21:59:00;98;Acidente sem vitima;173;BR-392/RS;Norte;Atropelamento de Animal;0;0;1;0;0;0;0;0;0;0;1;0;0;0;0
03/06/2021;22:27:00;105;Acidente com vitima;6,5;BR-392/RS;Norte;Saida de Pista;0;0;0;1;0;0;0;0;0;0;1;1;0;0;0
06/06/2021;20:29:00;75;Acidente com vitima;21,9;BR-392/RS;Norte;Saida de Pista;1;0;0;0;0;0;0;0;0;0;0;0;1;0;0
07/06/2021;07:22:00;15;Acidente com vitima;530,1;BR-116/RS;Norte;Abalr. Transversal;1;0;0;1;0;0;0;0;0;0;1;0;0;1;0
07/06/2021;21:40:00;123;Acidente com vitima;84;BR-392/RS;Sul;Tombamento;0;0;1;0;0;0;0;0;0;0;0;0;0;1;0
10/06/2021;07:14:00;15;Acidente com vitima;5,1;BR-392/RS;Norte;Colisao Traseira;0;0;1;1;0;0;0;0;0;0;1;0;1;0;0
12/06/2021;05:10:00;11;Acidente com vitima;427;BR-116/RS;Sul;Saida de Pista;1;0;1;0;0;0;0;0;0;0;1;1;0;0;0
13/06/2021;15:06:00;49;Acidente com vitima;140;BR-392/RS;Sul;Abalr. Transversal;1;0;0;1;0;0;0;0;0;0;2;0;0;2;0
14/06/2021;05:40:00;15;Acidente com vitima;77,4;BR-392/RS;Sul;Saida de Pista;0;0;0;1;0;0;0;0;0;0;0;1;0;0;0
15/06/2021;07:23:00;5;Acidente com vitima;481,5;BR-116/RS;Sul;Saida de Pista;0;0;1;0;0;0;0;0;0;0;1;0;0;1;0
16/06/2021;09:56:00;28;Acidente sem vitima;517;BR-116/RS;Norte;Abalr. Transversal;1;0;1;0;0;0;0;0;0;0;2;0;0;0;0
18/06/2021;18:09:00;107;Acidente com vitima;530,1;BR-116/RS;Sul;Abalr. Transversal;1;0;0;1;0;0;0;0;0;0;2;1;1;0;0
19/06/2021;00:52:00;4;Acidente com vitima;525,1;BR-116/RS;Sul;Colisao Frontal;2;0;0;0;0;0;0;0;0;0;5;4;0;0;0
19/06/2021;16:46:00;91;Acidente com vitima;196;BR-392/RS;Sul;Saida de Pista;0;0;1;0;0;0;0;0;0;0;0;1;0;0;0
19/06/2021;17:03:00;93;Acidente com vitima;481;BR-116/RS;Sul;Saida de Pista;1;0;0;0;0;0;0;0;0;0;2;1;0;0;0
22/06/2021;17:41:00;93;Acidente com vitima;118;BR-392/RS;Sul;Abalr. Transversal;1;0;0;1;0;0;0;0;0;0;1;0;1;0;0
24/06/2021;11:10:00;56;Acidente com vitima;516,7;BR-116/RS;Norte;Colisao Traseira;1;0;0;1;0;0;0;0;0;0;1;1;0;0;0
25/06/2021;07:52:00;24;Acidente com vitima;519,2;BR-116/RS;Sul;Colisao Traseira;2;0;0;0;0;0;0;0;0;0;1;1;0;0;0
26/06/2021;04:18:00;13;Acidente com vitima;117;BR-392/RS;Sul;Colisao Frontal;1;0;1;0;0;0;0;0;0;0;1;1;0;0;0
27/06/2021;10:47:00;40;Acidente com vitima;73;BR-392/RS;Sul;Colisao Frontal;1;1;0;0;0;0;0;0;0;0;3;0;0;1;0
29/06/2021;08:58:00;33;Acidente com morte;476,2;BR-116/RS;Norte;Colisao Frontal;1;0;1;0;0;0;0;0;0;0;0;1;0;0;1
29/06/2021;15:42:00;71;Acidente com vitima;406,8;BR-116/RS;Norte;Abalr. Mesmo Sentido;1;0;1;0;0;0;0;0;0;0;2;1;1;0;0
01/07/2021;07:38:00;19;Acidente com vitima;7,1;BR-392/RS;Norte;Abalr. Transversal;0;0;0;1;1;0;0;0;0;0;1;0;1;0;0
02/07/2021;23:00:00;122;Acidente com vitima;119,2;BR-392/RS;Sul;Colisao Traseira;0;1;0;1;0;0;0;0;0;0;0;2;0;0;0
05/07/2021;09:52:00;23;Acidente com vitima;525;BR-116/RS;Norte;Colisao Traseira;0;0;1;1;0;0;0;0;0;0;1;1;0;0;0
05/07/2021;11:10:00;41;Acidente com vitima;7,7;BR-392/RS;Norte;Abalr. Transversal;0;0;1;0;1;0;0;0;0;0;1;4;0;0;0
05/07/2021;16:59:00;86;Acidente com vitima;7,1;BR-392/RS;Norte;Colisao Traseira;5;0;1;0;0;0;0;0;0;0;4;0;2;0;0
05/07/2021;17:23:00;91;Acidente com vitima;59,3;BR-392/RS;Norte;Colisao Traseira;0;0;3;0;0;0;0;0;0;0;2;0;1;0;0
07/07/2021;02:28:00;9;Acidente sem vitima;118,3;BR-392/RS;Sul;Colisao com Objeto Fixo;0;0;1;0;0;0;0;0;0;0;1;0;0;0;0
08/07/2021;08:45:00;26;Acidente com vitima;5,5;BR-392/RS;Sul;Colisao Frontal;1;0;1;0;0;0;0;0;0;0;1;0;1;0;0
09/07/2021;15:56:00;86;Acidente com vitima;424,2;BR-116/RS;Sul;Colisao Traseira;2;0;0;0;0;0;0;0;0;0;1;0;1;0;0