data;horario;n_da_ocorrencia;tipo_de_ocorrencia;km;trecho;sentido;tipo_de_acidente;automovel;bicicleta;caminhao;moto;onibus;outros;tracao_animal;transporte_de_cargas_especiais;trator_maquinas;utilitarios;ilesos;levemente_feridos;moderadamente_feridos;gravemente_feridos;mortos
10/07/2021;03:35:00;8;Acidente sem vitima;532,4;BR-116/RS;Sul;Abalr. Transversal;1;0;1;0;0;0;0;0;0;0;2;0;0;0;0
10/07/2021;14:40:00;63;Acidente com vitima;604;BR-116/RS;Sul;Saida de Pista;1;0;0;0;0;0;0;0;0;0;0;1;0;0;0
11/07/2021;05:14:00;11;Acidente sem vitima;4,1;BR-392/RS;Norte;Saida de Pista;0;0;0;1;0;0;0;0;0;0;1;0;0;0;0
11/07/2021;07:06:00;16;Acidente sem vitima;29,3;BR-392/RS;Norte;Saida de Pista;1;0;0;0;0;0;0;0;0;0;1;0;0;0;0
11/07/2021;23:48:00;108;Acidente com vitima;590,8;BR-116/RS;Norte;Capotamento;1;0;0;0;0;0;0;0;0;0;0;1;0;1;0
12/07/2021;04:15:00;8;Acidente com vitima;23;BR-392/RS;Norte;Saida de Pista;1;0;0;0;0;0;0;0;0;0;0;2;0;0;0
15/07/2021;16:32:00;89;Acidente com vitima;657,7;BR-116/RS;Sul;Abalr. Transversal;2;0;0;0;0;0;0;0;0;0;1;5;0;0;0
17/07/2021;00:29:00;1;Acidente sem vitima;72,3;BR-392/RS;Sul;Saida de Pista;1;0;0;0;0;0;0;0;0;0;1;0;0;0;0
17/07/2021;01:06:00;3;Acidente sem vitima;527,9;BR-116/RS;Sul;Atropelamento de Animal;1;0;0;0;0;0;0;0;0;0;1;0;0;0;0
18/07/2021;02:32:00;7;Acidente com vitima;115;BR-392/RS;Norte;Abalr. Transversal;1;0;0;1;0;0;0;0;0;0;1;0;1;0;0
20/07/2021;19:00:00;104;Acidente com vitima;21,2;BR-392/RS;Sul;Atropelamento de Animal;1;0;0;0;0;0;0;0;0;0;0;0;0;1;0
25/07/2021;01:57:00;8;Acidente sem vitima;9;BR-392/RS;Sul;Colisao Traseira;2;0;1;0;0;0;0;0;0;0;3;0;0;0;0
25/07/2021;03:32:00;9;Acidente com vitima;26;BR-392/RS;Norte;Saida de Pista;0;0;0;1;0;0;0;0;0;0;0;0;1;0;0
25/07/2021;04:42:00;10;Acidente com vitima;5,6;BR-392/RS;Norte;Saida de Pista;1;0;0;0;0;0;0;0;0;0;0;0;3;0;0
25/07/2021;21:59:00;88;Acidente com vitima;11,5;BR-392/RS;Sul;Atropelamento de Animal;0;0;2;1;0;0;0;0;0;0;2;2;0;0;0
25/07/2021;23:18:00;97;Acidente com vitima;505,1;BR-116/RS;Sul;Saida de Pista;1;0;0;0;0;0;0;0;0;0;0;1;0;0;0
28/07/2021;04:54:00;6;Acidente com vitima;196,5;BR-392/RS;Sul;Saida de Pista;0;0;1;0;0;0;0;0;0;0;0;1;0;0;0
29/07/2021;08:02:00;18;Acidente com vitima;11;BR-392/RS;Sul;Colisao Traseira;0;0;1;1;0;0;0;0;0;0;1;0;1;0;0
30/07/2021;06:07:00;6;Acidente com vitima;3;BR-392/RS;Norte;Atropelamento de Animal;0;0;0;1;0;0;0;0;0;0;0;1;0;0;0
02/08/2021;03:04:00;4;Acidente sem vitima;113;BR-392/RS;Norte;Saida de Pista;1;0;0;0;0;0;0;0;0;0;1;0;0;0;0
02/08/2021;05:27:00;6;Acidente sem vitima;113,9;BR-392/RS;Sul;Saida de Pista;1;0;0;0;0;0;0;0;0;0;1;0;0;0;0
06/08/2021;15:02:00;82;Acidente com vitima;77,4;BR-392/RS;Sul;Abalr. Sentido Oposto;1;0;1;0;0;0;0;0;0;0;1;0;1;0;0
06/08/2021;18:59:00;99;Acidente com vitima;72;BR-392/RS;Norte;Colisao Traseira;0;0;1;1;0;0;0;0;0;0;1;1;0;0;0
07/08/2021;11:03:00;45;Acidente sem vitima;106,3;BR-392/RS;Sul;Abalr. Transversal;2;0;0;0;0;0;0;0;0;0;6;0;0;0;0
08/08/2021;11:32:00;55;Acidente com vitima;118,6;BR-392/RS;Sul;Colisao com Objeto Fixo;0;0;0;1;0;0;0;0;0;0;0;0;1;0;0
08/08/2021;13:41:00;64;Acidente com morte;504,6;BR-116/RS;Sul;Saida de Pista;1;0;0;0;0;0;0;0;0;0;0;0;4;0;1
09/08/2021;14:43:00;77;Acidente com morte;90,4;BR-392/RS;Sul;Colisao Frontal;0;0;2;1;0;0;0;0;0;0;1;0;1;0;1
09/08/2021;15:05:00;78;Acidente com vitima;151;BR-392/RS;Sul;Saida de Pista;1;0;0;0;0;0;0;0;0;0;1;1;0;0;0
13/08/2021;07:56:00;16;Acidente com vitima;521;BR-116/RS;Sul;Abalr. Transversal;0;0;1;1;0;0;0;0;0;0;1;0;1;0;0
13/08/2021;18:58:00;91;Acidente com vitima;527;BR-116/RS;Norte;Abalr. Mesmo Sentido;2;0;1;0;0;0;0;0;0;0;5;3;1;0;0
13/08/2021;22:24:00;114;Acidente com morte;199,1;BR-392/RS;Norte;Colisao Frontal;1;0;1;0;0;0;0;0;0;0;1;0;0;0;2
14/08/2021;05:41:00;10;Acidente com vitima;143;BR-392/RS;Sul;Atropelamento de Animal;1;0;0;0;0;0;0;0;0;0;0;1;0;0;0
18/08/2021;08:01:00;13;Acidente com vitima;1,5;BR-392/RS;Norte;Queda de moto;1;0;0;1;0;0;0;0;0;0;1;0;1;0;0
18/08/2021;14:08:00;74;Acidente com vitima;71,4;BR-392/RS;Norte;Abalr. Transversal;1;0;0;1;0;0;0;0;0;0;1;2;0;0;0
20/08/2021;21:13:00;106;Acidente com vitima;8,9;BR-392/RS;Sul;Abalr. Mesmo Sentido;1;0;1;0;0;0;0;0;0;0;1;0;1;0;0
22/08/2021;06:22:00;15;Acidente sem vitima;65,8;BR-392/RS;Norte;Outros tipos de acidente;1;0;0;0;0;0;0;0;0;0;1;0;0;0;0
22/08/2021;15:10:00;74;Acidente com vitima;524,6;BR-116/RS;Sul;Abalr. Mesmo Sentido;0;1;1;0;0;0;0;0;0;0;1;0;0;1;0
23/08/2021;12:06:00;60;Acidente com vitima;28,1;BR-392/RS;Norte;Saida de Pista;1;0;0;0;0;0;0;0;0;0;0;1;0;0;0
25/08/2021;18:18:00;96;Acidente com vitima;74;BR-392/RS;Sul;Colisao Frontal;0;0;2;0;0;0;0;0;0;0;0;3;0;1;0
26/08/2021;08:35:00;19;Acidente com vitima;10,3;BR-392/RS;Sul;Colisao Traseira;0;0;2;0;0;0;0;0;0;0;1;1;0;0;0
27/08/2021;01:45:00;5;Acidente sem vitima;525,8;BR-116/RS;Sul;Colisao Traseira;1;0;1;0;0;0;0;0;0;0;3;0;0;0;0
29/08/2021;07:24:00;17;Acidente com vitima;640,1;BR-116/RS;Sul;Saida de Pista;1;0;0;0;0;0;0;0;0;0;0;1;0;0;0
30/08/2021;13:59:00;63;Acidente com vitima;44;BR-392/RS;Sul;Abalr. Transversal;0;0;1;1;0;0;0;0;0;0;1;0;0;1;0
02/09/2021;05:43:00;7;Acidente com vitima;171,6;BR-392/RS;Sul;Colisao Traseira;1;0;1;0;0;0;0;0;0;0;1;1;0;0;0
02/09/2021;16:16:00;81;Acidente sem vitima;193,5;BR-392/RS;Sul;Saida de Pista;0;0;1;0;0;0;0;0;0;0;1;0;0;0;0
03/09/2021;18:13:00;92;Acidente sem vitima;540,8;BR-116/RS;Sul;Colisao Traseira;2;0;0;0;0;0;0;0;0;0;5;0;0;0;0
05/09/2021;08:35:00;26;Acidente com vitima;93,9;BR-392/RS;Norte;Tombamento;0;0;1;0;0;0;0;0;0;0;0;0;1;0;0
05/09/2021;22:05:00;100;Acidente com vitima;585,2;BR-116/RS;Sul;Saida de Pista;1;0;0;0;0;0;0;0;0;0;0;0;1;0;0
07/09/2021;19:36:00;60;Acidente com vitima;6,3;BR-392/RS;Sul;Colisao Traseira;2;0;0;0;0;0;0;0;0;0;1;1;0;0;0
11/09/2021;03:10:00;6;Acidente sem vitima;113,5;BR-392/RS;Sul;Saida de Pista;1;0;0;0;0;0;0;0;0;0;1;0;0;0;0
11/09/2021;19:55:00;82;Acidente com vitima;75,7;BR-392/RS;Norte;Colisao Frontal;3;0;0;0;0;0;0;0;0;0;3;2;1;0;0
13/09/2021;11:16:00;46;Acidente sem vitima;403,2;BR-116/RS;Sul;Saida de Pista;1;0;0;0;0;0;0;0;0;0;1;0;0;0;0
13/09/2021;13:11:00;56;Acidente com vitima;21,7;BR-392/RS;Sul;Saida de Pista;1;0;0;0;0;0;0;0;0;0;0;0;1;0;0
14/09/2021;07:15:00;15;Acidente sem vitima;606,5;BR-116/RS;Sul;Tombamento;1;0;0;0;0;0;0;0;0;0;1;0;0;0;0
15/09/2021;10:29:00;48;Acidente sem vitima;528,2;BR-116/RS;Norte;Colisao Traseira;2;0;0;0;0;0;0;0;0;0;4;0;0;0;0
15/09/2021;13:49:00;78;Acidente com morte;483,9;BR-116/RS;Sul;Colisao Traseira;0;0;2;0;0;0;0;0;0;0;1;0;0;0;1
16/09/2021;07:29:00;10;Acidente com vitima;427;BR-116/RS;Sul;Abalr. Transversal;1;0;0;1;0;0;0;0;0;0;1;0;1;0;0
17/09/2021;20:25:00;132;Acidente com vitima;530,2;BR-116/RS;Sul;Atropelamento;1;1;0;0;0;0;0;0;0;0;1;0;1;0;0
17/09/2021;20:46:00;133;Acidente com morte;519,4;BR-116/RS;Norte;Colisao Traseira;0;0;2;0;0;0;0;0;0;0;0;0;1;0;1
18/09/2021;15:46:00;72;Acidente com vitima;516,6;BR-116/RS;Norte;Colisao Traseira;1;0;0;1;0;0;0;0;0;0;1;0;0;1;0
20/09/2021;12:28:00;42;Acidente com vitima;5,1;BR-392/RS;Sul;Abalr. Transversal;0;0;2;0;0;0;0;0;0;0;1;0;1;0;0
20/09/2021;17:17:00;69;Acidente com vitima;592,8;BR-116/RS;Norte;Saida de Pista;1;0;0;0;0;0;0;0;0;0;1;1;0;0;0
21/09/2021;13:18:00;123;Acidente com vitima;488,5;BR-116/RS;Norte;Abalr. Transversal;2;0;0;0;0;0;0;0;0;0;1;1;1;0;0
23/09/2021;09:42:00;36;Acidente com vitima;617;BR-116/RS;Sul;Saida de Pista;1;0;0;0;0;0;0;0;0;0;0;1;0;0;0
23/09/2021;21:58:00;124;Acidente com vitima;400,5;BR-116/RS;Norte;Colisao com Objeto Fixo;0;0;1;0;0;0;0;0;0;0;0;1;0;0;0
24/09/2021;03:59:00;14;Acidente sem vitima;66;BR-392/RS;Norte;Saida de Pista;1;0;0;0;0;0;0;0;0;0;1;0;0;0;0
24/09/2021;20:00:00;131;Acidente com vitima;530,5;BR-116/RS;Norte;Abalr. Transversal;1;0;0;1;0;0;0;0;0;0;1;0;1;0;0
25/09/2021;19:12:00;86;Acidente com vitima;20,2;BR-392/RS;Sul;Abalr. Mesmo Sentido;1;0;0;1;0;0;0;0;0;0;1;0;1;0;0
28/09/2021;05:04:00;10;Acidente sem vitima;51,2;BR-392/RS;Sul;Saida de Pista;1;0;0;0;0;0;0;0;0;0;3;0;0;0;0
30/09/2021;07:06:00;10;Acidente com morte;410,7;BR-116/RS;Sul;Colisao Frontal;0;0;2;0;0;0;0;0;0;0;0;1;0;1;1
30/09/2021;08:10:00;18;Acidente com vitima;410,7;BR-116/RS;Sul;Colisao Traseira;1;0;1;0;0;0;0;0;0;0;2;1;0;0;0
02/10/2021;15:28:00;72;Acidente sem vitima;101;BR-392/RS;Norte;Saida de Pista;1;0;0;0;0;0;0;0;0;0;1;0;0;0;0
02/10/2021;20:37:00;99;Acidente com morte;47,2;BR-392/RS;Norte;Queda de moto;0;0;0;1;0;0;0;0;0;0;0;0;0;0;1
03/10/2021;04:21:00;18;Acidente com vitima;5,5;BR-392/RS;Norte;Saida de Pista;1;0;0;0;0;0;0;0;0;0;1;0;1;0;0
04/10/2021;07:39:00;22;Acidente com vitima;66,9;BR-392/RS;Sul;Abalr. Transversal;1;1;0;0;0;0;0;0;0;0;1;1;0;0;0
04/10/2021;20:07:00;101;Acidente com vitima;599,7;BR-116/RS;Sul;Colisao Traseira;1;0;0;1;0;0;0;0;0;0;1;0;1;0;0
06/10/2021;09:05:00;31;Acidente sem vitima;100,6;BR-392/RS;Norte;Saida de Pista;1;0;0;0;0;0;0;0;0;0;1;0;0;0;0
06/10/2021;16:44:00;85;Acidente com vitima;87,6;BR-392/RS;Norte;Abalr. Transversal;1;0;0;1;0;0;0;0;0;0;4;0;1;0;0
08/10/2021;12:50:00;67;Acidente sem vitima;657,2;BR-116/RS;Norte;Colisao Traseira;1;0;1;0;0;0;0;0;0;0;4;0;0;0;0
08/10/2021;15:16:00;79;Acidente com vitima;75,9;BR-392/RS;Norte;Abalr. Transversal;1;0;0;1;0;0;0;0;0;0;1;1;1;0;0
09/10/2021;04:52:00;11;Acidente sem vitima;117;BR-392/RS;Norte;Colisao Traseira;1;0;1;0;0;0;0;0;0;0;2;0;0;0;0
10/10/2021;18:02:00;72;Acidente com vitima;86;BR-392/RS;Sul;Saida de Pista;1;0;0;0;0;0;0;0;0;0;0;0;2;0;0
11/10/2021;15:51:00;128;Acidente com vitima;21,5;BR-392/RS;Sul;Saida de Pista;1;0;0;0;0;0;0;0;0;0;0;0;3;1;0
11/10/2021;22:01:00;151;Acidente sem vitima;194;BR-392/RS;Sul;Abalr. Sentido Oposto;0;0;2;0;0;0;0;0;0;0;2;0;0;0;0
13/10/2021;06:18:00;13;Acidente com morte;81,5;BR-392/RS;Sul;Colisao Frontal;1;0;0;1;0;0;0;0;0;0;1;0;0;1;1
14/10/2021;12:27:00;76;Acidente com vitima;619,4;BR-116/RS;Norte;Tombamento;0;0;1;0;0;0;0;0;0;0;0;1;0;0;0
14/10/2021;16:44:00;101;Acidente sem vitima;54;BR-392/RS;Norte;Tombamento;0;0;1;0;0;0;0;0;0;0;1;0;0;0;0
14/10/2021;20:30:00;109;Acidente com vitima;519;BR-116/RS;Norte;Colisao Traseira;2;0;0;0;0;0;0;0;0;0;6;1;0;0;0
15/10/2021;22:41:00;92;Acidente com vitima;530;BR-116/RS;Norte;Abalr. Transversal;1;0;0;1;0;0;0;0;0;0;1;1;0;0;0
16/10/2021;12:06:00;62;Acidente com vitima;526;BR-116/RS;Norte;Queda de moto;0;0;0;1;0;0;0;0;0;0;0;1;0;0;0
17/10/2021;22:39:00;111;Acidente com vitima;18,5;BR-392/RS;Norte;Abalr. Transversal;0;1;0;1;0;0;0;0;0;0;0;0;2;0;0
19/10/2021;19:23:00;99;Acidente com vitima;76;BR-392/RS;Sul;Atropelamento;0;1;0;0;0;0;0;0;0;0;0;1;1;0;0
20/10/2021;10:34:00;46;Acidente sem vitima;47,8;BR-392/RS;Norte;Colisao Traseira;1;0;2;0;0;0;0;0;0;0;3;0;0;0;0
21/10/2021;05:58:00;10;Acidente com vitima;443;BR-116/RS;Sul;Saida de Pista;0;0;1;0;0;0;0;0;0;0;0;0;0;1;0
21/10/2021;16:07:00;82;Acidente com vitima;28,4;BR-392/RS;Sul;Queda de moto;0;0;0;1;0;0;0;0;0;0;0;1;0;0;0
21/10/2021;18:05:00;96;Acidente com vitima;519,4;BR-116/RS;Norte;Abalr. Transversal;1;0;0;1;0;0;0;0;0;0;2;0;1;0;0
21/10/2021;19:53:00;107;Acidente com vitima;525;BR-116/RS;Norte;Abalr. Transversal;1;0;0;1;0;0;0;0;0;0;1;1;0;0;0
21/10/2021;23:45:00;132;Acidente sem vitima;58,6;BR-392/RS;Norte;Atropelamento de Animal;0;0;1;0;0;0;0;0;0;0;1;0;0;0;0
23/10/2021;15:18:00;70;Acidente com morte;550,2;BR-116/RS;Sul;Saida de Pista;1;0;0;0;0;0;0;0;0;0;0;0;0;0;4
24/10/2021;10:11:00;37;Acidente com vitima;413,6;BR-116/RS;Sul;Saida de Pista;1;0;0;0;0;0;0;0;0;0;0;1;0;0;0
25/10/2021;16:00:00;81;Acidente com vitima;554,3;BR-116/RS;Sul;Abalr. Transversal;2;0;0;0;0;0;0;0;0;0;4;0;1;0;0
29/10/2021;00:48:00;3;Acidente com morte;117,8;BR-392/RS;Sul;Atropelamento;1;0;0;0;0;0;0;0;0;0;1;0;0;0;1
29/10/2021;09:30:00;36;Acidente sem vitima;19,5;BR-392/RS;Sul;Abalr. Mesmo Sentido;1;0;1;0;0;0;0;0;0;0;2;0;0;0;0
30/10/2021;07:32:00;20;Acidente com morte;12,8;BR-392/RS;Sul;Colisao Traseira;1;0;0;1;0;0;0;0;0;0;1;0;0;0;1
30/10/2021;10:22:00;45;Acidente sem vitima;527;BR-116/RS;Sul;Tombamento;0;0;1;0;0;0;0;0;0;0;1;0;0;0;0
30/10/2021;16:42:00;86;Acidente com vitima;526,5;BR-116/RS;Norte;Queda de moto;0;0;0;1;0;0;0;0;0;0;0;0;1;0;0
31/10/2021;05:55:00;16;Acidente sem vitima;5,5;BR-392/RS;Norte;Colisao com Objeto Fixo;1;0;0;0;0;0;0;0;0;0;1;0;0;0;0
02/11/2021;07:34:00;12;sem vitima;418,3;BR-116/RS;Decrescente;Colisao lateral em sentido contrario;1;0;0;0;0;0;0;0;0;0;2;0;0;0;0
02/11/2021;11:28:00;37;sem vitima;1,6;BR-392/RS;Crescente;Saida de Pista;1;0;0;0;0;0;0;0;0;0;1;0;0;0;0
02/11/2021;12:20:00;41;com vitima;488,3;BR-116/RS;Crescente;Saida de Pista;0;0;0;1;0;0;0;0;0;0;0;0;1;0;0
02/11/2021;19:36:00;70;sem vitima;5,006;BR-392/RS;Decrescente;Saida de Pista;1;0;0;0;0;0;0;0;0;0;3;0;0;0;0
03/11/2021;18:24:00;58;com vitima;518;BR-116/RS;Decrescente;Queda de moto;0;0;0;1;0;0;0;0;0;0;1;1;0;0;0
04/11/2021;15:40:00;49;com vitima;49,5;BR-392/RS;Decrescente;Queda de moto;0;0;0;1;0;0;0;0;0;0;0;2;0;0;0
06/11/2021;03:51:00;4;com vitima;20,1;BR-392/RS;Decrescente;Queda de moto;0;0;0;1;0;0;0;0;0;0;0;0;1;0;0
06/11/2021;20:42:00;51;com vitima;427,2;BR-116/RS;Decrescente;Colisao transversal;1;0;0;1;0;0;0;0;0;0;2;1;0;0;0
06/11/2021;22:26:00;54;sem vitima;26,2;BR-392/RS;Crescente;Saida de Pista;1;0;0;0;0;0;0;0;0;0;1;0;0;0;0
10/11/2021;15:21:00;57;com vitima;76,4;BR-392/RS;Crescente;Colisao transversal;1;0;0;1;0;0;0;0;0;0;2;0;1;0;0
11/11/2021;07:55:00;7;com vitima;52,3;BR-392/RS;Decrescente;Colisao Traseira;1;0;0;0;0;1;0;0;0;0;1;2;0;0;0
11/11/2021;21:48:00;75;com vitima;46;BR-392/RS;Crescente;Atropelamento de animal;0;0;2;0;0;0;0;0;0;0;1;0;1;0;0
12/11/2021;07:04:00;14;com vitima;28,4;BR-392/RS;Decrescente;Acidentes de outra natureza;0;0;0;0;0;1;0;0;0;0;0;0;0;0;1
13/11/2021;17:42:00;61;sem vitima;517;BR-116/RS;Decrescente;Colisao transversal;2;0;0;0;0;0;0;0;0;0;2;0;0;0;0
14/11/2021;21:31:00;54;com vitima;460,8;BR-116/RS;Crescente;Atropelamento de animal;1;0;0;0;0;0;0;0;0;0;4;0;1;0;0
16/11/2021;14:53:00;49;com vitima;41,9;BR-392/RS;Decrescente;Choque;1;0;0;0;0;0;0;0;0;0;0;0;1;0;0
19/11/2021;17:09:00;64;com vitima;530,2;BR-116/RS;Crescente;Colisao transversal;0;1;0;0;0;0;0;0;0;0;0;0;1;0;0
19/11/2021;17:24:00;65;com vitima;52,3;BR-392/RS;Decrescente;Choque;1;0;0;0;0;1;0;0;0;0;4;0;1;0;0
19/11/2021;20:54:00;75;com vitima;419;BR-116/RS;Crescente;Atropelamento de animal;0;0;0;0;0;0;0;0;0;0;0;0;0;0;0
20/11/2021;06:39:00;5;com vitima;517;BR-116/RS;Decrescente;Queda de moto;0;0;0;1;0;0;0;0;0;0;0;0;0;1;0
20/11/2021;20:03:00;48;sem vitima;28;BR-392/RS;Decrescente;Saida de Pista;1;0;0;0;0;0;0;0;0;0;1;0;0;0;0
21/11/2021;08:21:00;14;sem vitima;61,3;BR-392/RS;Decrescente;Choque;1;0;0;0;0;0;0;0;0;0;1;0;0;0;0
21/11/2021;08:22:00;15;com vitima;18;BR-392/RS;Decrescente;Queda de moto;0;0;0;1;0;0;0;0;0;0;1;1;0;0;0
21/11/2021;09:43:00;23;sem vitima;653,8;BR-116/RS;Crescente;Colisao transversal;1;0;0;0;0;0;0;0;0;0;1;0;0;0;0
23/11/2021;06:31:00;8;sem vitima;193,8;BR-392/RS;Decrescente;Saida de Pista;0;0;0;0;0;1;0;0;0;0;1;0;0;0;0
28/11/2021;01:03:00;3;sem vitima;51,3;BR-392/RS;Decrescente;Atropelamento de animal;1;0;0;0;0;0;0;0;0;0;2;0;0;0;0
28/11/2021;20:51:00;90;com vitima;644;BR-116/RS;Decrescente;Saida de Pista;1;0;0;0;0;0;0;0;0;0;1;1;0;0;0
29/11/2021;01:53:00;4;com vitima;477,4;BR-116/RS;Decrescente;Saida de Pista;1;0;0;0;0;0;0;0;0;0;3;2;0;0;0
29/11/2021;19:38:00;82;com vitima;117,1;BR-392/RS;Decrescente;Colisao transversal;1;0;0;1;0;0;0;0;0;0;1;1;0;0;0
29/11/2021;21:07:00;89;com vitima;73,5;BR-392/RS;Decrescente;Colisao Traseira;2;0;0;0;0;0;0;0;0;0;0;1;1;0;0
01/12/2021;17:38:00;45;com vitima;19,1;BR-392/RS;Decrescente;Colisao Traseira;0;0;0;0;0;1;0;0;1;0;3;1;0;0;0
02/12/2021;13:26:00;47;com vitima;114,7;BR-392/RS;Crescente;Colisao transversal;2;0;0;0;0;0;0;0;0;0;1;0;0;1;0
02/12/2021;15:03:00;53;sem vitima;19,2;BR-392/RS;Crescente;Colisao lateral no mesmo sentido;1;0;0;0;0;1;0;0;0;0;3;0;0;0;0
03/12/2021;00:52:00;3;com vitima;18,8;BR-392/RS;Crescente;Colisao Traseira;1;0;1;0;0;0;0;0;0;0;1;0;0;0;1
03/12/2021;11:48:00;40;sem vitima;446,1;BR-116/RS;Decrescente;Saida de Pista;1;0;0;0;0;0;0;0;0;0;3;0;0;0;0
04/12/2021;05:38:00;8;sem vitima;18,5;BR-392/RS;Decrescente;Saida de Pista;1;0;0;0;0;0;0;0;0;0;1;0;0;0;0
04/12/2021;23:51:00;71;sem vitima;476,9;BR-116/RS;Crescente;Saida de Pista;1;0;0;0;0;0;0;0;0;0;1;0;0;0;0
06/12/2021;06:01:00;15;sem vitima;527;BR-116/RS;Decrescente;Acidentes de outra natureza;1;0;0;0;0;0;0;0;0;0;1;0;0;0;0
08/12/2021;21:16:00;87;com vitima;657,2;BR-116/RS;Crescente;Saida de Pista;1;0;0;0;0;0;0;0;0;0;0;2;0;0;0
09/12/2021;19:59:00;56;sem vitima;526,5;BR-116/RS;Crescente;Tombamento;0;0;0;1;0;0;0;0;0;0;1;0;0;0;0
09/12/2021;21:43:00;60;com vitima;18;BR-392/RS;Decrescente;Colisao lateral no mesmo sentido;2;0;0;0;0;0;0;0;0;0;0;0;0;3;0
10/12/2021;13:27:00;39;com vitima;117,7;BR-392/RS;Crescente;Engavetamento;2;0;0;1;0;2;0;0;0;0;4;0;2;3;0
11/12/2021;21:18:00;66;com vitima;16,7;BR-392/RS;Decrescente;Colisao transversal;0;0;0;1;0;0;1;0;0;0;1;0;1;0;0
12/12/2021;03:57:00;6;sem vitima;114,1;BR-392/RS;Crescente;Choque;1;0;0;0;0;0;0;0;0;0;1;0;0;0;0
14/12/2021;09:41:00;21;sem vitima;20,6;BR-392/RS;Decrescente;Saida de Pista;1;0;0;0;0;0;0;0;0;0;1;0;0;0;0
15/12/2021;10:44:00;25;sem vitima;405,4;BR-116/RS;Decrescente;Saida de Pista;1;0;0;0;0;0;0;0;0;0;2;0;0;0;0
15/12/2021;17:43:00;63;com vitima;150;BR-392/RS;Crescente;Saida de Pista;0;0;0;0;0;1;0;0;0;0;0;0;1;0;0
16/12/2021;20:42:00;71;com vitima;569;BR-116/RS;Crescente;Atropelamento de animal;1;0;1;0;0;0;0;0;0;0;4;0;1;0;0
16/12/2021;22:13:00;76;sem vitima;8,9;BR-392/RS;Decrescente;Colisao transversal;0;0;0;0;0;2;0;0;0;0;2;0;0;0;0
18/12/2021;03:14:00;3;com vitima;97,4;BR-392/RS;Crescente;Saida de Pista;1;0;0;0;0;0;0;0;0;0;0;1;0;0;0
19/12/2021;21:16:00;75;com vitima;95;BR-392/RS;Decrescente;Colisao Traseira;0;0;1;1;0;0;0;0;0;0;1;0;0;0;1
20/12/2021;02:01:00;4;sem vitima;165,7;BR-392/RS;Decrescente;Colisao lateral em sentido contrario;0;0;0;0;0;1;0;0;0;0;1;0;0;0;0
20/12/2021;02:04:00;5;com vitima;83,8;BR-392/RS;Decrescente;Saida de Pista;0;0;0;0;0;1;0;0;0;0;0;0;1;0;0
21/12/2021;16:04:00;50;com vitima;517;BR-116/RS;Decrescente;Colisao transversal;1;0;0;1;0;0;0;0;0;0;1;0;1;0;0
24/12/2021;03:25:00;11;sem vitima;96,9;BR-392/RS;Crescente;Saida de Pista;0;0;0;0;0;1;0;0;0;0;1;0;0;0;0
24/12/2021;18:37:00;63;com vitima;21,5;BR-392/RS;Crescente;Saida de Pista;1;0;0;0;0;0;0;0;0;0;0;4;0;0;0
24/12/2021;21:04:00;78;sem vitima;420,001;BR-116/RS;Crescente;Atropelamento de animal;1;0;0;0;0;0;0;0;0;0;1;0;0;0;0
25/12/2021;08:15:00;13;com vitima;412;BR-116/RS;Crescente;Saida de Pista;1;0;0;0;0;0;0;0;0;0;0;1;0;0;0
28/12/2021;07:30:00;17;com vitima;120,1;BR-392/RS;Crescente;Colisao Traseira;0;0;0;1;0;0;0;0;0;0;0;0;0;0;1
28/12/2021;13:21:00;40;com vitima;51,3;BR-392/RS;Crescente;Colisao Traseira;1;0;0;0;0;1;0;0;0;0;1;0;0;2;1
29/12/2021;01:42:00;6;com vitima;9,7;BR-392/RS;Decrescente;Engavetamento;0;0;0;0;0;3;0;0;0;0;2;0;0;1;0
29/12/2021;17:56:00;53;com vitima;519;BR-116/RS;Crescente;Colisao transversal;2;0;0;0;0;0;0;0;0;0;2;1;0;0;0
01/01/2022;07:17:00;9;com vitima;472;BR-116/RS;Decrescente;Saida de Pista;1;0;0;0;0;0;0;0;0;0;0;0;1;0;0
02/01/2022;13:46:00;44;sem vitima;194,2;BR-392/RS;Crescente;Saida de Pista;1;0;0;0;0;0;0;0;0;0;1;0;0;0;0