data;horario;n_da_ocorrencia;tipo_de_ocorrencia;km;trecho;sentido;tipo_de_acidente;automovel;bicicleta;caminhao;moto;onibus;outros;tracao_animal;transporte_de_cargas_especiais;trator_maquinas;utilitarios;ilesos;levemente_feridos;moderadamente_feridos;gravemente_feridos;mortos
03/01/2022;02:11:00;4;com vitima;444,8;BR-116/RS;Decrescente;Saida de Pista;0;0;0;0;0;0;0;0;0;1;0;0;0;1;0
03/01/2022;10:17:00;38;sem vitima;184,1;BR-392/RS;Decrescente;Colisao transversal;1;0;1;0;0;0;0;0;0;0;3;0;0;0;0
04/01/2022;20:16:00;92;sem vitima;66,9;BR-392/RS;Crescente;Colisao lateral no mesmo sentido;1;0;0;0;0;1;0;0;0;0;2;0;0;0;0
05/01/2022;23:36:00;82;sem vitima;587,7;BR-116/RS;Decrescente;Saida de Pista;0;0;0;0;0;1;0;0;0;0;3;0;0;0;0
07/01/2022;14:54:00;101;sem vitima;18;BR-392/RS;Crescente;Colisao lateral no mesmo sentido;0;0;1;0;0;0;0;0;0;0;2;0;0;0;0
09/01/2022;23:25:00;86;com vitima;73,5;BR-392/RS;Decrescente;Atropelamento de animal;0;0;0;1;0;0;0;0;0;0;0;0;1;0;0
12/01/2022;18:07:00;62;sem vitima;19,9;BR-392/RS;Crescente;Saida de Pista;1;0;0;0;0;0;0;0;0;0;1;0;0;0;0
14/01/2022;21:59:00;93;com vitima;28;BR-392/RS;Decrescente;Colisao Traseira;1;0;0;0;0;0;0;0;0;0;0;0;1;0;0
15/01/2022;06:19:00;5;sem vitima;130,2;BR-392/RS;Crescente;Saida de Pista;1;0;0;0;0;0;0;0;0;0;2;0;0;0;0
15/01/2022;15:57:00;65;com vitima;99,5;BR-392/RS;Decrescente;Tombamento;0;0;1;0;0;0;0;0;0;0;0;1;0;0;0
16/01/2022;17:03:00;64;sem vitima;193,7;BR-392/RS;Crescente;Saida de Pista;1;0;0;0;0;0;0;0;0;0;1;0;0;0;0
17/01/2022;08:08:00;21;sem vitima;40;BR-392/RS;Decrescente;Colisao Traseira;1;0;0;1;0;0;0;0;0;0;2;0;0;0;0
17/01/2022;17:49:00;60;com vitima;193,4;BR-392/RS;Crescente;Colisao Frontal;1;0;0;0;0;1;0;0;0;0;1;0;0;0;2
17/01/2022;23:07:00;82;com vitima;67;BR-392/RS;Decrescente;Colisao transversal;1;0;0;1;0;0;0;0;0;0;1;1;0;0;0
18/01/2022;07:34:00;12;com vitima;450;BR-116/RS;Crescente;Colisao Traseira;0;0;1;0;0;0;0;0;0;1;1;1;0;0;0
20/01/2022;07:57:00;18;sem vitima;66,9;BR-392/RS;Crescente;Colisao transversal;2;0;0;0;0;0;0;0;0;0;2;0;0;0;0
20/01/2022;16:15:00;64;sem vitima;451,5;BR-116/RS;Crescente;Saida de Pista;1;0;0;0;0;0;0;0;0;0;4;0;0;0;0
20/01/2022;16:18:00;67;com vitima;519,6;BR-116/RS;Decrescente;Queda de moto;0;0;0;1;0;0;0;0;0;0;1;0;1;0;0
20/01/2022;17:51:00;77;com vitima;7;BR-392/RS;Crescente;Colisao transversal;0;0;0;2;0;0;0;0;0;0;1;1;0;0;0
23/01/2022;02:25:00;7;com vitima;477,5;BR-116/RS;Decrescente;Saida de Pista;1;0;0;0;0;0;0;0;0;0;1;1;1;0;0
23/01/2022;14:52:00;45;sem vitima;36;BR-392/RS;Decrescente;Colisao lateral no mesmo sentido;2;0;0;0;0;1;0;0;0;0;8;0;0;0;0
24/01/2022;05:40:00;10;com vitima;564,8;BR-116/RS;Decrescente;Saida de Pista;1;0;0;0;0;0;0;0;0;0;2;0;0;0;0
24/01/2022;08:16:00;25;sem vitima;523,1;BR-116/RS;Crescente;Saida de Pista;1;0;0;0;0;0;0;0;0;0;1;0;0;0;0
26/01/2022;07:22:00;10;sem vitima;435,3;BR-116/RS;Decrescente;Saida de Pista;1;0;0;0;0;0;0;0;0;0;2;0;0;0;0
26/01/2022;14:00:00;43;sem vitima;147,1;BR-392/RS;Decrescente;Colisao transversal;0;0;2;0;0;0;0;0;0;0;3;0;0;0;0
27/01/2022;12:50:00;39;sem vitima;60,9;BR-392/RS;Crescente;Saida de Pista;0;0;0;0;0;1;0;0;0;0;1;0;0;0;0
28/01/2022;08:51:00;22;sem vitima;526,5;BR-116/RS;Crescente;Colisao lateral no mesmo sentido;0;0;2;0;0;0;0;0;0;0;2;0;0;0;0
28/01/2022;23:21:00;76;sem vitima;22;BR-392/RS;Crescente;Colisao lateral no mesmo sentido;1;0;1;0;0;0;0;0;0;0;3;0;0;0;0
30/01/2022;05:28:00;3;com vitima;401,4;BR-116/RS;Decrescente;Atropelamento de animal;0;0;1;0;0;0;0;0;0;0;2;0;1;0;0
30/01/2022;08:52:00;12;sem vitima;640,2;BR-116/RS;Crescente;Saida de Pista;1;0;0;0;0;0;0;0;0;0;1;0;0;0;0
31/01/2022;09:22:00;39;sem vitima;402,9;BR-116/RS;Crescente;Saida de Pista;1;0;0;0;0;0;0;0;0;0;3;0;0;0;0
01/02/2022;17:37:00;74;com vitima;528,1;BR-116/RS;Decrescente;Colisao lateral no mesmo sentido;1;1;0;0;0;0;0;0;0;0;1;1;0;0;0
03/02/2022;23:53:00;77;sem vitima;19,6;BR-392/RS;Crescente;Atropelamento de animal;1;0;0;0;0;0;0;0;0;0;1;0;0;0;0
04/02/2022;03:10:00;6;com vitima;526,6;BR-116/RS;Decrescente;Capotamento;1;0;0;0;0;0;0;0;0;0;0;0;1;0;0
04/02/2022;23:26:00;74;sem vitima;469;BR-116/RS;Decrescente;Saida de Pista;1;0;0;0;0;0;0;0;0;0;1;0;0;0;0
05/02/2022;01:44:00;3;com vitima;114;BR-392/RS;Crescente;Colisao lateral em sentido contrario;2;0;1;0;0;0;0;0;0;0;1;5;0;0;0
06/02/2022;14:11:00;39;com vitima;25,3;BR-392/RS;Crescente;Colisao lateral no mesmo sentido;2;0;0;0;0;0;0;0;0;0;8;4;0;0;0
06/02/2022;16:46:00;50;com vitima;437,1;BR-116/RS;Crescente;Queda de moto;0;0;0;1;0;0;0;0;0;0;0;2;0;0;0
06/02/2022;19:12:00;56;sem vitima;87,1;BR-392/RS;Crescente;Colisao Traseira;2;0;0;0;0;0;0;0;0;0;2;0;0;0;0
07/02/2022;06:37:00;6;com vitima;410,5;BR-116/RS;Crescente;Saida de Pista;1;0;0;0;0;0;0;0;0;0;1;0;1;0;0
07/02/2022;10:43:00;32;sem vitima;410,5;BR-116/RS;Crescente;Colisao Traseira;2;0;0;0;0;0;0;0;0;0;2;0;0;0;0
07/02/2022;14:33:00;51;sem vitima;510,3;BR-116/RS;Decrescente;Colisao lateral no mesmo sentido;1;0;1;0;0;0;0;0;0;0;3;0;0;0;0
08/02/2022;21:36:00;73;sem vitima;512;BR-116/RS;Decrescente;Queda de moto;0;0;0;1;0;0;0;0;0;0;1;0;0;0;0
11/02/2022;16:25:00;50;com vitima;117;BR-392/RS;Crescente;Colisao lateral no mesmo sentido;1;0;0;1;0;0;0;0;0;0;2;1;0;0;0
11/02/2022;19:38:00;59;com vitima;67;BR-392/RS;Decrescente;Colisao transversal;2;0;0;0;0;0;0;0;0;0;1;1;1;0;0
11/02/2022;22:30:00;63;com vitima;99;BR-392/RS;Decrescente;Tombamento;0;0;0;0;0;1;0;0;0;0;0;1;0;0;0
13/02/2022;15:45:00;43;sem vitima;513,8;BR-116/RS;Decrescente;Colisao transversal;1;1;0;0;0;0;0;0;0;0;2;0;0;0;0
14/02/2022;05:43:00;6;com vitima;462,1;BR-116/RS;Decrescente;Atropelamento de animal;1;0;0;0;0;0;0;0;0;0;0;0;1;0;0
16/02/2022;01:13:00;3;com vitima;87,7;BR-392/RS;Crescente;Saida de Pista;0;0;0;0;0;1;0;0;0;0;0;1;0;0;0
20/02/2022;03:44:00;5;com vitima;523,6;BR-116/RS;Decrescente;Capotamento;1;0;0;0;0;0;0;0;0;0;0;1;0;0;0
20/02/2022;17:26:00;52;com vitima;36,4;BR-392/RS;Crescente;Saida de Pista;1;0;0;0;0;0;0;0;0;0;2;0;2;0;0
24/02/2022;07:30:00;18;com vitima;20,1;BR-392/RS;Decrescente;Colisao lateral no mesmo sentido;0;0;1;1;0;0;0;0;0;0;1;0;0;1;0
25/02/2022;07:06:00;13;com vitima;73,4;BR-392/RS;Crescente;Colisao Traseira;0;0;1;1;0;0;0;0;0;0;1;1;0;0;0
25/02/2022;21:53:00;95;com vitima;436,9;BR-116/RS;Decrescente;Saida de Pista;1;0;0;0;0;0;0;0;0;0;1;1;0;0;0
26/02/2022;02:19:00;6;sem vitima;18,4;BR-392/RS;Crescente;Atropelamento de animal;1;0;0;0;0;0;0;0;0;0;1;0;0;0;0
26/02/2022;14:40:00;56;com vitima;37,7;BR-392/RS;Decrescente;Saida de Pista;1;0;0;0;0;0;0;0;0;0;0;2;0;0;0
01/03/2022;09:56:00;16;com vitima;28,1;BR-392/RS;Crescente;Colisao Traseira;1;0;0;0;0;0;0;0;0;0;2;1;0;0;0
05/03/2022;11:55:00;17;com vitima;636;BR-116/RS;Crescente;Saida de Pista;0;0;0;1;0;0;0;0;0;0;0;1;0;0;0
06/03/2022;04:08:00;6;com vitima;2,6;BR-392/RS;Crescente;Colisao Traseira;1;0;0;0;0;1;0;0;0;0;1;2;0;0;0
06/03/2022;06:04:00;11;sem vitima;655,2;BR-116/RS;Crescente;Colisao Frontal;2;0;0;0;0;0;0;0;0;0;2;0;0;0;0
06/03/2022;20:17:00;50;com vitima;479,9;BR-116/RS;Decrescente;Saida de Pista;0;0;0;0;0;1;0;0;0;0;0;0;1;0;0
07/03/2022;17:33:00;56;com vitima;408,4;BR-116/RS;Crescente;Colisao Frontal;2;0;0;0;0;0;0;0;0;0;0;0;0;5;1
10/03/2022;05:44:00;8;com vitima;614,3;BR-116/RS;Crescente;Colisao Traseira;0;0;0;1;1;0;0;0;0;0;9;1;0;0;0
10/03/2022;07:46:00;11;com vitima;452,2;BR-116/RS;Decrescente;Colisao Traseira;1;0;0;0;0;1;0;0;0;0;0;1;0;1;0
10/03/2022;23:18:00;69;sem vitima;87;BR-392/RS;Decrescente;Saida de Pista;0;0;0;0;0;1;0;0;0;0;1;0;0;0;0
11/03/2022;15:59:00;38;com vitima;90,45;BR-392/RS;Crescente;Saida de Pista;0;0;0;1;0;0;0;0;0;0;0;0;1;0;0
13/03/2022;07:59:00;14;com vitima;524,8;BR-116/RS;Decrescente;Colisao lateral no mesmo sentido;0;0;0;1;0;1;0;0;0;0;1;0;1;0;0
13/03/2022;13:19:00;29;com vitima;118,5;BR-392/RS;Decrescente;Saida de Pista;1;0;0;0;0;0;0;0;0;0;0;2;0;0;0
13/03/2022;16:13:00;37;sem vitima;520,6;BR-116/RS;Crescente;Saida de Pista;1;0;0;0;0;0;0;0;0;0;2;0;0;0;0
14/03/2022;03:12:00;4;com vitima;438,7;BR-116/RS;Decrescente;Saida de Pista;1;0;0;0;0;0;0;0;0;0;0;1;0;0;0
14/03/2022;07:20:00;10;com vitima;526;BR-116/RS;Decrescente;Colisao transversal;0;0;1;1;0;0;0;0;0;0;1;0;1;0;0
15/03/2022;07:34:00;12;com vitima;99,4;BR-392/RS;Crescente;Colisao lateral em sentido contrario;1;0;0;1;0;0;0;0;0;0;2;0;1;0;0
17/03/2022;16:28:00;53;com vitima;526;BR-116/RS;Crescente;Colisao transversal;0;0;0;1;0;0;0;0;0;1;2;0;1;0;0
18/03/2022;03:32:00;6;com vitima;36;BR-392/RS;Decrescente;Saida de Pista;1;0;0;0;0;0;0;0;0;0;0;0;1;1;2
18/03/2022;17:39:00;61;com vitima;12,8;BR-392/RS;Crescente;Colisao lateral no mesmo sentido;0;0;0;1;0;1;0;0;0;0;1;0;1;0;0
21/03/2022;20:07:00;64;com vitima;488;BR-116/RS;Decrescente;Queda de moto;0;0;0;1;0;0;0;0;0;0;0;0;1;0;0
21/03/2022;22:50:00;75;com vitima;430;BR-116/RS;Crescente;Colisao lateral em sentido contrario;0;0;0;0;0;2;0;0;0;0;1;1;0;0;0
22/03/2022;07:48:00;7;com vitima;427,9;BR-116/RS;Crescente;Saida de Pista;0;0;0;0;0;1;0;0;0;0;0;1;0;0;0
23/03/2022;04:09:00;3;com vitima;462,1;BR-116/RS;Crescente;Capotamento;1;0;0;0;0;0;0;0;0;0;0;1;0;0;0
23/03/2022;15:07:00;41;com vitima;18,2;BR-392/RS;Crescente;Colisao lateral no mesmo sentido;0;0;1;1;0;0;0;0;0;0;3;0;0;1;1
26/03/2022;02:13:00;5;sem vitima;510;BR-116/RS;Crescente;Saida de Pista;1;0;0;0;0;0;0;0;0;0;1;0;0;0;0
27/03/2022;17:11:00;67;sem vitima;45,8;BR-392/RS;Crescente;Queda de moto;0;0;0;1;0;0;0;0;0;0;2;0;0;0;0
27/03/2022;19:17:00;73;com vitima;72,2;BR-392/RS;Crescente;Colisao transversal;1;0;0;0;0;0;0;0;0;0;0;2;0;0;0
29/03/2022;18:57:00;81;com vitima;614,4;BR-116/RS;Crescente;Atropelamento de pedestre;0;0;0;1;0;0;0;0;0;0;0;1;0;1;0
31/03/2022;05:22:00;4;sem vitima;524,3;BR-116/RS;Crescente;Colisao transversal;1;0;0;0;0;1;0;0;0;0;2;0;0;0;0
31/03/2022;07:22:00;7;com vitima;517,8;BR-116/RS;Crescente;Colisao Traseira;1;0;0;0;0;1;0;0;0;0;1;1;2;0;0
31/03/2022;19:59:00;59;com vitima;468;BR-116/RS;Crescente;Atropelamento de animal;1;0;0;0;0;0;0;0;0;0;2;2;1;0;0
01/04/2022;14:07:00;35;com vitima;524,8;BR-116/RS;Crescente;Choque;1;0;0;0;0;0;0;0;0;0;0;1;0;0;0
02/04/2022;00:04:00;1;com vitima;447;BR-116/RS;Crescente;Saida de Pista;0;0;1;0;0;0;0;0;0;0;0;1;0;0;0
02/04/2022;13:30:00;40;com vitima;525;BR-116/RS;Decrescente;Acidentes de outra natureza;1;1;0;0;0;0;0;0;0;0;1;0;1;0;0
04/04/2022;13:44:00;38;sem vitima;132;BR-392/RS;Crescente;Saida de Pista;0;0;0;0;0;1;0;0;0;0;1;0;0;0;0
06/04/2022;16:56:00;70;com vitima;125;BR-392/RS;Decrescente;Colisao transversal;1;0;0;1;0;0;0;0;0;0;2;1;0;0;0
06/04/2022;20:09:00;79;com vitima;620,4;BR-116/RS;Crescente;Colisao Traseira;0;0;1;0;0;0;0;0;0;1;0;8;0;0;0
06/04/2022;21:14:00;84;sem vitima;109;BR-392/RS;Crescente;Colisao transversal;2;0;0;0;0;0;0;0;0;0;2;0;0;0;0
07/04/2022;12:29:00;40;com vitima;403,3;BR-116/RS;Crescente;Atropelamento de animal;1;0;0;0;0;1;0;0;0;0;1;0;0;1;0
10/04/2022;07:56:00;10;com vitima;12,5;BR-392/RS;Crescente;Saida de Pista;1;0;0;0;0;0;0;0;0;0;1;1;0;0;0
10/04/2022;17:24:00;40;com vitima;62;BR-392/RS;Decrescente;Saida de Pista;0;0;0;1;0;0;0;0;0;0;0;0;1;0;0
13/04/2022;06:55:00;14;com vitima;125,4;BR-392/RS;Crescente;Saida de Pista;1;0;0;0;0;0;0;0;0;0;0;0;0;0;1
13/04/2022;14:51:00;47;com vitima;121;BR-392/RS;Crescente;Colisao lateral em sentido contrario;1;0;0;0;0;1;0;0;0;0;1;0;1;0;0
16/04/2022;00:52:00;1;sem vitima;516,8;BR-116/RS;Decrescente;Choque;1;0;0;0;0;0;0;0;0;0;1;0;0;0;0
19/04/2022;18:51:00;52;com vitima;530,8;BR-116/RS;Decrescente;Atropelamento de pedestre;0;0;0;1;0;0;0;0;0;0;1;1;0;0;0
22/04/2022;18:29:00;63;com vitima;122,2;BR-392/RS;Decrescente;Colisao transversal;2;0;0;0;0;0;0;0;0;0;0;6;1;0;0
22/04/2022;18:33:00;64;com vitima;19,4;BR-392/RS;Decrescente;Colisao transversal;1;0;0;0;0;1;0;0;0;0;0;2;1;0;0
22/04/2022;23:18:00;84;sem vitima;519,1;BR-116/RS;Crescente;Saida de Pista;1;0;0;0;0;0;0;0;0;0;1;0;0;0;0
24/04/2022;11:23:00;22;sem vitima;28,2;BR-392/RS;Decrescente;Colisao Traseira;2;0;0;0;0;0;0;0;0;0;3;0;0;0;0
24/04/2022;18:57:00;50;com vitima;27,7;BR-392/RS;Crescente;Atropelamento de pedestre;0;0;0;1;0;0;0;0;0;0;0;1;0;1;0
25/04/2022;16:08:00;52;com vitima;518,8;BR-116/RS;Decrescente;Choque;1;0;0;0;0;0;0;0;0;0;0;0;1;0;0
25/04/2022;17:58:00;60;com vitima;90,3;BR-392/RS;Crescente;Saida de Pista;1;0;0;0;0;0;0;0;0;0;0;0;0;0;2
26/04/2022;08:19:00;12;com vitima;430,8;BR-116/RS;Crescente;Colisao lateral no mesmo sentido;0;0;0;1;1;0;0;0;0;0;1;0;1;0;0
28/04/2022;21:52:00;56;com vitima;68,4;BR-392/RS;Decrescente;Colisao Traseira;2;0;0;0;0;0;0;0;0;0;0;0;2;0;0
30/04/2022;14:15:00;40;com vitima;427;BR-116/RS;Crescente;Colisao transversal;1;0;0;1;0;0;0;0;0;0;1;0;1;0;0
01/05/2022;01:51:00;3;com vitima;573,9;BR-116/RS;Decrescente;Atropelamento de animal;1;0;0;0;0;0;0;0;0;0;1;0;1;0;0
01/05/2022;19:05:00;53;com vitima;19,5;BR-392/RS;Decrescente;Atropelamento de pedestre;1;0;0;0;0;0;0;0;0;0;5;0;0;0;1
05/05/2022;16:23:00;40;com vitima;4,8;BR-392/RS;Crescente;Atropelamento de animal;1;1;0;0;0;0;0;0;0;0;1;1;0;0;0
06/05/2022;15:43:00;47;com vitima;400,6;BR-116/RS;Decrescente;Tombamento;0;0;0;0;0;1;0;0;0;0;0;1;0;0;0
06/05/2022;22:40:00;77;com vitima;113,5;BR-392/RS;Decrescente;Saida de Pista;1;0;0;0;0;0;0;0;0;0;0;0;1;0;0
07/05/2022;09:31:00;21;com vitima;530,1;BR-116/RS;Decrescente;Colisao transversal;1;0;0;1;0;0;0;0;0;0;1;1;0;0;0
07/05/2022;19:32:00;52;com vitima;7,9;BR-392/RS;Crescente;Colisao transversal;2;0;0;0;0;0;0;0;0;0;1;1;0;0;0
08/05/2022;17:44:00;52;sem vitima;38,6;BR-392/RS;Crescente;Atropelamento de animal;0;0;0;1;0;0;0;0;0;0;1;0;0;0;0
09/05/2022;17:44:00;54;com vitima;533;BR-116/RS;Crescente;Colisao Traseira;1;0;0;1;0;0;0;0;0;0;2;0;1;0;0
09/05/2022;21:49:00;70;com vitima;72,3;BR-392/RS;Decrescente;Colisao transversal;1;0;0;0;0;1;0;0;0;0;1;0;2;0;0
10/05/2022;16:57:00;48;com vitima;516,1;BR-116/RS;Crescente;Queda de moto;0;0;0;1;0;0;0;0;0;0;0;0;2;0;0
10/05/2022;19:23:00;52;com vitima;525,9;BR-116/RS;Decrescente;Colisao transversal;0;1;0;0;0;1;0;0;0;0;1;0;1;0;0
12/05/2022;15:43:00;42;com vitima;67;BR-392/RS;Crescente;Colisao transversal;1;0;0;1;0;0;0;0;0;0;1;0;2;0;0
12/05/2022;19:01:00;55;com vitima;522;BR-116/RS;Decrescente;Colisao Frontal;0;1;0;0;0;0;0;0;0;0;0;0;2;0;0
13/05/2022;06:23:00;12;sem vitima;61;BR-392/RS;Decrescente;Atropelamento de animal;0;0;0;1;0;0;0;0;0;0;1;0;0;0;0
13/05/2022;07:32:00;13;com vitima;11,9;BR-392/RS;Decrescente;Engavetamento;2;0;0;2;0;0;0;0;0;0;2;0;2;0;0
13/05/2022;07:59:00;14;com vitima;517;BR-116/RS;Crescente;Colisao transversal;1;0;0;1;0;0;0;0;0;0;1;1;0;0;0
13/05/2022;08:04:00;16;com vitima;465;BR-116/RS;Crescente;Colisao Traseira;1;0;0;1;0;0;0;0;0;0;1;0;1;0;0
13/05/2022;08:04:00;17;com vitima;529,3;BR-116/RS;Crescente;Queda de moto;0;0;0;1;0;0;0;0;0;0;0;0;1;0;0
15/05/2022;18:45:00;56;com vitima;473,5;BR-116/RS;Crescente;Atropelamento de animal;2;0;1;0;0;0;0;0;0;0;2;0;1;0;0
18/05/2022;18:42:00;56;sem vitima;530,8;BR-116/RS;Decrescente;Colisao transversal;2;0;0;0;0;0;0;0;0;0;2;0;0;0;0
20/05/2022;10:55:00;38;com vitima;120,7;BR-392/RS;Decrescente;Colisao transversal;1;0;1;0;0;0;0;0;0;0;3;1;0;0;0
20/05/2022;14:08:00;49;com vitima;489;BR-116/RS;Decrescente;Saida de Pista;0;0;1;0;0;0;0;0;0;0;0;0;1;0;0
20/05/2022;18:34:00;70;com vitima;7,2;BR-392/RS;Decrescente;Colisao transversal;0;0;0;1;0;1;0;0;0;0;1;0;0;0;1
21/05/2022;05:52:00;9;sem vitima;34;BR-392/RS;Crescente;Choque;1;0;0;0;0;0;0;0;0;0;2;0;0;0;0
21/05/2022;06:15:00;10;sem vitima;120;BR-392/RS;Decrescente;Colisao transversal;1;0;0;0;0;0;0;0;0;0;2;0;0;0;0
22/05/2022;00:48:00;1;sem vitima;118;BR-392/RS;Crescente;Saida de Pista;1;0;0;0;0;0;0;0;0;0;2;0;0;0;0
23/05/2022;07:32:00;17;com vitima;154,5;BR-392/RS;Crescente;Saida de Pista;1;0;0;0;0;0;0;0;0;0;0;0;1;0;0
24/05/2022;07:51:00;8;com vitima;4,8;BR-392/RS;Decrescente;Colisao Traseira;1;0;0;1;0;0;0;0;0;0;1;1;0;0;0
24/05/2022;09:16:00;18;com vitima;8,9;BR-392/RS;Decrescente;Queda de moto;0;0;0;1;0;0;0;0;0;0;0;1;0;0;0
25/05/2022;01:08:00;3;com vitima;514,7;BR-116/RS;Crescente;Saida de Pista;1;0;0;0;0;0;0;0;0;0;0;0;1;0;0
25/05/2022;09:02:00;23;com vitima;3;BR-392/RS;Crescente;Queda de moto;0;0;0;1;0;0;0;0;0;0;1;1;0;0;0
25/05/2022;20:04:00;77;com vitima;154,3;BR-392/RS;Crescente;Capotamento;1;0;0;0;0;0;0;0;0;0;1;2;0;0;0
25/05/2022;20:18:00;78;com vitima;154,4;BR-392/RS;Crescente;Colisao transversal;0;0;0;0;0;3;0;0;0;0;2;0;0;1;0
25/05/2022;20:22:00;79;com vitima;67;BR-392/RS;Crescente;Colisao transversal;1;0;0;1;0;0;0;0;0;0;1;1;0;0;0
25/05/2022;22:53:00;82;sem vitima;113,6;BR-392/RS;Decrescente;Queda de moto;0;0;0;1;0;0;0;0;0;0;1;0;0;0;0
28/05/2022;20:48:00;55;sem vitima;640,5;BR-116/RS;Crescente;Saida de Pista;1;0;0;0;0;0;0;0;0;0;1;0;0;0;0
29/05/2022;03:08:00;3;sem vitima;417,8;BR-116/RS;Decrescente;Saida de Pista;1;0;0;0;0;0;0;0;0;0;1;0;0;0;0
30/05/2022;07:09:00;9;com vitima;465;BR-116/RS;Crescente;Colisao transversal;1;0;0;0;0;0;0;0;0;0;3;1;0;0;0
31/05/2022;12:55:00;40;com vitima;67;BR-392/RS;Decrescente;Colisao transversal;0;0;0;1;0;1;0;0;0;0;1;1;0;0;0
02/06/2022;12:33:00;53;com vitima;583;BR-116/RS;Decrescente;Saida de Pista;0;0;0;0;0;1;0;0;0;0;0;0;1;0;0
03/06/2022;06:46:00;8;com vitima;519;BR-116/RS;Decrescente;Queda de moto;0;0;0;1;0;0;0;0;0;0;0;0;1;0;0
05/06/2022;07:58:00;10;com vitima;452,5;BR-116/RS;Decrescente;Saida de Pista;1;0;0;0;0;0;0;0;0;0;0;0;1;0;0
05/06/2022;18:37:00;50;com vitima;40;BR-392/RS;Crescente;Colisao Traseira;2;0;0;0;0;0;0;0;0;0;2;0;1;0;0
05/06/2022;22:10:00;60;com vitima;656,1;BR-116/RS;Decrescente;Colisao transversal;2;0;0;0;0;0;0;0;0;0;1;3;0;0;0
06/06/2022;22:26:00;60;sem vitima;88,3;BR-392/RS;Crescente;Saida de Pista;1;0;0;0;0;0;0;0;0;0;2;0;0;0;0
08/06/2022;07:14:00;4;com vitima;521;BR-116/RS;Decrescente;Colisao transversal;1;1;0;0;0;0;0;0;0;0;1;1;0;0;0
10/06/2022;14:00:00;36;com vitima;563;BR-116/RS;Decrescente;Colisao transversal;1;0;1;0;0;0;0;0;0;0;2;0;1;0;0
11/06/2022;15:16:00;38;com vitima;115;BR-392/RS;Decrescente;Saida de Pista;0;0;0;1;0;0;0;0;0;0;0;0;0;0;1
11/06/2022;21:24:00;59;com vitima;58,7;BR-392/RS;Decrescente;Saida de Pista;0;0;0;0;0;1;0;0;0;0;0;1;0;0;0
12/06/2022;19:21:00;39;com vitima;102;BR-392/RS;Crescente;Saida de Pista;0;0;0;0;0;1;0;0;0;0;0;1;0;0;0
14/06/2022;23:37:00;88;sem vitima;510;BR-116/RS;Decrescente;Colisao lateral no mesmo sentido;0;0;0;1;0;1;0;0;0;0;3;0;0;0;0
15/06/2022;07:32:00;9;com vitima;528,5;BR-116/RS;Decrescente;Colisao transversal;0;0;1;1;0;0;0;0;0;0;1;0;0;1;0
15/06/2022;13:17:00;44;com vitima;476;BR-116/RS;Decrescente;Colisao Frontal;1;0;0;0;0;1;0;0;0;0;1;0;0;1;0
15/06/2022;17:45:00;60;sem vitima;492,3;BR-116/RS;Crescente;Colisao lateral no mesmo sentido;1;0;0;0;1;0;0;0;0;0;2;0;0;0;0
17/06/2022;04:17:00;7;sem vitima;78,8;BR-392/RS;Crescente;Saida de Pista;1;0;0;0;0;0;0;0;0;0;1;0;0;0;0
17/06/2022;06:49:00;11;com vitima;525;BR-116/RS;Decrescente;Colisao Traseira;1;0;0;1;0;0;0;0;0;0;1;1;0;0;0
18/06/2022;09:49:00;30;sem vitima;524;BR-116/RS;Decrescente;Colisao lateral no mesmo sentido;1;0;0;0;0;1;0;0;0;0;3;0;0;0;0
19/06/2022;07:20:00;8;sem vitima;531,9;BR-116/RS;Crescente;Saida de Pista;1;0;0;0;0;0;0;0;0;0;1;0;0;0;0
20/06/2022;15:06:00;49;com vitima;514,1;BR-116/RS;Decrescente;Queda de moto;0;0;0;1;0;0;0;0;0;0;0;1;0;0;0
01/11/2021;04:43:00;18;sem vitima;9,5;BR-364/MG;Crescente;Capotamento;1;0;0;0;0;0;0;0;0;0;2;0;0;0;0